"Step","B2-NoAugmentation_run - train_loss_step","B2-NoAugmentation_run - train_loss_step__MIN","B2-NoAugmentation_run - train_loss_step__MAX","B2-MaxPool_run - train_loss_step","B2-MaxPool_run - train_loss_step__MIN","B2-MaxPool_run - train_loss_step__MAX","B2-LowLR_run - train_loss_step","B2-LowLR_run - train_loss_step__MIN","B2-LowLR_run - train_loss_step__MAX","B2-HighLR_run - train_loss_step","B2-HighLR_run - train_loss_step__MIN","B2-HighLR_run - train_loss_step__MAX","B2-No-BatchNorm_run - train_loss_step","B2-No-BatchNorm_run - train_loss_step__MIN","B2-No-BatchNorm_run - train_loss_step__MAX","B2-No-DropConnect_run - train_loss_step","B2-No-DropConnect_run - train_loss_step__MIN","B2-No-DropConnect_run - train_loss_step__MAX","B2-No-Swish_run - train_loss_step","B2-No-Swish_run - train_loss_step__MIN","B2-No-Swish_run - train_loss_step__MAX","B2-No-SE_run - train_loss_step","B2-No-SE_run - train_loss_step__MIN","B2-No-SE_run - train_loss_step__MAX","EfficientNet-B2_run - train_loss_step","EfficientNet-B2_run - train_loss_step__MIN","EfficientNet-B2_run - train_loss_step__MAX","EfficientNet-B1_run - train_loss_step","EfficientNet-B1_run - train_loss_step__MIN","EfficientNet-B1_run - train_loss_step__MAX","EfficientNet-B0_run - train_loss_step","EfficientNet-B0_run - train_loss_step__MIN","EfficientNet-B0_run - train_loss_step__MAX"
"10","3.7674560546875","3.7674560546875","3.7674560546875","4.961822509765625","4.961822509765625","4.961822509765625","3.649658203125","3.649658203125","3.649658203125","3.755767822265625","3.755767822265625","3.755767822265625","3.7357177734375","3.7357177734375","3.7357177734375","3.71923828125","3.71923828125","3.71923828125","3.723724365234375","3.723724365234375","3.723724365234375","3.7145233154296875","3.7145233154296875","3.7145233154296875","3.694610595703125","3.694610595703125","3.694610595703125","3.6484451293945312","3.6484451293945312","3.6484451293945312","3.6435089111328125","3.6435089111328125","3.6435089111328125"
"20","3.6624755859375","3.6624755859375","3.6624755859375","4.477386474609375","4.477386474609375","4.477386474609375","3.649688720703125","3.649688720703125","3.649688720703125","3.909576416015625","3.909576416015625","3.909576416015625","3.810150146484375","3.810150146484375","3.810150146484375","3.8052978515625","3.8052978515625","3.8052978515625","3.793548583984375","3.793548583984375","3.793548583984375","3.67681884765625","3.67681884765625","3.67681884765625","3.719207763671875","3.719207763671875","3.719207763671875","3.5241775512695312","3.5241775512695312","3.5241775512695312","3.586944580078125","3.586944580078125","3.586944580078125"
"30","3.526336669921875","3.526336669921875","3.526336669921875","3.8834228515625","3.8834228515625","3.8834228515625","3.57647705078125","3.57647705078125","3.57647705078125","3.69921875","3.69921875","3.69921875","3.66082763671875","3.66082763671875","3.66082763671875","3.606842041015625","3.606842041015625","3.606842041015625","3.670654296875","3.670654296875","3.670654296875","3.7557373046875","3.7557373046875","3.7557373046875","3.67144775390625","3.67144775390625","3.67144775390625","3.5830841064453125","3.5830841064453125","3.5830841064453125","3.479034423828125","3.479034423828125","3.479034423828125"
"40","3.522491455078125","3.522491455078125","3.522491455078125","3.6475830078125","3.6475830078125","3.6475830078125","3.581268310546875","3.581268310546875","3.581268310546875","3.693878173828125","3.693878173828125","3.693878173828125","3.5486297607421875","3.5486297607421875","3.5486297607421875","3.481719970703125","3.481719970703125","3.481719970703125","3.65472412109375","3.65472412109375","3.65472412109375","3.75811767578125","3.75811767578125","3.75811767578125","3.579193115234375","3.579193115234375","3.579193115234375","3.5094757080078125","3.5094757080078125","3.5094757080078125","3.5717010498046875","3.5717010498046875","3.5717010498046875"
"50","3.5465240478515625","3.5465240478515625","3.5465240478515625","3.95233154296875","3.95233154296875","3.95233154296875","3.617431640625","3.617431640625","3.617431640625","3.7386474609375","3.7386474609375","3.7386474609375","3.685516357421875","3.685516357421875","3.685516357421875","3.441375732421875","3.441375732421875","3.441375732421875","3.510894775390625","3.510894775390625","3.510894775390625","3.6181182861328125","3.6181182861328125","3.6181182861328125","3.5321807861328125","3.5321807861328125","3.5321807861328125","3.4639511108398438","3.4639511108398438","3.4639511108398438","3.466339111328125","3.466339111328125","3.466339111328125"
"60","3.69622802734375","3.69622802734375","3.69622802734375","3.89666748046875","3.89666748046875","3.89666748046875","3.66180419921875","3.66180419921875","3.66180419921875","3.597900390625","3.597900390625","3.597900390625","3.5180206298828125","3.5180206298828125","3.5180206298828125","3.5484619140625","3.5484619140625","3.5484619140625","3.6338958740234375","3.6338958740234375","3.6338958740234375","3.6502685546875","3.6502685546875","3.6502685546875","3.69970703125","3.69970703125","3.69970703125","3.5735626220703125","3.5735626220703125","3.5735626220703125","3.4708709716796875","3.4708709716796875","3.4708709716796875"
"70","3.482391357421875","3.482391357421875","3.482391357421875","3.581268310546875","3.581268310546875","3.581268310546875","3.57891845703125","3.57891845703125","3.57891845703125","3.626312255859375","3.626312255859375","3.626312255859375","3.5941162109375","3.5941162109375","3.5941162109375","3.5225677490234375","3.5225677490234375","3.5225677490234375","3.606353759765625","3.606353759765625","3.606353759765625","3.561798095703125","3.561798095703125","3.561798095703125","3.6258544921875","3.6258544921875","3.6258544921875","3.5058212280273438","3.5058212280273438","3.5058212280273438","3.449127197265625","3.449127197265625","3.449127197265625"
"80","3.3777008056640625","3.3777008056640625","3.3777008056640625","3.94110107421875","3.94110107421875","3.94110107421875","3.587432861328125","3.587432861328125","3.587432861328125","3.742523193359375","3.742523193359375","3.742523193359375","3.565032958984375","3.565032958984375","3.565032958984375","3.580291748046875","3.580291748046875","3.580291748046875","3.55999755859375","3.55999755859375","3.55999755859375","3.534332275390625","3.534332275390625","3.534332275390625","3.59881591796875","3.59881591796875","3.59881591796875","3.38140869140625","3.38140869140625","3.38140869140625","3.310985565185547","3.310985565185547","3.310985565185547"
"90","3.554656982421875","3.554656982421875","3.554656982421875","3.742034912109375","3.742034912109375","3.742034912109375","3.6307373046875","3.6307373046875","3.6307373046875","3.654388427734375","3.654388427734375","3.654388427734375","3.590972900390625","3.590972900390625","3.590972900390625","3.6231689453125","3.6231689453125","3.6231689453125","3.605743408203125","3.605743408203125","3.605743408203125","3.6387939453125","3.6387939453125","3.6387939453125","3.604156494140625","3.604156494140625","3.604156494140625","3.38812255859375","3.38812255859375","3.38812255859375","3.3328094482421875","3.3328094482421875","3.3328094482421875"
"100","3.4349517822265625","3.4349517822265625","3.4349517822265625","3.4957275390625","3.4957275390625","3.4957275390625","3.541015625","3.541015625","3.541015625","3.6163482666015625","3.6163482666015625","3.6163482666015625","3.531463623046875","3.531463623046875","3.531463623046875","3.422698974609375","3.422698974609375","3.422698974609375","3.5194091796875","3.5194091796875","3.5194091796875","3.460418701171875","3.460418701171875","3.460418701171875","3.51470947265625","3.51470947265625","3.51470947265625","3.5695953369140625","3.5695953369140625","3.5695953369140625","3.2908477783203125","3.2908477783203125","3.2908477783203125"
"110","3.2973785400390625","3.2973785400390625","3.2973785400390625","3.7523193359375","3.7523193359375","3.7523193359375","3.635040283203125","3.635040283203125","3.635040283203125","3.5995635986328125","3.5995635986328125","3.5995635986328125","3.57568359375","3.57568359375","3.57568359375","3.379486083984375","3.379486083984375","3.379486083984375","3.5688323974609375","3.5688323974609375","3.5688323974609375","3.47735595703125","3.47735595703125","3.47735595703125","3.466400146484375","3.466400146484375","3.466400146484375","3.3575973510742188","3.3575973510742188","3.3575973510742188","3.3328933715820312","3.3328933715820312","3.3328933715820312"
"120","3.4622802734375","3.4622802734375","3.4622802734375","4.250640869140625","4.250640869140625","4.250640869140625","3.621856689453125","3.621856689453125","3.621856689453125","3.63995361328125","3.63995361328125","3.63995361328125","3.449127197265625","3.449127197265625","3.449127197265625","3.4656982421875","3.4656982421875","3.4656982421875","3.422607421875","3.422607421875","3.422607421875","3.481903076171875","3.481903076171875","3.481903076171875","3.66705322265625","3.66705322265625","3.66705322265625","3.2928619384765625","3.2928619384765625","3.2928619384765625","3.36566162109375","3.36566162109375","3.36566162109375"
"130","3.2504425048828125","3.2504425048828125","3.2504425048828125","3.5494384765625","3.5494384765625","3.5494384765625","3.61273193359375","3.61273193359375","3.61273193359375","3.630279541015625","3.630279541015625","3.630279541015625","3.563873291015625","3.563873291015625","3.563873291015625","3.320068359375","3.320068359375","3.320068359375","3.43353271484375","3.43353271484375","3.43353271484375","3.402923583984375","3.402923583984375","3.402923583984375","3.3831024169921875","3.3831024169921875","3.3831024169921875","3.2530593872070312","3.2530593872070312","3.2530593872070312","3.24468994140625","3.24468994140625","3.24468994140625"
"140","3.2274169921875","3.2274169921875","3.2274169921875","3.72662353515625","3.72662353515625","3.72662353515625","3.5906982421875","3.5906982421875","3.5906982421875","3.589508056640625","3.589508056640625","3.589508056640625","3.4542083740234375","3.4542083740234375","3.4542083740234375","3.3719482421875","3.3719482421875","3.3719482421875","3.57379150390625","3.57379150390625","3.57379150390625","3.4257965087890625","3.4257965087890625","3.4257965087890625","3.54852294921875","3.54852294921875","3.54852294921875","3.235870361328125","3.235870361328125","3.235870361328125","3.1537132263183594","3.1537132263183594","3.1537132263183594"
"150","3.2313385009765625","3.2313385009765625","3.2313385009765625","4.070770263671875","4.070770263671875","4.070770263671875","3.565673828125","3.565673828125","3.565673828125","3.671295166015625","3.671295166015625","3.671295166015625","3.46624755859375","3.46624755859375","3.46624755859375","3.4690399169921875","3.4690399169921875","3.4690399169921875","3.5268707275390625","3.5268707275390625","3.5268707275390625","3.436309814453125","3.436309814453125","3.436309814453125","3.4132232666015625","3.4132232666015625","3.4132232666015625","3.082324981689453","3.082324981689453","3.082324981689453","3.0744094848632812","3.0744094848632812","3.0744094848632812"
"160","3.471405029296875","3.471405029296875","3.471405029296875","3.556793212890625","3.556793212890625","3.556793212890625","3.6402587890625","3.6402587890625","3.6402587890625","3.617584228515625","3.617584228515625","3.617584228515625","3.3832244873046875","3.3832244873046875","3.3832244873046875","3.32012939453125","3.32012939453125","3.32012939453125","3.470001220703125","3.470001220703125","3.470001220703125","3.517333984375","3.517333984375","3.517333984375","3.61614990234375","3.61614990234375","3.61614990234375","3.27935791015625","3.27935791015625","3.27935791015625","3.218170166015625","3.218170166015625","3.218170166015625"
"170","3.3642578125","3.3642578125","3.3642578125","3.607696533203125","3.607696533203125","3.607696533203125","3.58807373046875","3.58807373046875","3.58807373046875","3.57537841796875","3.57537841796875","3.57537841796875","3.4959259033203125","3.4959259033203125","3.4959259033203125","3.2555694580078125","3.2555694580078125","3.2555694580078125","3.522064208984375","3.522064208984375","3.522064208984375","3.3926239013671875","3.3926239013671875","3.3926239013671875","3.427093505859375","3.427093505859375","3.427093505859375","3.211029052734375","3.211029052734375","3.211029052734375","2.997821807861328","2.997821807861328","2.997821807861328"
"180","3.159759521484375","3.159759521484375","3.159759521484375","3.747802734375","3.747802734375","3.747802734375","3.5408935546875","3.5408935546875","3.5408935546875","3.577117919921875","3.577117919921875","3.577117919921875","3.5466766357421875","3.5466766357421875","3.5466766357421875","3.4318084716796875","3.4318084716796875","3.4318084716796875","3.41766357421875","3.41766357421875","3.41766357421875","3.34857177734375","3.34857177734375","3.34857177734375","3.50439453125","3.50439453125","3.50439453125","3.2577896118164062","3.2577896118164062","3.2577896118164062","3.0035400390625","3.0035400390625","3.0035400390625"
"190","3.044189453125","3.044189453125","3.044189453125","3.558074951171875","3.558074951171875","3.558074951171875","3.562225341796875","3.562225341796875","3.562225341796875","3.602630615234375","3.602630615234375","3.602630615234375","3.4903106689453125","3.4903106689453125","3.4903106689453125","3.086700439453125","3.086700439453125","3.086700439453125","3.419097900390625","3.419097900390625","3.419097900390625","3.5573348999023438","3.5573348999023438","3.5573348999023438","3.3648452758789062","3.3648452758789062","3.3648452758789062","3.0223541259765625","3.0223541259765625","3.0223541259765625","2.9537429809570312","2.9537429809570312","2.9537429809570312"
"200","3.1395416259765625","3.1395416259765625","3.1395416259765625","3.498321533203125","3.498321533203125","3.498321533203125","3.6002197265625","3.6002197265625","3.6002197265625","3.688385009765625","3.688385009765625","3.688385009765625","3.469696044921875","3.469696044921875","3.469696044921875","3.432525634765625","3.432525634765625","3.432525634765625","3.400421142578125","3.400421142578125","3.400421142578125","3.483978271484375","3.483978271484375","3.483978271484375","3.3762054443359375","3.3762054443359375","3.3762054443359375","3.149078369140625","3.149078369140625","3.149078369140625","3.0931320190429688","3.0931320190429688","3.0931320190429688"
"210","3.2049102783203125","3.2049102783203125","3.2049102783203125","3.791595458984375","3.791595458984375","3.791595458984375","3.518890380859375","3.518890380859375","3.518890380859375","3.69207763671875","3.69207763671875","3.69207763671875","3.40936279296875","3.40936279296875","3.40936279296875","3.2970733642578125","3.2970733642578125","3.2970733642578125","3.4329833984375","3.4329833984375","3.4329833984375","3.3770904541015625","3.3770904541015625","3.3770904541015625","3.3765106201171875","3.3765106201171875","3.3765106201171875","3.0575790405273438","3.0575790405273438","3.0575790405273438","2.906839370727539","2.906839370727539","2.906839370727539"
"220","3.2826385498046875","3.2826385498046875","3.2826385498046875","3.860687255859375","3.860687255859375","3.860687255859375","3.540618896484375","3.540618896484375","3.540618896484375","3.51171875","3.51171875","3.51171875","3.5133209228515625","3.5133209228515625","3.5133209228515625","3.35662841796875","3.35662841796875","3.35662841796875","3.3762969970703125","3.3762969970703125","3.3762969970703125","3.3893280029296875","3.3893280029296875","3.3893280029296875","3.3687896728515625","3.3687896728515625","3.3687896728515625","3.1434669494628906","3.1434669494628906","3.1434669494628906","2.9076156616210938","2.9076156616210938","2.9076156616210938"
"230","3.1090240478515625","3.1090240478515625","3.1090240478515625","4.0721893310546875","4.0721893310546875","4.0721893310546875","3.55804443359375","3.55804443359375","3.55804443359375","3.5161285400390625","3.5161285400390625","3.5161285400390625","3.407073974609375","3.407073974609375","3.407073974609375","3.199493408203125","3.199493408203125","3.199493408203125","3.3850555419921875","3.3850555419921875","3.3850555419921875","3.492523193359375","3.492523193359375","3.492523193359375","3.29876708984375","3.29876708984375","3.29876708984375","3.1900482177734375","3.1900482177734375","3.1900482177734375","2.913311004638672","2.913311004638672","2.913311004638672"
"240","3.0238494873046875","3.0238494873046875","3.0238494873046875","3.667816162109375","3.667816162109375","3.667816162109375","3.482940673828125","3.482940673828125","3.482940673828125","3.6099853515625","3.6099853515625","3.6099853515625","3.2774658203125","3.2774658203125","3.2774658203125","3.4188690185546875","3.4188690185546875","3.4188690185546875","3.3880157470703125","3.3880157470703125","3.3880157470703125","3.20306396484375","3.20306396484375","3.20306396484375","3.3594970703125","3.3594970703125","3.3594970703125","3.0402603149414062","3.0402603149414062","3.0402603149414062","2.961467742919922","2.961467742919922","2.961467742919922"
"250","3.0581817626953125","3.0581817626953125","3.0581817626953125","3.833892822265625","3.833892822265625","3.833892822265625","3.44696044921875","3.44696044921875","3.44696044921875","3.6080322265625","3.6080322265625","3.6080322265625","3.32452392578125","3.32452392578125","3.32452392578125","3.1819534301757812","3.1819534301757812","3.1819534301757812","3.353973388671875","3.353973388671875","3.353973388671875","3.129852294921875","3.129852294921875","3.129852294921875","3.3409423828125","3.3409423828125","3.3409423828125","2.9722671508789062","2.9722671508789062","2.9722671508789062","2.944744110107422","2.944744110107422","2.944744110107422"
"260","3.2079010009765625","3.2079010009765625","3.2079010009765625","3.642730712890625","3.642730712890625","3.642730712890625","3.5855712890625","3.5855712890625","3.5855712890625","3.594970703125","3.594970703125","3.594970703125","3.304229736328125","3.304229736328125","3.304229736328125","3.18634033203125","3.18634033203125","3.18634033203125","3.4429931640625","3.4429931640625","3.4429931640625","3.2946929931640625","3.2946929931640625","3.2946929931640625","3.34893798828125","3.34893798828125","3.34893798828125","3.1171722412109375","3.1171722412109375","3.1171722412109375","2.8503036499023438","2.8503036499023438","2.8503036499023438"
"270","2.9321365356445312","2.9321365356445312","2.9321365356445312","3.386962890625","3.386962890625","3.386962890625","3.404388427734375","3.404388427734375","3.404388427734375","3.594146728515625","3.594146728515625","3.594146728515625","3.38458251953125","3.38458251953125","3.38458251953125","3.2339935302734375","3.2339935302734375","3.2339935302734375","3.38916015625","3.38916015625","3.38916015625","3.0841827392578125","3.0841827392578125","3.0841827392578125","3.2632904052734375","3.2632904052734375","3.2632904052734375","2.9852447509765625","2.9852447509765625","2.9852447509765625","2.9084815979003906","2.9084815979003906","2.9084815979003906"
"280","2.937652587890625","2.937652587890625","2.937652587890625","3.622100830078125","3.622100830078125","3.622100830078125","3.50445556640625","3.50445556640625","3.50445556640625","3.5182571411132812","3.5182571411132812","3.5182571411132812","3.315643310546875","3.315643310546875","3.315643310546875","3.105133056640625","3.105133056640625","3.105133056640625","3.27557373046875","3.27557373046875","3.27557373046875","3.3592987060546875","3.3592987060546875","3.3592987060546875","3.214385986328125","3.214385986328125","3.214385986328125","3.1653518676757812","3.1653518676757812","3.1653518676757812","2.7249069213867188","2.7249069213867188","2.7249069213867188"
"290","2.9448940753936768","2.9448940753936768","2.9448940753936768","3.637741804122925","3.637741804122925","3.637741804122925","3.5238094329833984","3.5238094329833984","3.5238094329833984","3.4609375","3.4609375","3.4609375","3.1390902996063232","3.1390902996063232","3.1390902996063232","3.3826730251312256","3.3826730251312256","3.3826730251312256","3.5931918621063232","3.5931918621063232","3.5931918621063232","3.1713168621063232","3.1713168621063232","3.1713168621063232","3.135509729385376","3.135509729385376","3.135509729385376","2.982433319091797","2.982433319091797","2.982433319091797","2.567379951477051","2.567379951477051","2.567379951477051"
"300","2.9949798583984375","2.9949798583984375","2.9949798583984375","3.3546104431152344","3.3546104431152344","3.3546104431152344","3.552581787109375","3.552581787109375","3.552581787109375","3.5208740234375","3.5208740234375","3.5208740234375","3.302978515625","3.302978515625","3.302978515625","3.2820205688476562","3.2820205688476562","3.2820205688476562","3.3580780029296875","3.3580780029296875","3.3580780029296875","3.25653076171875","3.25653076171875","3.25653076171875","3.3893661499023438","3.3893661499023438","3.3893661499023438","2.881317138671875","2.881317138671875","2.881317138671875","2.5786705017089844","2.5786705017089844","2.5786705017089844"
"310","2.986053466796875","2.986053466796875","2.986053466796875","3.748687744140625","3.748687744140625","3.748687744140625","3.53533935546875","3.53533935546875","3.53533935546875","3.593292236328125","3.593292236328125","3.593292236328125","3.235595703125","3.235595703125","3.235595703125","3.129892349243164","3.129892349243164","3.129892349243164","3.297454833984375","3.297454833984375","3.297454833984375","3.3993072509765625","3.3993072509765625","3.3993072509765625","3.340423583984375","3.340423583984375","3.340423583984375","2.866107940673828","2.866107940673828","2.866107940673828","2.4674530029296875","2.4674530029296875","2.4674530029296875"
"320","3.0234222412109375","3.0234222412109375","3.0234222412109375","3.74407958984375","3.74407958984375","3.74407958984375","3.5205841064453125","3.5205841064453125","3.5205841064453125","3.57501220703125","3.57501220703125","3.57501220703125","3.2285003662109375","3.2285003662109375","3.2285003662109375","3.1276702880859375","3.1276702880859375","3.1276702880859375","3.3048553466796875","3.3048553466796875","3.3048553466796875","2.9922714233398438","2.9922714233398438","2.9922714233398438","3.3645782470703125","3.3645782470703125","3.3645782470703125","2.8731651306152344","2.8731651306152344","2.8731651306152344","2.697111129760742","2.697111129760742","2.697111129760742"
"330","2.9102401733398438","2.9102401733398438","2.9102401733398438","3.42828369140625","3.42828369140625","3.42828369140625","3.5200958251953125","3.5200958251953125","3.5200958251953125","3.61419677734375","3.61419677734375","3.61419677734375","3.21173095703125","3.21173095703125","3.21173095703125","2.9746932983398438","2.9746932983398438","2.9746932983398438","3.404144287109375","3.404144287109375","3.404144287109375","3.1124420166015625","3.1124420166015625","3.1124420166015625","3.1859512329101562","3.1859512329101562","3.1859512329101562","2.911846160888672","2.911846160888672","2.911846160888672","2.5049362182617188","2.5049362182617188","2.5049362182617188"
"340","3.241424560546875","3.241424560546875","3.241424560546875","3.48895263671875","3.48895263671875","3.48895263671875","3.6060943603515625","3.6060943603515625","3.6060943603515625","3.5875091552734375","3.5875091552734375","3.5875091552734375","3.1321563720703125","3.1321563720703125","3.1321563720703125","3.0291748046875","3.0291748046875","3.0291748046875","3.1770172119140625","3.1770172119140625","3.1770172119140625","2.96307373046875","2.96307373046875","2.96307373046875","3.3795928955078125","3.3795928955078125","3.3795928955078125","2.837718963623047","2.837718963623047","2.837718963623047","2.539905548095703","2.539905548095703","2.539905548095703"
"350","2.693267822265625","2.693267822265625","2.693267822265625","3.688720703125","3.688720703125","3.688720703125","3.390533447265625","3.390533447265625","3.390533447265625","3.579559326171875","3.579559326171875","3.579559326171875","3.2218017578125","3.2218017578125","3.2218017578125","3.0831298828125","3.0831298828125","3.0831298828125","3.35882568359375","3.35882568359375","3.35882568359375","3.0890960693359375","3.0890960693359375","3.0890960693359375","3.0487213134765625","3.0487213134765625","3.0487213134765625","2.8609542846679688","2.8609542846679688","2.8609542846679688","2.602705955505371","2.602705955505371","2.602705955505371"
"360","2.7816162109375","2.7816162109375","2.7816162109375","3.42974853515625","3.42974853515625","3.42974853515625","3.4413909912109375","3.4413909912109375","3.4413909912109375","3.512664794921875","3.512664794921875","3.512664794921875","3.4026565551757812","3.4026565551757812","3.4026565551757812","3.0399627685546875","3.0399627685546875","3.0399627685546875","3.15545654296875","3.15545654296875","3.15545654296875","3.2037277221679688","3.2037277221679688","3.2037277221679688","3.21484375","3.21484375","3.21484375","2.7892074584960938","2.7892074584960938","2.7892074584960938","2.600290298461914","2.600290298461914","2.600290298461914"
"370","2.869964599609375","2.869964599609375","2.869964599609375","3.609588623046875","3.609588623046875","3.609588623046875","3.5242919921875","3.5242919921875","3.5242919921875","3.620391845703125","3.620391845703125","3.620391845703125","3.3410186767578125","3.3410186767578125","3.3410186767578125","2.7744293212890625","2.7744293212890625","2.7744293212890625","3.361907958984375","3.361907958984375","3.361907958984375","3.1899566650390625","3.1899566650390625","3.1899566650390625","3.0859222412109375","3.0859222412109375","3.0859222412109375","2.8673553466796875","2.8673553466796875","2.8673553466796875","2.5383100509643555","2.5383100509643555","2.5383100509643555"
"380","2.966827392578125","2.966827392578125","2.966827392578125","3.513397216796875","3.513397216796875","3.513397216796875","3.4769287109375","3.4769287109375","3.4769287109375","3.4889678955078125","3.4889678955078125","3.4889678955078125","3.1439208984375","3.1439208984375","3.1439208984375","2.9542007446289062","2.9542007446289062","2.9542007446289062","3.2147979736328125","3.2147979736328125","3.2147979736328125","3.2338714599609375","3.2338714599609375","3.2338714599609375","3.371063232421875","3.371063232421875","3.371063232421875","2.7414627075195312","2.7414627075195312","2.7414627075195312","2.090874671936035","2.090874671936035","2.090874671936035"
"390","2.8299636840820312","2.8299636840820312","2.8299636840820312","3.61322021484375","3.61322021484375","3.61322021484375","3.4906005859375","3.4906005859375","3.4906005859375","3.4020843505859375","3.4020843505859375","3.4020843505859375","3.107452392578125","3.107452392578125","3.107452392578125","3.1040115356445312","3.1040115356445312","3.1040115356445312","3.084869384765625","3.084869384765625","3.084869384765625","2.965789794921875","2.965789794921875","2.965789794921875","3.2602996826171875","3.2602996826171875","3.2602996826171875","2.7494544982910156","2.7494544982910156","2.7494544982910156","2.450075149536133","2.450075149536133","2.450075149536133"
"400","2.9528121948242188","2.9528121948242188","2.9528121948242188","3.745086669921875","3.745086669921875","3.745086669921875","3.493621826171875","3.493621826171875","3.493621826171875","3.4827728271484375","3.4827728271484375","3.4827728271484375","3.317169189453125","3.317169189453125","3.317169189453125","3.0098648071289062","3.0098648071289062","3.0098648071289062","2.9361114501953125","2.9361114501953125","2.9361114501953125","3.0244979858398438","3.0244979858398438","3.0244979858398438","3.184356689453125","3.184356689453125","3.184356689453125","2.7484073638916016","2.7484073638916016","2.7484073638916016","2.3504128456115723","2.3504128456115723","2.3504128456115723"
"410","2.5885467529296875","2.5885467529296875","2.5885467529296875","3.477813720703125","3.477813720703125","3.477813720703125","3.391845703125","3.391845703125","3.391845703125","3.6983642578125","3.6983642578125","3.6983642578125","3.177642822265625","3.177642822265625","3.177642822265625","2.86798095703125","2.86798095703125","2.86798095703125","3.284271240234375","3.284271240234375","3.284271240234375","3.0898284912109375","3.0898284912109375","3.0898284912109375","3.1144256591796875","3.1144256591796875","3.1144256591796875","2.7001190185546875","2.7001190185546875","2.7001190185546875","2.3286123275756836","2.3286123275756836","2.3286123275756836"
"420","2.7928237915039062","2.7928237915039062","2.7928237915039062","3.64984130859375","3.64984130859375","3.64984130859375","3.39007568359375","3.39007568359375","3.39007568359375","3.40484619140625","3.40484619140625","3.40484619140625","3.122039794921875","3.122039794921875","3.122039794921875","2.9801559448242188","2.9801559448242188","2.9801559448242188","3.00201416015625","3.00201416015625","3.00201416015625","3.1406097412109375","3.1406097412109375","3.1406097412109375","3.2904205322265625","3.2904205322265625","3.2904205322265625","2.6651077270507812","2.6651077270507812","2.6651077270507812","2.3773233890533447","2.3773233890533447","2.3773233890533447"
"430","2.4454193115234375","2.4454193115234375","2.4454193115234375","3.784454345703125","3.784454345703125","3.784454345703125","3.55548095703125","3.55548095703125","3.55548095703125","3.420928955078125","3.420928955078125","3.420928955078125","2.9614410400390625","2.9614410400390625","2.9614410400390625","2.9609375","2.9609375","2.9609375","3.0786209106445312","3.0786209106445312","3.0786209106445312","3.0971527099609375","3.0971527099609375","3.0971527099609375","3.1092758178710938","3.1092758178710938","3.1092758178710938","2.7630767822265625","2.7630767822265625","2.7630767822265625","2.2356314659118652","2.2356314659118652","2.2356314659118652"
"440","2.3859939575195312","2.3859939575195312","2.3859939575195312","3.597930908203125","3.597930908203125","3.597930908203125","3.2829132080078125","3.2829132080078125","3.2829132080078125","3.541229248046875","3.541229248046875","3.541229248046875","3.1985015869140625","3.1985015869140625","3.1985015869140625","3.105712890625","3.105712890625","3.105712890625","3.286529541015625","3.286529541015625","3.286529541015625","3.15802001953125","3.15802001953125","3.15802001953125","3.0389328002929688","3.0389328002929688","3.0389328002929688","2.6762027740478516","2.6762027740478516","2.6762027740478516","2.189046859741211","2.189046859741211","2.189046859741211"
"450","2.616626739501953","2.616626739501953","2.616626739501953","3.554901123046875","3.554901123046875","3.554901123046875","3.4558563232421875","3.4558563232421875","3.4558563232421875","3.3807296752929688","3.3807296752929688","3.3807296752929688","3.2757110595703125","3.2757110595703125","3.2757110595703125","2.8541030883789062","2.8541030883789062","2.8541030883789062","3.122589111328125","3.122589111328125","3.122589111328125","3.02191162109375","3.02191162109375","3.02191162109375","3.1229248046875","3.1229248046875","3.1229248046875","2.5880565643310547","2.5880565643310547","2.5880565643310547","2.1308536529541016","2.1308536529541016","2.1308536529541016"
"460","2.6129379272460938","2.6129379272460938","2.6129379272460938","3.689544677734375","3.689544677734375","3.689544677734375","3.427642822265625","3.427642822265625","3.427642822265625","3.48138427734375","3.48138427734375","3.48138427734375","3.2211151123046875","3.2211151123046875","3.2211151123046875","2.880218505859375","2.880218505859375","2.880218505859375","3.2379913330078125","3.2379913330078125","3.2379913330078125","3.148712158203125","3.148712158203125","3.148712158203125","3.216094970703125","3.216094970703125","3.216094970703125","2.6734848022460938","2.6734848022460938","2.6734848022460938","2.0927791595458984","2.0927791595458984","2.0927791595458984"
"470","2.3552780151367188","2.3552780151367188","2.3552780151367188","3.6201171875","3.6201171875","3.6201171875","3.4459075927734375","3.4459075927734375","3.4459075927734375","3.4636077880859375","3.4636077880859375","3.4636077880859375","3.1102981567382812","3.1102981567382812","3.1102981567382812","2.95703125","2.95703125","2.95703125","3.181488037109375","3.181488037109375","3.181488037109375","2.9321975708007812","2.9321975708007812","2.9321975708007812","2.9395904541015625","2.9395904541015625","2.9395904541015625","2.4805030822753906","2.4805030822753906","2.4805030822753906","2.171353816986084","2.171353816986084","2.171353816986084"
"480","2.5080490112304688","2.5080490112304688","2.5080490112304688","3.75048828125","3.75048828125","3.75048828125","3.40386962890625","3.40386962890625","3.40386962890625","3.543670654296875","3.543670654296875","3.543670654296875","3.215789794921875","3.215789794921875","3.215789794921875","2.8365554809570312","2.8365554809570312","2.8365554809570312","3.3231735229492188","3.3231735229492188","3.3231735229492188","2.9407577514648438","2.9407577514648438","2.9407577514648438","3.117919921875","3.117919921875","3.117919921875","2.499483108520508","2.499483108520508","2.499483108520508","2.0771255493164062","2.0771255493164062","2.0771255493164062"
"490","2.6911544799804688","2.6911544799804688","2.6911544799804688","3.548248291015625","3.548248291015625","3.548248291015625","3.318939208984375","3.318939208984375","3.318939208984375","3.5599212646484375","3.5599212646484375","3.5599212646484375","3.008026123046875","3.008026123046875","3.008026123046875","2.8170318603515625","2.8170318603515625","2.8170318603515625","2.94244384765625","2.94244384765625","2.94244384765625","3.0328826904296875","3.0328826904296875","3.0328826904296875","3.1485137939453125","3.1485137939453125","3.1485137939453125","2.355497360229492","2.355497360229492","2.355497360229492","2.0812811851501465","2.0812811851501465","2.0812811851501465"
"500","2.7608566284179688","2.7608566284179688","2.7608566284179688","3.748260498046875","3.748260498046875","3.748260498046875","3.47967529296875","3.47967529296875","3.47967529296875","3.4320220947265625","3.4320220947265625","3.4320220947265625","3.062835693359375","3.062835693359375","3.062835693359375","2.973377227783203","2.973377227783203","2.973377227783203","3.000152587890625","3.000152587890625","3.000152587890625","2.8990745544433594","2.8990745544433594","2.8990745544433594","3.0733261108398438","3.0733261108398438","3.0733261108398438","2.347034454345703","2.347034454345703","2.347034454345703","1.8652019500732422","1.8652019500732422","1.8652019500732422"
"510","2.3964920043945312","2.3964920043945312","2.3964920043945312","3.787872314453125","3.787872314453125","3.787872314453125","3.3815765380859375","3.3815765380859375","3.3815765380859375","3.3867950439453125","3.3867950439453125","3.3867950439453125","2.9077911376953125","2.9077911376953125","2.9077911376953125","2.794003486633301","2.794003486633301","2.794003486633301","3.019744873046875","3.019744873046875","3.019744873046875","3.0170059204101562","3.0170059204101562","3.0170059204101562","2.85845947265625","2.85845947265625","2.85845947265625","2.2687268257141113","2.2687268257141113","2.2687268257141113","1.845168948173523","1.845168948173523","1.845168948173523"
"520","2.714508056640625","2.714508056640625","2.714508056640625","3.624603271484375","3.624603271484375","3.624603271484375","3.27783203125","3.27783203125","3.27783203125","3.475128173828125","3.475128173828125","3.475128173828125","2.925506591796875","2.925506591796875","2.925506591796875","2.8261337280273438","2.8261337280273438","2.8261337280273438","2.882171630859375","2.882171630859375","2.882171630859375","2.9063034057617188","2.9063034057617188","2.9063034057617188","3.2336578369140625","3.2336578369140625","3.2336578369140625","2.4317684173583984","2.4317684173583984","2.4317684173583984","1.981256365776062","1.981256365776062","1.981256365776062"
"530","2.2112884521484375","2.2112884521484375","2.2112884521484375","3.44342041015625","3.44342041015625","3.44342041015625","3.3325958251953125","3.3325958251953125","3.3325958251953125","3.3930511474609375","3.3930511474609375","3.3930511474609375","2.88055419921875","2.88055419921875","2.88055419921875","2.8629302978515625","2.8629302978515625","2.8629302978515625","3.1536712646484375","3.1536712646484375","3.1536712646484375","3.0352554321289062","3.0352554321289062","3.0352554321289062","3.0955734252929688","3.0955734252929688","3.0955734252929688","2.329854965209961","2.329854965209961","2.329854965209961","2.02301025390625","2.02301025390625","2.02301025390625"
"540","2.3139190673828125","2.3139190673828125","2.3139190673828125","3.7529296875","3.7529296875","3.7529296875","3.29193115234375","3.29193115234375","3.29193115234375","3.451507568359375","3.451507568359375","3.451507568359375","2.816986083984375","2.816986083984375","2.816986083984375","2.769439697265625","2.769439697265625","2.769439697265625","3.0618438720703125","3.0618438720703125","3.0618438720703125","3.0351905822753906","3.0351905822753906","3.0351905822753906","2.913970947265625","2.913970947265625","2.913970947265625","2.2470169067382812","2.2470169067382812","2.2470169067382812","1.7846689224243164","1.7846689224243164","1.7846689224243164"
"550","2.1703109741210938","2.1703109741210938","2.1703109741210938","3.483612060546875","3.483612060546875","3.483612060546875","3.435791015625","3.435791015625","3.435791015625","3.4221343994140625","3.4221343994140625","3.4221343994140625","3.048980712890625","3.048980712890625","3.048980712890625","2.7542572021484375","2.7542572021484375","2.7542572021484375","3.413555145263672","3.413555145263672","3.413555145263672","2.941192626953125","2.941192626953125","2.941192626953125","3.146087646484375","3.146087646484375","3.146087646484375","2.523192882537842","2.523192882537842","2.523192882537842","1.7965421676635742","1.7965421676635742","1.7965421676635742"
"560","2.4241867065429688","2.4241867065429688","2.4241867065429688","3.616180419921875","3.616180419921875","3.616180419921875","3.3262405395507812","3.3262405395507812","3.3262405395507812","3.433258056640625","3.433258056640625","3.433258056640625","2.911346435546875","2.911346435546875","2.911346435546875","2.8061904907226562","2.8061904907226562","2.8061904907226562","2.9744415283203125","2.9744415283203125","2.9744415283203125","3.0133209228515625","3.0133209228515625","3.0133209228515625","3.0747833251953125","3.0747833251953125","3.0747833251953125","2.080662727355957","2.080662727355957","2.080662727355957","1.6576683521270752","1.6576683521270752","1.6576683521270752"
"570","2.3014793395996094","2.3014793395996094","2.3014793395996094","3.6864013671875","3.6864013671875","3.6864013671875","3.3679656982421875","3.3679656982421875","3.3679656982421875","3.4499664306640625","3.4499664306640625","3.4499664306640625","2.5991439819335938","2.5991439819335938","2.5991439819335938","2.7585525512695312","2.7585525512695312","2.7585525512695312","2.9081687927246094","2.9081687927246094","2.9081687927246094","2.723407745361328","2.723407745361328","2.723407745361328","2.8596420288085938","2.8596420288085938","2.8596420288085938","2.253458023071289","2.253458023071289","2.253458023071289","1.6255488395690918","1.6255488395690918","1.6255488395690918"
"580","2.648205041885376","2.648205041885376","2.648205041885376","3.7325148582458496","3.7325148582458496","3.7325148582458496","3.5367374420166016","3.5367374420166016","3.5367374420166016","3.3736515045166016","3.3736515045166016","3.3736515045166016","3.100818395614624","3.100818395614624","3.100818395614624","2.716517925262451","2.716517925262451","2.716517925262451","3.043433666229248","3.043433666229248","3.043433666229248","2.581531286239624","2.581531286239624","2.581531286239624","3.1700847148895264","3.1700847148895264","3.1700847148895264","2.497134208679199","2.497134208679199","2.497134208679199","1.9647141695022583","1.9647141695022583","1.9647141695022583"
"590","2.144634246826172","2.144634246826172","2.144634246826172","3.559356689453125","3.559356689453125","3.559356689453125","3.317047119140625","3.317047119140625","3.317047119140625","3.3909988403320312","3.3909988403320312","3.3909988403320312","2.7181243896484375","2.7181243896484375","2.7181243896484375","2.6489105224609375","2.6489105224609375","2.6489105224609375","3.0184478759765625","3.0184478759765625","3.0184478759765625","2.955780029296875","2.955780029296875","2.955780029296875","2.8473587036132812","2.8473587036132812","2.8473587036132812","1.9490776062011719","1.9490776062011719","1.9490776062011719","1.810633659362793","1.810633659362793","1.810633659362793"
"600","2.3789186477661133","2.3789186477661133","2.3789186477661133","3.56353759765625","3.56353759765625","3.56353759765625","3.272674560546875","3.272674560546875","3.272674560546875","3.3701171875","3.3701171875","3.3701171875","2.795696258544922","2.795696258544922","2.795696258544922","2.6975555419921875","2.6975555419921875","2.6975555419921875","2.9323043823242188","2.9323043823242188","2.9323043823242188","2.8593215942382812","2.8593215942382812","2.8593215942382812","3.10546875","3.10546875","3.10546875","2.1685168743133545","2.1685168743133545","2.1685168743133545","1.6817976236343384","1.6817976236343384","1.6817976236343384"
"610","2.247936248779297","2.247936248779297","2.247936248779297","3.528564453125","3.528564453125","3.528564453125","3.362701416015625","3.362701416015625","3.362701416015625","3.4760589599609375","3.4760589599609375","3.4760589599609375","2.9731369018554688","2.9731369018554688","2.9731369018554688","2.930248260498047","2.930248260498047","2.930248260498047","2.7946701049804688","2.7946701049804688","2.7946701049804688","2.7465057373046875","2.7465057373046875","2.7465057373046875","3.1994781494140625","3.1994781494140625","3.1994781494140625","1.9802227020263672","1.9802227020263672","1.9802227020263672","1.589097261428833","1.589097261428833","1.589097261428833"
"620","2.0639801025390625","2.0639801025390625","2.0639801025390625","3.681854248046875","3.681854248046875","3.681854248046875","3.3043670654296875","3.3043670654296875","3.3043670654296875","3.3333740234375","3.3333740234375","3.3333740234375","2.7325057983398438","2.7325057983398438","2.7325057983398438","2.3011550903320312","2.3011550903320312","2.3011550903320312","2.9427337646484375","2.9427337646484375","2.9427337646484375","2.7954330444335938","2.7954330444335938","2.7954330444335938","2.818452835083008","2.818452835083008","2.818452835083008","1.9214229583740234","1.9214229583740234","1.9214229583740234","1.4472039937973022","1.4472039937973022","1.4472039937973022"
"630","2.0724525451660156","2.0724525451660156","2.0724525451660156","4.007843017578125","4.007843017578125","4.007843017578125","3.335723876953125","3.335723876953125","3.335723876953125","3.3334388732910156","3.3334388732910156","3.3334388732910156","2.831390380859375","2.831390380859375","2.831390380859375","2.7685623168945312","2.7685623168945312","2.7685623168945312","3.174285888671875","3.174285888671875","3.174285888671875","2.9190902709960938","2.9190902709960938","2.9190902709960938","2.85760498046875","2.85760498046875","2.85760498046875","1.954178810119629","1.954178810119629","1.954178810119629","1.8676942586898804","1.8676942586898804","1.8676942586898804"
"640","2.1545276641845703","2.1545276641845703","2.1545276641845703","3.615936279296875","3.615936279296875","3.615936279296875","3.2410430908203125","3.2410430908203125","3.2410430908203125","3.426971435546875","3.426971435546875","3.426971435546875","2.8675384521484375","2.8675384521484375","2.8675384521484375","2.7751312255859375","2.7751312255859375","2.7751312255859375","2.8679656982421875","2.8679656982421875","2.8679656982421875","2.833038330078125","2.833038330078125","2.833038330078125","3.0174808502197266","3.0174808502197266","3.0174808502197266","2.1336145401000977","2.1336145401000977","2.1336145401000977","1.3411753177642822","1.3411753177642822","1.3411753177642822"
"650","1.9721488952636719","1.9721488952636719","1.9721488952636719","3.364471435546875","3.364471435546875","3.364471435546875","3.3702392578125","3.3702392578125","3.3702392578125","3.4551849365234375","3.4551849365234375","3.4551849365234375","2.6795883178710938","2.6795883178710938","2.6795883178710938","2.7742385864257812","2.7742385864257812","2.7742385864257812","2.843780517578125","2.843780517578125","2.843780517578125","3.010009765625","3.010009765625","3.010009765625","2.901947021484375","2.901947021484375","2.901947021484375","1.9770808219909668","1.9770808219909668","1.9770808219909668","1.4839435815811157","1.4839435815811157","1.4839435815811157"
"660","1.909961223602295","1.909961223602295","1.909961223602295","3.47760009765625","3.47760009765625","3.47760009765625","3.1115493774414062","3.1115493774414062","3.1115493774414062","3.409515380859375","3.409515380859375","3.409515380859375","3.05267333984375","3.05267333984375","3.05267333984375","2.8546371459960938","2.8546371459960938","2.8546371459960938","2.9965667724609375","2.9965667724609375","2.9965667724609375","2.854034423828125","2.854034423828125","2.854034423828125","3.04791259765625","3.04791259765625","3.04791259765625","1.9315481185913086","1.9315481185913086","1.9315481185913086","1.3896353244781494","1.3896353244781494","1.3896353244781494"
"670","1.9097498655319214","1.9097498655319214","1.9097498655319214","3.482818603515625","3.482818603515625","3.482818603515625","3.2837600708007812","3.2837600708007812","3.2837600708007812","3.3032379150390625","3.3032379150390625","3.3032379150390625","2.7655487060546875","2.7655487060546875","2.7655487060546875","2.700023651123047","2.700023651123047","2.700023651123047","2.8622589111328125","2.8622589111328125","2.8622589111328125","2.8753662109375","2.8753662109375","2.8753662109375","2.89697265625","2.89697265625","2.89697265625","1.776597023010254","1.776597023010254","1.776597023010254","1.5154038667678833","1.5154038667678833","1.5154038667678833"
"680","1.9342994689941406","1.9342994689941406","1.9342994689941406","3.703765869140625","3.703765869140625","3.703765869140625","3.3453369140625","3.3453369140625","3.3453369140625","3.6330108642578125","3.6330108642578125","3.6330108642578125","2.981273651123047","2.981273651123047","2.981273651123047","2.663055419921875","2.663055419921875","2.663055419921875","2.8994674682617188","2.8994674682617188","2.8994674682617188","2.9457244873046875","2.9457244873046875","2.9457244873046875","2.8948020935058594","2.8948020935058594","2.8948020935058594","1.6990584135055542","1.6990584135055542","1.6990584135055542","1.4518592357635498","1.4518592357635498","1.4518592357635498"
"690","2.023317337036133","2.023317337036133","2.023317337036133","3.3142738342285156","3.3142738342285156","3.3142738342285156","3.16180419921875","3.16180419921875","3.16180419921875","3.324127197265625","3.324127197265625","3.324127197265625","2.5362625122070312","2.5362625122070312","2.5362625122070312","2.3251705169677734","2.3251705169677734","2.3251705169677734","2.9543304443359375","2.9543304443359375","2.9543304443359375","2.6699905395507812","2.6699905395507812","2.6699905395507812","3.112834930419922","3.112834930419922","3.112834930419922","1.9521186351776123","1.9521186351776123","1.9521186351776123","1.473739743232727","1.473739743232727","1.473739743232727"
"700","1.7432365417480469","1.7432365417480469","1.7432365417480469","3.452117919921875","3.452117919921875","3.452117919921875","3.2704620361328125","3.2704620361328125","3.2704620361328125","3.3115997314453125","3.3115997314453125","3.3115997314453125","2.6668319702148438","2.6668319702148438","2.6668319702148438","2.3827476501464844","2.3827476501464844","2.3827476501464844","2.9269752502441406","2.9269752502441406","2.9269752502441406","3.268779754638672","3.268779754638672","3.268779754638672","2.9680328369140625","2.9680328369140625","2.9680328369140625","1.8164088726043701","1.8164088726043701","1.8164088726043701","1.3213683366775513","1.3213683366775513","1.3213683366775513"
"710","1.491398811340332","1.491398811340332","1.491398811340332","3.49029541015625","3.49029541015625","3.49029541015625","3.3499603271484375","3.3499603271484375","3.3499603271484375","3.2610931396484375","3.2610931396484375","3.2610931396484375","2.638427734375","2.638427734375","2.638427734375","2.3816394805908203","2.3816394805908203","2.3816394805908203","2.764385223388672","2.764385223388672","2.764385223388672","2.8576126098632812","2.8576126098632812","2.8576126098632812","2.7380828857421875","2.7380828857421875","2.7380828857421875","1.8456742763519287","1.8456742763519287","1.8456742763519287","1.40711510181427","1.40711510181427","1.40711510181427"
"720","1.675283432006836","1.675283432006836","1.675283432006836","3.431732177734375","3.431732177734375","3.431732177734375","3.3035125732421875","3.3035125732421875","3.3035125732421875","3.414764404296875","3.414764404296875","3.414764404296875","2.6019134521484375","2.6019134521484375","2.6019134521484375","2.2982826232910156","2.2982826232910156","2.2982826232910156","2.84088134765625","2.84088134765625","2.84088134765625","2.9718103408813477","2.9718103408813477","2.9718103408813477","2.994842529296875","2.994842529296875","2.994842529296875","1.6432056427001953","1.6432056427001953","1.6432056427001953","1.3101561069488525","1.3101561069488525","1.3101561069488525"
"730","1.5157794952392578","1.5157794952392578","1.5157794952392578","3.322113037109375","3.322113037109375","3.322113037109375","3.0483169555664062","3.0483169555664062","3.0483169555664062","3.485107421875","3.485107421875","3.485107421875","2.485137939453125","2.485137939453125","2.485137939453125","2.415193557739258","2.415193557739258","2.415193557739258","2.89892578125","2.89892578125","2.89892578125","2.76458740234375","2.76458740234375","2.76458740234375","2.9046707153320312","2.9046707153320312","2.9046707153320312","1.6362749338150024","1.6362749338150024","1.6362749338150024","1.200008511543274","1.200008511543274","1.200008511543274"
"740","1.9461593627929688","1.9461593627929688","1.9461593627929688","3.637481689453125","3.637481689453125","3.637481689453125","3.1715240478515625","3.1715240478515625","3.1715240478515625","3.527984619140625","3.527984619140625","3.527984619140625","2.8731689453125","2.8731689453125","2.8731689453125","2.437732696533203","2.437732696533203","2.437732696533203","2.7176666259765625","2.7176666259765625","2.7176666259765625","2.6266632080078125","2.6266632080078125","2.6266632080078125","2.903291702270508","2.903291702270508","2.903291702270508","1.8961200714111328","1.8961200714111328","1.8961200714111328","1.2182698249816895","1.2182698249816895","1.2182698249816895"
"750","2.085132598876953","2.085132598876953","2.085132598876953","3.44720458984375","3.44720458984375","3.44720458984375","3.4798126220703125","3.4798126220703125","3.4798126220703125","3.351165771484375","3.351165771484375","3.351165771484375","2.5588302612304688","2.5588302612304688","2.5588302612304688","2.32550048828125","2.32550048828125","2.32550048828125","2.8467254638671875","2.8467254638671875","2.8467254638671875","2.666706085205078","2.666706085205078","2.666706085205078","3.0646896362304688","3.0646896362304688","3.0646896362304688","1.6424471139907837","1.6424471139907837","1.6424471139907837","1.2303701639175415","1.2303701639175415","1.2303701639175415"
"760","1.6221199035644531","1.6221199035644531","1.6221199035644531","3.535675048828125","3.535675048828125","3.535675048828125","3.1251983642578125","3.1251983642578125","3.1251983642578125","3.2611236572265625","3.2611236572265625","3.2611236572265625","2.7907371520996094","2.7907371520996094","2.7907371520996094","2.3922853469848633","2.3922853469848633","2.3922853469848633","2.7834854125976562","2.7834854125976562","2.7834854125976562","2.487213134765625","2.487213134765625","2.487213134765625","2.8348312377929688","2.8348312377929688","2.8348312377929688","1.5927455425262451","1.5927455425262451","1.5927455425262451","1.335435152053833","1.335435152053833","1.335435152053833"
"770","1.6188068389892578","1.6188068389892578","1.6188068389892578","3.665557861328125","3.665557861328125","3.665557861328125","3.218963623046875","3.218963623046875","3.218963623046875","3.42156982421875","3.42156982421875","3.42156982421875","2.4127044677734375","2.4127044677734375","2.4127044677734375","2.5271835327148438","2.5271835327148438","2.5271835327148438","2.6758651733398438","2.6758651733398438","2.6758651733398438","2.6382265090942383","2.6382265090942383","2.6382265090942383","2.7734527587890625","2.7734527587890625","2.7734527587890625","1.8381633758544922","1.8381633758544922","1.8381633758544922","1.3165162801742554","1.3165162801742554","1.3165162801742554"
"780","1.722085952758789","1.722085952758789","1.722085952758789","3.5626373291015625","3.5626373291015625","3.5626373291015625","3.1019439697265625","3.1019439697265625","3.1019439697265625","3.2295150756835938","3.2295150756835938","3.2295150756835938","2.6878433227539062","2.6878433227539062","2.6878433227539062","2.4961795806884766","2.4961795806884766","2.4961795806884766","2.6978225708007812","2.6978225708007812","2.6978225708007812","2.7238693237304688","2.7238693237304688","2.7238693237304688","3.042999267578125","3.042999267578125","3.042999267578125","1.7717220783233643","1.7717220783233643","1.7717220783233643","1.3351821899414062","1.3351821899414062","1.3351821899414062"
"790","1.553213119506836","1.553213119506836","1.553213119506836","3.532257080078125","3.532257080078125","3.532257080078125","3.2011566162109375","3.2011566162109375","3.2011566162109375","3.293487548828125","3.293487548828125","3.293487548828125","2.546581268310547","2.546581268310547","2.546581268310547","2.4260215759277344","2.4260215759277344","2.4260215759277344","2.7700271606445312","2.7700271606445312","2.7700271606445312","2.6171188354492188","2.6171188354492188","2.6171188354492188","2.8880844116210938","2.8880844116210938","2.8880844116210938","1.483912706375122","1.483912706375122","1.483912706375122","1.1693079471588135","1.1693079471588135","1.1693079471588135"
"800","1.9726619720458984","1.9726619720458984","1.9726619720458984","3.3980255126953125","3.3980255126953125","3.3980255126953125","3.25079345703125","3.25079345703125","3.25079345703125","3.2870330810546875","3.2870330810546875","3.2870330810546875","2.580995559692383","2.580995559692383","2.580995559692383","2.84814453125","2.84814453125","2.84814453125","2.754150390625","2.754150390625","2.754150390625","2.5725021362304688","2.5725021362304688","2.5725021362304688","2.9313201904296875","2.9313201904296875","2.9313201904296875","1.7440637350082397","1.7440637350082397","1.7440637350082397","1.3494696617126465","1.3494696617126465","1.3494696617126465"
"810","1.7001152038574219","1.7001152038574219","1.7001152038574219","3.4686431884765625","3.4686431884765625","3.4686431884765625","3.331634521484375","3.331634521484375","3.331634521484375","3.2958831787109375","3.2958831787109375","3.2958831787109375","2.4359512329101562","2.4359512329101562","2.4359512329101562","2.618610382080078","2.618610382080078","2.618610382080078","2.8149642944335938","2.8149642944335938","2.8149642944335938","2.501692295074463","2.501692295074463","2.501692295074463","2.825286865234375","2.825286865234375","2.825286865234375","1.6259770393371582","1.6259770393371582","1.6259770393371582","1.3162094354629517","1.3162094354629517","1.3162094354629517"
"820","1.5283823013305664","1.5283823013305664","1.5283823013305664","3.57391357421875","3.57391357421875","3.57391357421875","3.083587646484375","3.083587646484375","3.083587646484375","3.28497314453125","3.28497314453125","3.28497314453125","2.6285247802734375","2.6285247802734375","2.6285247802734375","2.4379653930664062","2.4379653930664062","2.4379653930664062","2.6683807373046875","2.6683807373046875","2.6683807373046875","2.66851806640625","2.66851806640625","2.66851806640625","2.68963623046875","2.68963623046875","2.68963623046875","1.5526851415634155","1.5526851415634155","1.5526851415634155","1.0214329957962036","1.0214329957962036","1.0214329957962036"
"830","1.448873519897461","1.448873519897461","1.448873519897461","3.58917236328125","3.58917236328125","3.58917236328125","2.9654541015625","2.9654541015625","2.9654541015625","3.3902435302734375","3.3902435302734375","3.3902435302734375","2.554637908935547","2.554637908935547","2.554637908935547","2.1894454956054688","2.1894454956054688","2.1894454956054688","3.0340194702148438","3.0340194702148438","3.0340194702148438","2.5318679809570312","2.5318679809570312","2.5318679809570312","2.771289825439453","2.771289825439453","2.771289825439453","1.628119945526123","1.628119945526123","1.628119945526123","1.2782930135726929","1.2782930135726929","1.2782930135726929"
"840","1.370844841003418","1.370844841003418","1.370844841003418","3.6025848388671875","3.6025848388671875","3.6025848388671875","3.188140869140625","3.188140869140625","3.188140869140625","3.3238677978515625","3.3238677978515625","3.3238677978515625","2.4762725830078125","2.4762725830078125","2.4762725830078125","2.1845579147338867","2.1845579147338867","2.1845579147338867","2.6846084594726562","2.6846084594726562","2.6846084594726562","2.7139511108398438","2.7139511108398438","2.7139511108398438","2.7171096801757812","2.7171096801757812","2.7171096801757812","1.3941673040390015","1.3941673040390015","1.3941673040390015","1.0432021617889404","1.0432021617889404","1.0432021617889404"
"850","1.6555359363555908","1.6555359363555908","1.6555359363555908","3.463287353515625","3.463287353515625","3.463287353515625","3.223114013671875","3.223114013671875","3.223114013671875","3.1349334716796875","3.1349334716796875","3.1349334716796875","2.3521995544433594","2.3521995544433594","2.3521995544433594","2.2760581970214844","2.2760581970214844","2.2760581970214844","2.7401657104492188","2.7401657104492188","2.7401657104492188","2.278881072998047","2.278881072998047","2.278881072998047","2.7301979064941406","2.7301979064941406","2.7301979064941406","1.5373512506484985","1.5373512506484985","1.5373512506484985","1.2368284463882446","1.2368284463882446","1.2368284463882446"
"860","1.3383771181106567","1.3383771181106567","1.3383771181106567","3.5271453857421875","3.5271453857421875","3.5271453857421875","3.125213623046875","3.125213623046875","3.125213623046875","3.4039154052734375","3.4039154052734375","3.4039154052734375","2.4883956909179688","2.4883956909179688","2.4883956909179688","2.222553253173828","2.222553253173828","2.222553253173828","2.7501068115234375","2.7501068115234375","2.7501068115234375","2.7905006408691406","2.7905006408691406","2.7905006408691406","2.6682357788085938","2.6682357788085938","2.6682357788085938","1.4338051080703735","1.4338051080703735","1.4338051080703735","1.1360068321228027","1.1360068321228027","1.1360068321228027"
"870","1.6046839952468872","1.6046839952468872","1.6046839952468872","3.431594133377075","3.431594133377075","3.431594133377075","3.0531063079833984","3.0531063079833984","3.0531063079833984","3.1822452545166016","3.1822452545166016","3.1822452545166016","2.123814105987549","2.123814105987549","2.123814105987549","2.6575636863708496","2.6575636863708496","2.6575636863708496","2.815941333770752","2.815941333770752","2.815941333770752","2.3086867332458496","2.3086867332458496","2.3086867332458496","2.8773715496063232","2.8773715496063232","2.8773715496063232","1.6981492042541504","1.6981492042541504","1.6981492042541504","1.269003987312317","1.269003987312317","1.269003987312317"
"880","1.1660494804382324","1.1660494804382324","1.1660494804382324","3.5220489501953125","3.5220489501953125","3.5220489501953125","3.03466796875","3.03466796875","3.03466796875","3.3452911376953125","3.3452911376953125","3.3452911376953125","2.393665313720703","2.393665313720703","2.393665313720703","1.8882637023925781","1.8882637023925781","1.8882637023925781","2.5889205932617188","2.5889205932617188","2.5889205932617188","2.370798110961914","2.370798110961914","2.370798110961914","2.560269355773926","2.560269355773926","2.560269355773926","1.3181806802749634","1.3181806802749634","1.3181806802749634","1.000335931777954","1.000335931777954","1.000335931777954"
"890","1.4342427253723145","1.4342427253723145","1.4342427253723145","3.3873748779296875","3.3873748779296875","3.3873748779296875","2.9907684326171875","2.9907684326171875","2.9907684326171875","3.2473602294921875","3.2473602294921875","3.2473602294921875","2.2238540649414062","2.2238540649414062","2.2238540649414062","2.1612815856933594","2.1612815856933594","2.1612815856933594","2.5960311889648438","2.5960311889648438","2.5960311889648438","2.3365001678466797","2.3365001678466797","2.3365001678466797","2.8922996520996094","2.8922996520996094","2.8922996520996094","1.1792247295379639","1.1792247295379639","1.1792247295379639","1.0702636241912842","1.0702636241912842","1.0702636241912842"
"900","1.3035697937011719","1.3035697937011719","1.3035697937011719","3.7239532470703125","3.7239532470703125","3.7239532470703125","2.9949188232421875","2.9949188232421875","2.9949188232421875","3.1601715087890625","3.1601715087890625","3.1601715087890625","2.5947189331054688","2.5947189331054688","2.5947189331054688","1.97821044921875","1.97821044921875","1.97821044921875","2.8192977905273438","2.8192977905273438","2.8192977905273438","2.3622169494628906","2.3622169494628906","2.3622169494628906","2.75946044921875","2.75946044921875","2.75946044921875","1.244202733039856","1.244202733039856","1.244202733039856","0.9624330997467041","0.9624330997467041","0.9624330997467041"
"910","1.6068296432495117","1.6068296432495117","1.6068296432495117","3.285614013671875","3.285614013671875","3.285614013671875","3.1893463134765625","3.1893463134765625","3.1893463134765625","3.3670196533203125","3.3670196533203125","3.3670196533203125","2.333385467529297","2.333385467529297","2.333385467529297","2.135265350341797","2.135265350341797","2.135265350341797","2.5867843627929688","2.5867843627929688","2.5867843627929688","2.3859176635742188","2.3859176635742188","2.3859176635742188","2.6058197021484375","2.6058197021484375","2.6058197021484375","1.0299549102783203","1.0299549102783203","1.0299549102783203","1.0898158550262451","1.0898158550262451","1.0898158550262451"
"920","1.3555049896240234","1.3555049896240234","1.3555049896240234","3.348236083984375","3.348236083984375","3.348236083984375","3.162628173828125","3.162628173828125","3.162628173828125","3.0625152587890625","3.0625152587890625","3.0625152587890625","2.2057342529296875","2.2057342529296875","2.2057342529296875","2.0233001708984375","2.0233001708984375","2.0233001708984375","2.6399917602539062","2.6399917602539062","2.6399917602539062","2.139188766479492","2.139188766479492","2.139188766479492","2.63916015625","2.63916015625","2.63916015625","1.5606944561004639","1.5606944561004639","1.5606944561004639","1.0169974565505981","1.0169974565505981","1.0169974565505981"
"930","0.9880720376968384","0.9880720376968384","0.9880720376968384","3.2763214111328125","3.2763214111328125","3.2763214111328125","3.1759490966796875","3.1759490966796875","3.1759490966796875","3.134796142578125","3.134796142578125","3.134796142578125","2.5399093627929688","2.5399093627929688","2.5399093627929688","2.093266010284424","2.093266010284424","2.093266010284424","2.7015151977539062","2.7015151977539062","2.7015151977539062","2.5024261474609375","2.5024261474609375","2.5024261474609375","2.415116310119629","2.415116310119629","2.415116310119629","1.254469394683838","1.254469394683838","1.254469394683838","1.0120606422424316","1.0120606422424316","1.0120606422424316"
"940","1.154561996459961","1.154561996459961","1.154561996459961","3.5301513671875","3.5301513671875","3.5301513671875","2.9094161987304688","2.9094161987304688","2.9094161987304688","3.314666748046875","3.314666748046875","3.314666748046875","2.16473388671875","2.16473388671875","2.16473388671875","2.6428985595703125","2.6428985595703125","2.6428985595703125","2.436962127685547","2.436962127685547","2.436962127685547","2.379148483276367","2.379148483276367","2.379148483276367","2.823699951171875","2.823699951171875","2.823699951171875","1.3603336811065674","1.3603336811065674","1.3603336811065674","0.9122501015663147","0.9122501015663147","0.9122501015663147"
"950","0.8900728225708008","0.8900728225708008","0.8900728225708008","3.45281982421875","3.45281982421875","3.45281982421875","3.0480194091796875","3.0480194091796875","3.0480194091796875","3.0613555908203125","3.0613555908203125","3.0613555908203125","2.204570770263672","2.204570770263672","2.204570770263672","1.9835290908813477","1.9835290908813477","1.9835290908813477","2.7477035522460938","2.7477035522460938","2.7477035522460938","2.5542526245117188","2.5542526245117188","2.5542526245117188","2.6798324584960938","2.6798324584960938","2.6798324584960938","1.1680997610092163","1.1680997610092163","1.1680997610092163","1.0425643920898438","1.0425643920898438","1.0425643920898438"
"960","1.0773611068725586","1.0773611068725586","1.0773611068725586","3.393890380859375","3.393890380859375","3.393890380859375","3.081146240234375","3.081146240234375","3.081146240234375","3.3602142333984375","3.3602142333984375","3.3602142333984375","2.29510498046875","2.29510498046875","2.29510498046875","2.083395004272461","2.083395004272461","2.083395004272461","2.460010528564453","2.460010528564453","2.460010528564453","2.317981719970703","2.317981719970703","2.317981719970703","2.7855262756347656","2.7855262756347656","2.7855262756347656","1.0286346673965454","1.0286346673965454","1.0286346673965454","0.9260762333869934","0.9260762333869934","0.9260762333869934"
"970","1.1024956703186035","1.1024956703186035","1.1024956703186035","3.4979095458984375","3.4979095458984375","3.4979095458984375","3.3067626953125","3.3067626953125","3.3067626953125","3.356964111328125","3.356964111328125","3.356964111328125","2.041219711303711","2.041219711303711","2.041219711303711","2.328486442565918","2.328486442565918","2.328486442565918","2.881643295288086","2.881643295288086","2.881643295288086","2.589874267578125","2.589874267578125","2.589874267578125","2.848125457763672","2.848125457763672","2.848125457763672","1.2543431520462036","1.2543431520462036","1.2543431520462036","0.8138000965118408","0.8138000965118408","0.8138000965118408"
"980","1.32977294921875","1.32977294921875","1.32977294921875","3.6531982421875","3.6531982421875","3.6531982421875","3.1204986572265625","3.1204986572265625","3.1204986572265625","3.3644027709960938","3.3644027709960938","3.3644027709960938","2.2023887634277344","2.2023887634277344","2.2023887634277344","1.8217153549194336","1.8217153549194336","1.8217153549194336","2.780689239501953","2.780689239501953","2.780689239501953","2.3056488037109375","2.3056488037109375","2.3056488037109375","2.6592063903808594","2.6592063903808594","2.6592063903808594","1.3006603717803955","1.3006603717803955","1.3006603717803955","0.8579328060150146","0.8579328060150146","0.8579328060150146"
"990","0.8247472047805786","0.8247472047805786","0.8247472047805786","3.3790283203125","3.3790283203125","3.3790283203125","2.9487762451171875","2.9487762451171875","2.9487762451171875","3.210113525390625","3.210113525390625","3.210113525390625","1.9004650115966797","1.9004650115966797","1.9004650115966797","2.1701526641845703","2.1701526641845703","2.1701526641845703","2.6116180419921875","2.6116180419921875","2.6116180419921875","2.3512439727783203","2.3512439727783203","2.3512439727783203","2.6290283203125","2.6290283203125","2.6290283203125","1.1623435020446777","1.1623435020446777","1.1623435020446777","0.8136102557182312","0.8136102557182312","0.8136102557182312"
"1000","1.1371577978134155","1.1371577978134155","1.1371577978134155","3.53314208984375","3.53314208984375","3.53314208984375","3.0534210205078125","3.0534210205078125","3.0534210205078125","3.2240753173828125","3.2240753173828125","3.2240753173828125","1.9436607360839844","1.9436607360839844","1.9436607360839844","2.0746679306030273","2.0746679306030273","2.0746679306030273","2.586254119873047","2.586254119873047","2.586254119873047","2.124835968017578","2.124835968017578","2.124835968017578","2.849529266357422","2.849529266357422","2.849529266357422","1.2912341356277466","1.2912341356277466","1.2912341356277466","0.9521231651306152","0.9521231651306152","0.9521231651306152"
"1010","0.8445976972579956","0.8445976972579956","0.8445976972579956","3.4473419189453125","3.4473419189453125","3.4473419189453125","2.9301528930664062","2.9301528930664062","2.9301528930664062","3.03863525390625","3.03863525390625","3.03863525390625","1.9959030151367188","1.9959030151367188","1.9959030151367188","1.75691556930542","1.75691556930542","1.75691556930542","2.5697059631347656","2.5697059631347656","2.5697059631347656","2.3427963256835938","2.3427963256835938","2.3427963256835938","2.4698715209960938","2.4698715209960938","2.4698715209960938","1.062720537185669","1.062720537185669","1.062720537185669","0.7469610571861267","0.7469610571861267","0.7469610571861267"
"1020","1.6631585359573364","1.6631585359573364","1.6631585359573364","3.4904937744140625","3.4904937744140625","3.4904937744140625","3.11651611328125","3.11651611328125","3.11651611328125","3.2283706665039062","3.2283706665039062","3.2283706665039062","2.003328323364258","2.003328323364258","2.003328323364258","1.9048833847045898","1.9048833847045898","1.9048833847045898","2.390941619873047","2.390941619873047","2.390941619873047","1.96771240234375","1.96771240234375","1.96771240234375","2.6530981063842773","2.6530981063842773","2.6530981063842773","1.0187857151031494","1.0187857151031494","1.0187857151031494","0.8032797574996948","0.8032797574996948","0.8032797574996948"
"1030","0.8344071507453918","0.8344071507453918","0.8344071507453918","3.457763671875","3.457763671875","3.457763671875","2.9493560791015625","2.9493560791015625","2.9493560791015625","3.20709228515625","3.20709228515625","3.20709228515625","1.9044389724731445","1.9044389724731445","1.9044389724731445","2.1781005859375","2.1781005859375","2.1781005859375","2.662921905517578","2.662921905517578","2.662921905517578","1.9971837997436523","1.9971837997436523","1.9971837997436523","1.9953079223632812","1.9953079223632812","1.9953079223632812","0.8556479215621948","0.8556479215621948","0.8556479215621948","0.7999029755592346","0.7999029755592346","0.7999029755592346"
"1040","1.1585934162139893","1.1585934162139893","1.1585934162139893","3.2444992065429688","3.2444992065429688","3.2444992065429688","3.0459136962890625","3.0459136962890625","3.0459136962890625","2.9930496215820312","2.9930496215820312","2.9930496215820312","2.3240737915039062","2.3240737915039062","2.3240737915039062","1.8727071285247803","1.8727071285247803","1.8727071285247803","2.2944717407226562","2.2944717407226562","2.2944717407226562","2.1794967651367188","2.1794967651367188","2.1794967651367188","2.5741920471191406","2.5741920471191406","2.5741920471191406","1.0770008563995361","1.0770008563995361","1.0770008563995361","0.7063755393028259","0.7063755393028259","0.7063755393028259"
"1050","0.8487812876701355","0.8487812876701355","0.8487812876701355","3.398956298828125","3.398956298828125","3.398956298828125","2.833282470703125","2.833282470703125","2.833282470703125","3.229949951171875","3.229949951171875","3.229949951171875","1.79840087890625","1.79840087890625","1.79840087890625","1.857560634613037","1.857560634613037","1.857560634613037","2.4866943359375","2.4866943359375","2.4866943359375","2.0986413955688477","2.0986413955688477","2.0986413955688477","2.018798828125","2.018798828125","2.018798828125","1.1213064193725586","1.1213064193725586","1.1213064193725586","0.8505291938781738","0.8505291938781738","0.8505291938781738"
"1060","0.8872637748718262","0.8872637748718262","0.8872637748718262","3.5641632080078125","3.5641632080078125","3.5641632080078125","2.919525146484375","2.919525146484375","2.919525146484375","2.9520797729492188","2.9520797729492188","2.9520797729492188","2.092808723449707","2.092808723449707","2.092808723449707","1.8808443546295166","1.8808443546295166","1.8808443546295166","2.4220733642578125","2.4220733642578125","2.4220733642578125","2.2030773162841797","2.2030773162841797","2.2030773162841797","2.416332244873047","2.416332244873047","2.416332244873047","1.0182511806488037","1.0182511806488037","1.0182511806488037","0.9066582918167114","0.9066582918167114","0.9066582918167114"
"1070","0.8992468118667603","0.8992468118667603","0.8992468118667603","3.4125213623046875","3.4125213623046875","3.4125213623046875","3.110260009765625","3.110260009765625","3.110260009765625","2.986705780029297","2.986705780029297","2.986705780029297","2.2822837829589844","2.2822837829589844","2.2822837829589844","1.7639312744140625","1.7639312744140625","1.7639312744140625","2.6179237365722656","2.6179237365722656","2.6179237365722656","2.3479385375976562","2.3479385375976562","2.3479385375976562","2.305021286010742","2.305021286010742","2.305021286010742","1.0653095245361328","1.0653095245361328","1.0653095245361328","0.8949994444847107","0.8949994444847107","0.8949994444847107"
"1080","1.0128238201141357","1.0128238201141357","1.0128238201141357","3.29327392578125","3.29327392578125","3.29327392578125","2.9152679443359375","2.9152679443359375","2.9152679443359375","3.1096115112304688","3.1096115112304688","3.1096115112304688","1.7653675079345703","1.7653675079345703","1.7653675079345703","1.7548656463623047","1.7548656463623047","1.7548656463623047","2.3756484985351562","2.3756484985351562","2.3756484985351562","2.3452987670898438","2.3452987670898438","2.3452987670898438","2.282032012939453","2.282032012939453","2.282032012939453","1.2457635402679443","1.2457635402679443","1.2457635402679443","0.6505184173583984","0.6505184173583984","0.6505184173583984"
"1090","1.2525628805160522","1.2525628805160522","1.2525628805160522","3.313690185546875","3.313690185546875","3.313690185546875","3.0058135986328125","3.0058135986328125","3.0058135986328125","3.3178634643554688","3.3178634643554688","3.3178634643554688","2.021322250366211","2.021322250366211","2.021322250366211","1.843956470489502","1.843956470489502","1.843956470489502","2.6255340576171875","2.6255340576171875","2.6255340576171875","2.1666431427001953","2.1666431427001953","2.1666431427001953","2.2179794311523438","2.2179794311523438","2.2179794311523438","1.2213715314865112","1.2213715314865112","1.2213715314865112","0.7569200396537781","0.7569200396537781","0.7569200396537781"
"1100","1.0815238952636719","1.0815238952636719","1.0815238952636719","3.39532470703125","3.39532470703125","3.39532470703125","2.7511749267578125","2.7511749267578125","2.7511749267578125","3.0708160400390625","3.0708160400390625","3.0708160400390625","2.4185991287231445","2.4185991287231445","2.4185991287231445","1.7243748903274536","1.7243748903274536","1.7243748903274536","2.632061004638672","2.632061004638672","2.632061004638672","2.2046375274658203","2.2046375274658203","2.2046375274658203","2.3866920471191406","2.3866920471191406","2.3866920471191406","1.1892155408859253","1.1892155408859253","1.1892155408859253","0.8396477699279785","0.8396477699279785","0.8396477699279785"
"1110","0.9850283861160278","0.9850283861160278","0.9850283861160278","3.363189697265625","3.363189697265625","3.363189697265625","2.8056640625","2.8056640625","2.8056640625","3.2217178344726562","3.2217178344726562","3.2217178344726562","2.063558578491211","2.063558578491211","2.063558578491211","2.1710622310638428","2.1710622310638428","2.1710622310638428","2.1922359466552734","2.1922359466552734","2.1922359466552734","2.134939193725586","2.134939193725586","2.134939193725586","2.3015365600585938","2.3015365600585938","2.3015365600585938","0.8933346271514893","0.8933346271514893","0.8933346271514893","0.6599668264389038","0.6599668264389038","0.6599668264389038"
"1120","0.6678047776222229","0.6678047776222229","0.6678047776222229","3.264801025390625","3.264801025390625","3.264801025390625","2.9381332397460938","2.9381332397460938","2.9381332397460938","2.9754638671875","2.9754638671875","2.9754638671875","2.0011234283447266","2.0011234283447266","2.0011234283447266","1.8319034576416016","1.8319034576416016","1.8319034576416016","2.560901641845703","2.560901641845703","2.560901641845703","1.9102506637573242","1.9102506637573242","1.9102506637573242","2.182554244995117","2.182554244995117","2.182554244995117","1.1014922857284546","1.1014922857284546","1.1014922857284546","0.7135129570960999","0.7135129570960999","0.7135129570960999"
"1130","1.0006234645843506","1.0006234645843506","1.0006234645843506","3.47698974609375","3.47698974609375","3.47698974609375","3.0739898681640625","3.0739898681640625","3.0739898681640625","2.8973922729492188","2.8973922729492188","2.8973922729492188","2.0694103240966797","2.0694103240966797","2.0694103240966797","1.5958738327026367","1.5958738327026367","1.5958738327026367","2.740772247314453","2.740772247314453","2.740772247314453","1.8689165115356445","1.8689165115356445","1.8689165115356445","2.307772636413574","2.307772636413574","2.307772636413574","1.2014968395233154","1.2014968395233154","1.2014968395233154","0.8026286959648132","0.8026286959648132","0.8026286959648132"
"1140","0.8818550109863281","0.8818550109863281","0.8818550109863281","3.514404296875","3.514404296875","3.514404296875","3.0707321166992188","3.0707321166992188","3.0707321166992188","3.197235107421875","3.197235107421875","3.197235107421875","1.9364356994628906","1.9364356994628906","1.9364356994628906","1.6777263879776","1.6777263879776","1.6777263879776","2.5461177825927734","2.5461177825927734","2.5461177825927734","2.241610527038574","2.241610527038574","2.241610527038574","2.4010393619537354","2.4010393619537354","2.4010393619537354","0.8105261921882629","0.8105261921882629","0.8105261921882629","0.7263209819793701","0.7263209819793701","0.7263209819793701"
"1150","1.0190503597259521","1.0190503597259521","1.0190503597259521","3.381195068359375","3.381195068359375","3.381195068359375","2.8590316772460938","2.8590316772460938","2.8590316772460938","3.1261215209960938","3.1261215209960938","3.1261215209960938","2.176025390625","2.176025390625","2.176025390625","1.500223159790039","1.500223159790039","1.500223159790039","2.5200958251953125","2.5200958251953125","2.5200958251953125","1.9634075164794922","1.9634075164794922","1.9634075164794922","1.9691028594970703","1.9691028594970703","1.9691028594970703","0.8818753957748413","0.8818753957748413","0.8818753957748413","0.6959624290466309","0.6959624290466309","0.6959624290466309"
"1160","0.727502703666687","0.727502703666687","0.727502703666687","3.4197824001312256","3.4197824001312256","3.4197824001312256","2.873325824737549","2.873325824737549","2.873325824737549","3.122767925262451","3.122767925262451","3.122767925262451","1.8265904188156128","1.8265904188156128","1.8265904188156128","2.466262102127075","2.466262102127075","2.466262102127075","2.285667896270752","2.285667896270752","2.285667896270752","1.5101724863052368","1.5101724863052368","1.5101724863052368","1.9912923574447632","1.9912923574447632","1.9912923574447632","1.0401206016540527","1.0401206016540527","1.0401206016540527","0.8375386595726013","0.8375386595726013","0.8375386595726013"
"1170","0.5226414799690247","0.5226414799690247","0.5226414799690247","3.3227615356445312","3.3227615356445312","3.3227615356445312","3.0929107666015625","3.0929107666015625","3.0929107666015625","3.1630477905273438","3.1630477905273438","3.1630477905273438","1.992197036743164","1.992197036743164","1.992197036743164","1.9596936702728271","1.9596936702728271","1.9596936702728271","2.2036209106445312","2.2036209106445312","2.2036209106445312","2.032320022583008","2.032320022583008","2.032320022583008","1.970449447631836","1.970449447631836","1.970449447631836","0.7798499464988708","0.7798499464988708","0.7798499464988708","0.721780002117157","0.721780002117157","0.721780002117157"
"1180","0.9295859932899475","0.9295859932899475","0.9295859932899475","3.336029052734375","3.336029052734375","3.336029052734375","2.9236679077148438","2.9236679077148438","2.9236679077148438","3.218963623046875","3.218963623046875","3.218963623046875","2.046720504760742","2.046720504760742","2.046720504760742","2.0022058486938477","2.0022058486938477","2.0022058486938477","2.2690086364746094","2.2690086364746094","2.2690086364746094","1.9078292846679688","1.9078292846679688","1.9078292846679688","1.9602923393249512","1.9602923393249512","1.9602923393249512","0.9607282280921936","0.9607282280921936","0.9607282280921936","0.6769483685493469","0.6769483685493469","0.6769483685493469"
"1190","0.8449308276176453","0.8449308276176453","0.8449308276176453","3.5257720947265625","3.5257720947265625","3.5257720947265625","2.707794189453125","2.707794189453125","2.707794189453125","3.0014495849609375","3.0014495849609375","3.0014495849609375","2.285245895385742","2.285245895385742","2.285245895385742","1.6981456279754639","1.6981456279754639","1.6981456279754639","2.494709014892578","2.494709014892578","2.494709014892578","1.68019700050354","1.68019700050354","1.68019700050354","2.1217117309570312","2.1217117309570312","2.1217117309570312","0.7438936829566956","0.7438936829566956","0.7438936829566956","0.5647426843643188","0.5647426843643188","0.5647426843643188"
"1200","0.8029764294624329","0.8029764294624329","0.8029764294624329","3.3575897216796875","3.3575897216796875","3.3575897216796875","2.890167236328125","2.890167236328125","2.890167236328125","3.0044631958007812","3.0044631958007812","3.0044631958007812","1.838700771331787","1.838700771331787","1.838700771331787","1.585944652557373","1.585944652557373","1.585944652557373","2.2967090606689453","2.2967090606689453","2.2967090606689453","2.1181135177612305","2.1181135177612305","2.1181135177612305","1.9014978408813477","1.9014978408813477","1.9014978408813477","0.8088334202766418","0.8088334202766418","0.8088334202766418","0.5237201452255249","0.5237201452255249","0.5237201452255249"
"1210","0.8117977380752563","0.8117977380752563","0.8117977380752563","3.3863677978515625","3.3863677978515625","3.3863677978515625","2.9914093017578125","2.9914093017578125","2.9914093017578125","3.2161102294921875","3.2161102294921875","3.2161102294921875","1.7040843963623047","1.7040843963623047","1.7040843963623047","1.5897631645202637","1.5897631645202637","1.5897631645202637","2.3115806579589844","2.3115806579589844","2.3115806579589844","2.1513776779174805","2.1513776779174805","2.1513776779174805","2.082395553588867","2.082395553588867","2.082395553588867","1.0829088687896729","1.0829088687896729","1.0829088687896729","0.633499801158905","0.633499801158905","0.633499801158905"
"1220","0.6222587823867798","0.6222587823867798","0.6222587823867798","3.1120758056640625","3.1120758056640625","3.1120758056640625","3.150981903076172","3.150981903076172","3.150981903076172","3.2401046752929688","3.2401046752929688","3.2401046752929688","1.7559432983398438","1.7559432983398438","1.7559432983398438","1.5268609523773193","1.5268609523773193","1.5268609523773193","2.261150360107422","2.261150360107422","2.261150360107422","1.9111539125442505","1.9111539125442505","1.9111539125442505","2.0017518997192383","2.0017518997192383","2.0017518997192383","0.687588095664978","0.687588095664978","0.687588095664978","0.6156609058380127","0.6156609058380127","0.6156609058380127"
"1230","0.7490613460540771","0.7490613460540771","0.7490613460540771","3.08258056640625","3.08258056640625","3.08258056640625","2.79180908203125","2.79180908203125","2.79180908203125","2.9738616943359375","2.9738616943359375","2.9738616943359375","1.9874324798583984","1.9874324798583984","1.9874324798583984","1.4735801219940186","1.4735801219940186","1.4735801219940186","2.2203521728515625","2.2203521728515625","2.2203521728515625","2.1618528366088867","2.1618528366088867","2.1618528366088867","2.067262649536133","2.067262649536133","2.067262649536133","0.7731177806854248","0.7731177806854248","0.7731177806854248","0.5794081687927246","0.5794081687927246","0.5794081687927246"
"1240","0.7507169246673584","0.7507169246673584","0.7507169246673584","3.1510009765625","3.1510009765625","3.1510009765625","2.7721023559570312","2.7721023559570312","2.7721023559570312","2.8884506225585938","2.8884506225585938","2.8884506225585938","1.9202795028686523","1.9202795028686523","1.9202795028686523","1.5843404531478882","1.5843404531478882","1.5843404531478882","2.375120162963867","2.375120162963867","2.375120162963867","1.9364583492279053","1.9364583492279053","1.9364583492279053","2.2609739303588867","2.2609739303588867","2.2609739303588867","1.111007809638977","1.111007809638977","1.111007809638977","0.7316946387290955","0.7316946387290955","0.7316946387290955"
"1250","0.7560343742370605","0.7560343742370605","0.7560343742370605","3.5287628173828125","3.5287628173828125","3.5287628173828125","3.040058135986328","3.040058135986328","3.040058135986328","3.0851974487304688","3.0851974487304688","3.0851974487304688","2.4873886108398438","2.4873886108398438","2.4873886108398438","1.9912409782409668","1.9912409782409668","1.9912409782409668","1.9314422607421875","1.9314422607421875","1.9314422607421875","2.2708396911621094","2.2708396911621094","2.2708396911621094","1.9155149459838867","1.9155149459838867","1.9155149459838867","0.744840145111084","0.744840145111084","0.744840145111084","0.5751058459281921","0.5751058459281921","0.5751058459281921"
"1260","0.6936718821525574","0.6936718821525574","0.6936718821525574","3.2783126831054688","3.2783126831054688","3.2783126831054688","2.8172531127929688","2.8172531127929688","2.8172531127929688","3.1377410888671875","3.1377410888671875","3.1377410888671875","1.710317850112915","1.710317850112915","1.710317850112915","1.300954818725586","1.300954818725586","1.300954818725586","2.5919394493103027","2.5919394493103027","2.5919394493103027","1.7637557983398438","1.7637557983398438","1.7637557983398438","1.8334007263183594","1.8334007263183594","1.8334007263183594","0.7196187973022461","0.7196187973022461","0.7196187973022461","0.552390992641449","0.552390992641449","0.552390992641449"
"1270","0.6828868389129639","0.6828868389129639","0.6828868389129639","3.180694580078125","3.180694580078125","3.180694580078125","2.835235595703125","2.835235595703125","2.835235595703125","3.0857696533203125","3.0857696533203125","3.0857696533203125","1.6729178428649902","1.6729178428649902","1.6729178428649902","1.5669854879379272","1.5669854879379272","1.5669854879379272","2.4159698486328125","2.4159698486328125","2.4159698486328125","1.5193138122558594","1.5193138122558594","1.5193138122558594","2.3021507263183594","2.3021507263183594","2.3021507263183594","0.7698184251785278","0.7698184251785278","0.7698184251785278","0.6147438883781433","0.6147438883781433","0.6147438883781433"
"1280","0.644758939743042","0.644758939743042","0.644758939743042","3.1481857299804688","3.1481857299804688","3.1481857299804688","2.9346160888671875","2.9346160888671875","2.9346160888671875","3.1211395263671875","3.1211395263671875","3.1211395263671875","1.5399465560913086","1.5399465560913086","1.5399465560913086","1.697498083114624","1.697498083114624","1.697498083114624","2.3485965728759766","2.3485965728759766","2.3485965728759766","1.8035430908203125","1.8035430908203125","1.8035430908203125","2.0595436096191406","2.0595436096191406","2.0595436096191406","0.9910153150558472","0.9910153150558472","0.9910153150558472","0.5107642412185669","0.5107642412185669","0.5107642412185669"
"1290","0.5841410756111145","0.5841410756111145","0.5841410756111145","3.295074462890625","3.295074462890625","3.295074462890625","3.0351905822753906","3.0351905822753906","3.0351905822753906","3.2467193603515625","3.2467193603515625","3.2467193603515625","1.8884143829345703","1.8884143829345703","1.8884143829345703","1.6040441989898682","1.6040441989898682","1.6040441989898682","2.3860931396484375","2.3860931396484375","2.3860931396484375","2.005373954772949","2.005373954772949","2.005373954772949","1.9044952392578125","1.9044952392578125","1.9044952392578125","0.6875209808349609","0.6875209808349609","0.6875209808349609","0.4497620761394501","0.4497620761394501","0.4497620761394501"
"1300","0.7032626271247864","0.7032626271247864","0.7032626271247864","3.34912109375","3.34912109375","3.34912109375","2.809234619140625","2.809234619140625","2.809234619140625","2.7579193115234375","2.7579193115234375","2.7579193115234375","1.7377490997314453","1.7377490997314453","1.7377490997314453","1.3967437744140625","1.3967437744140625","1.3967437744140625","2.223867416381836","2.223867416381836","2.223867416381836","1.8295831680297852","1.8295831680297852","1.8295831680297852","1.9885635375976562","1.9885635375976562","1.9885635375976562","0.7463118433952332","0.7463118433952332","0.7463118433952332","0.5266443490982056","0.5266443490982056","0.5266443490982056"
"1310","0.5856304168701172","0.5856304168701172","0.5856304168701172","3.4847564697265625","3.4847564697265625","3.4847564697265625","2.658153533935547","2.658153533935547","2.658153533935547","3.1767349243164062","3.1767349243164062","3.1767349243164062","1.6371948719024658","1.6371948719024658","1.6371948719024658","1.4244136810302734","1.4244136810302734","1.4244136810302734","2.2796921730041504","2.2796921730041504","2.2796921730041504","1.978330373764038","1.978330373764038","1.978330373764038","2.0203933715820312","2.0203933715820312","2.0203933715820312","0.4888560175895691","0.4888560175895691","0.4888560175895691","0.48911768198013306","0.48911768198013306","0.48911768198013306"
"1320","0.6201739311218262","0.6201739311218262","0.6201739311218262","3.292755126953125","3.292755126953125","3.292755126953125","2.5822525024414062","2.5822525024414062","2.5822525024414062","3.018718719482422","3.018718719482422","3.018718719482422","1.8491859436035156","1.8491859436035156","1.8491859436035156","1.6020407676696777","1.6020407676696777","1.6020407676696777","2.5775604248046875","2.5775604248046875","2.5775604248046875","1.5835871696472168","1.5835871696472168","1.5835871696472168","1.767869472503662","1.767869472503662","1.767869472503662","0.7175661325454712","0.7175661325454712","0.7175661325454712","0.6166418194770813","0.6166418194770813","0.6166418194770813"
"1330","0.7209829688072205","0.7209829688072205","0.7209829688072205","3.2930068969726562","3.2930068969726562","3.2930068969726562","2.8310775756835938","2.8310775756835938","2.8310775756835938","3.0470657348632812","3.0470657348632812","3.0470657348632812","1.4623329639434814","1.4623329639434814","1.4623329639434814","1.1776947975158691","1.1776947975158691","1.1776947975158691","2.4955615997314453","2.4955615997314453","2.4955615997314453","1.855302333831787","1.855302333831787","1.855302333831787","1.7977628707885742","1.7977628707885742","1.7977628707885742","0.8475481271743774","0.8475481271743774","0.8475481271743774","0.5264290571212769","0.5264290571212769","0.5264290571212769"
"1340","0.612224280834198","0.612224280834198","0.612224280834198","3.2790374755859375","3.2790374755859375","3.2790374755859375","2.61907958984375","2.61907958984375","2.61907958984375","2.9791336059570312","2.9791336059570312","2.9791336059570312","1.662421703338623","1.662421703338623","1.662421703338623","1.3380017280578613","1.3380017280578613","1.3380017280578613","2.4886903762817383","2.4886903762817383","2.4886903762817383","1.8092498779296875","1.8092498779296875","1.8092498779296875","2.148221969604492","2.148221969604492","2.148221969604492","0.533258855342865","0.533258855342865","0.533258855342865","0.2751287519931793","0.2751287519931793","0.2751287519931793"
"1350","0.3756900727748871","0.3756900727748871","0.3756900727748871","3.219268798828125","3.219268798828125","3.219268798828125","3.0181427001953125","3.0181427001953125","3.0181427001953125","2.9112091064453125","2.9112091064453125","2.9112091064453125","1.9949798583984375","1.9949798583984375","1.9949798583984375","1.4986532926559448","1.4986532926559448","1.4986532926559448","2.5377159118652344","2.5377159118652344","2.5377159118652344","1.7463960647583008","1.7463960647583008","1.7463960647583008","1.7802002429962158","1.7802002429962158","1.7802002429962158","0.5157368779182434","0.5157368779182434","0.5157368779182434","0.38473817706108093","0.38473817706108093","0.38473817706108093"
"1360","0.6066153049468994","0.6066153049468994","0.6066153049468994","3.24359130859375","3.24359130859375","3.24359130859375","2.8931846618652344","2.8931846618652344","2.8931846618652344","3.1814422607421875","3.1814422607421875","3.1814422607421875","1.4934310913085938","1.4934310913085938","1.4934310913085938","1.4609496593475342","1.4609496593475342","1.4609496593475342","2.1277008056640625","2.1277008056640625","2.1277008056640625","1.6288843154907227","1.6288843154907227","1.6288843154907227","1.6664924621582031","1.6664924621582031","1.6664924621582031","0.7791001796722412","0.7791001796722412","0.7791001796722412","0.4540964961051941","0.4540964961051941","0.4540964961051941"
"1370","0.4154577851295471","0.4154577851295471","0.4154577851295471","3.4056015014648438","3.4056015014648438","3.4056015014648438","2.8275909423828125","2.8275909423828125","2.8275909423828125","3.014434814453125","3.014434814453125","3.014434814453125","1.590239405632019","1.590239405632019","1.590239405632019","1.580688238143921","1.580688238143921","1.580688238143921","2.2145304679870605","2.2145304679870605","2.2145304679870605","1.7750004529953003","1.7750004529953003","1.7750004529953003","1.6875357627868652","1.6875357627868652","1.6875357627868652","0.6209123730659485","0.6209123730659485","0.6209123730659485","0.49572616815567017","0.49572616815567017","0.49572616815567017"
"1380","0.7052092552185059","0.7052092552185059","0.7052092552185059","3.420745849609375","3.420745849609375","3.420745849609375","2.9347000122070312","2.9347000122070312","2.9347000122070312","3.1468429565429688","3.1468429565429688","3.1468429565429688","1.5678211450576782","1.5678211450576782","1.5678211450576782","1.347076416015625","1.347076416015625","1.347076416015625","2.45540714263916","2.45540714263916","2.45540714263916","1.6522235870361328","1.6522235870361328","1.6522235870361328","1.8364944458007812","1.8364944458007812","1.8364944458007812","0.558652937412262","0.558652937412262","0.558652937412262","0.44791480898857117","0.44791480898857117","0.44791480898857117"
"1390","1.130120038986206","1.130120038986206","1.130120038986206","3.3357696533203125","3.3357696533203125","3.3357696533203125","3.1162643432617188","3.1162643432617188","3.1162643432617188","2.9698028564453125","2.9698028564453125","2.9698028564453125","1.4145236015319824","1.4145236015319824","1.4145236015319824","1.3628928661346436","1.3628928661346436","1.3628928661346436","2.428180456161499","2.428180456161499","2.428180456161499","2.0365676879882812","2.0365676879882812","2.0365676879882812","1.9757270812988281","1.9757270812988281","1.9757270812988281","0.623611330986023","0.623611330986023","0.623611330986023","0.6100425124168396","0.6100425124168396","0.6100425124168396"
"1400","0.47362151741981506","0.47362151741981506","0.47362151741981506","3.26123046875","3.26123046875","3.26123046875","2.7459869384765625","2.7459869384765625","2.7459869384765625","2.885906219482422","2.885906219482422","2.885906219482422","1.6865448951721191","1.6865448951721191","1.6865448951721191","1.2852671146392822","1.2852671146392822","1.2852671146392822","2.206695556640625","2.206695556640625","2.206695556640625","1.641427993774414","1.641427993774414","1.641427993774414","1.7361249923706055","1.7361249923706055","1.7361249923706055","0.47405919432640076","0.47405919432640076","0.47405919432640076","0.31609004735946655","0.31609004735946655","0.31609004735946655"
"1410","0.5194982290267944","0.5194982290267944","0.5194982290267944","3.1448211669921875","3.1448211669921875","3.1448211669921875","2.8115692138671875","2.8115692138671875","2.8115692138671875","2.9137725830078125","2.9137725830078125","2.9137725830078125","1.3745243549346924","1.3745243549346924","1.3745243549346924","1.1901944875717163","1.1901944875717163","1.1901944875717163","1.8975465297698975","1.8975465297698975","1.8975465297698975","1.9004020690917969","1.9004020690917969","1.9004020690917969","1.701594352722168","1.701594352722168","1.701594352722168","0.622958779335022","0.622958779335022","0.622958779335022","0.413893461227417","0.413893461227417","0.413893461227417"
"1420","0.6619303226470947","0.6619303226470947","0.6619303226470947","3.289703369140625","3.289703369140625","3.289703369140625","2.8255081176757812","2.8255081176757812","2.8255081176757812","2.8545074462890625","2.8545074462890625","2.8545074462890625","1.5882320404052734","1.5882320404052734","1.5882320404052734","1.7355868816375732","1.7355868816375732","1.7355868816375732","2.0400424003601074","2.0400424003601074","2.0400424003601074","2.132598876953125","2.132598876953125","2.132598876953125","2.094789505004883","2.094789505004883","2.094789505004883","0.7688056826591492","0.7688056826591492","0.7688056826591492","0.46912992000579834","0.46912992000579834","0.46912992000579834"
"1430","0.4470461905002594","0.4470461905002594","0.4470461905002594","3.1415557861328125","3.1415557861328125","3.1415557861328125","2.7830734252929688","2.7830734252929688","2.7830734252929688","2.8430709838867188","2.8430709838867188","2.8430709838867188","1.628890037536621","1.628890037536621","1.628890037536621","1.0786638259887695","1.0786638259887695","1.0786638259887695","2.3242263793945312","2.3242263793945312","2.3242263793945312","1.4537067413330078","1.4537067413330078","1.4537067413330078","1.2706830501556396","1.2706830501556396","1.2706830501556396","0.6063020825386047","0.6063020825386047","0.6063020825386047","0.3236311078071594","0.3236311078071594","0.3236311078071594"
"1440","0.4788716435432434","0.4788716435432434","0.4788716435432434","3.3619232177734375","3.3619232177734375","3.3619232177734375","2.8196067810058594","2.8196067810058594","2.8196067810058594","2.9280471801757812","2.9280471801757812","2.9280471801757812","1.6481943130493164","1.6481943130493164","1.6481943130493164","1.1176427602767944","1.1176427602767944","1.1176427602767944","1.9531960487365723","1.9531960487365723","1.9531960487365723","1.8675532341003418","1.8675532341003418","1.8675532341003418","1.8070671558380127","1.8070671558380127","1.8070671558380127","0.5758553743362427","0.5758553743362427","0.5758553743362427","0.3265393376350403","0.3265393376350403","0.3265393376350403"
"1450","0.9805105328559875","0.9805105328559875","0.9805105328559875","3.3521206378936768","3.3521206378936768","3.3521206378936768","2.779296875","2.779296875","2.779296875","3.112258195877075","3.112258195877075","3.112258195877075","1.8382742404937744","1.8382742404937744","1.8382742404937744","1.594983458518982","1.594983458518982","1.594983458518982","2.7677175998687744","2.7677175998687744","2.7677175998687744","1.788202166557312","1.788202166557312","1.788202166557312","2.0783023834228516","2.0783023834228516","2.0783023834228516","0.7888219356536865","0.7888219356536865","0.7888219356536865","0.5467607378959656","0.5467607378959656","0.5467607378959656"
"1460","0.7137919664382935","0.7137919664382935","0.7137919664382935","3.2625579833984375","3.2625579833984375","3.2625579833984375","2.7529830932617188","2.7529830932617188","2.7529830932617188","2.7385101318359375","2.7385101318359375","2.7385101318359375","1.6740913391113281","1.6740913391113281","1.6740913391113281","1.2778090238571167","1.2778090238571167","1.2778090238571167","2.064584732055664","2.064584732055664","2.064584732055664","1.4539625644683838","1.4539625644683838","1.4539625644683838","1.6846513748168945","1.6846513748168945","1.6846513748168945","0.752977192401886","0.752977192401886","0.752977192401886","0.47239553928375244","0.47239553928375244","0.47239553928375244"
"1470","0.6022854447364807","0.6022854447364807","0.6022854447364807","3.0947113037109375","3.0947113037109375","3.0947113037109375","2.611522674560547","2.611522674560547","2.611522674560547","2.8003692626953125","2.8003692626953125","2.8003692626953125","1.2541074752807617","1.2541074752807617","1.2541074752807617","1.1136078834533691","1.1136078834533691","1.1136078834533691","2.091677188873291","2.091677188873291","2.091677188873291","1.567633867263794","1.567633867263794","1.567633867263794","1.5850694179534912","1.5850694179534912","1.5850694179534912","0.6440324187278748","0.6440324187278748","0.6440324187278748","0.3153037428855896","0.3153037428855896","0.3153037428855896"
"1480","0.8882827162742615","0.8882827162742615","0.8882827162742615","3.01287841796875","3.01287841796875","3.01287841796875","2.6487884521484375","2.6487884521484375","2.6487884521484375","2.8883819580078125","2.8883819580078125","2.8883819580078125","1.8180789947509766","1.8180789947509766","1.8180789947509766","1.1326106786727905","1.1326106786727905","1.1326106786727905","1.6015052795410156","1.6015052795410156","1.6015052795410156","1.8571422100067139","1.8571422100067139","1.8571422100067139","1.6777257919311523","1.6777257919311523","1.6777257919311523","0.7771276831626892","0.7771276831626892","0.7771276831626892","0.25395622849464417","0.25395622849464417","0.25395622849464417"
"1490","0.6666322350502014","0.6666322350502014","0.6666322350502014","3.41497802734375","3.41497802734375","3.41497802734375","2.7237091064453125","2.7237091064453125","2.7237091064453125","2.8687820434570312","2.8687820434570312","2.8687820434570312","1.5849225521087646","1.5849225521087646","1.5849225521087646","1.3394020795822144","1.3394020795822144","1.3394020795822144","2.5129127502441406","2.5129127502441406","2.5129127502441406","1.608522653579712","1.608522653579712","1.608522653579712","2.1381750106811523","2.1381750106811523","2.1381750106811523","0.5686320066452026","0.5686320066452026","0.5686320066452026","0.335258424282074","0.335258424282074","0.335258424282074"
"1500","0.6884905099868774","0.6884905099868774","0.6884905099868774","3.3638916015625","3.3638916015625","3.3638916015625","2.6425399780273438","2.6425399780273438","2.6425399780273438","2.8704299926757812","2.8704299926757812","2.8704299926757812","1.509661316871643","1.509661316871643","1.509661316871643","1.2784621715545654","1.2784621715545654","1.2784621715545654","1.9849567413330078","1.9849567413330078","1.9849567413330078","1.4468810558319092","1.4468810558319092","1.4468810558319092","1.4271869659423828","1.4271869659423828","1.4271869659423828","0.4928798973560333","0.4928798973560333","0.4928798973560333","0.38373878598213196","0.38373878598213196","0.38373878598213196"
"1510","0.33152174949645996","0.33152174949645996","0.33152174949645996","3.3093605041503906","3.3093605041503906","3.3093605041503906","2.52593994140625","2.52593994140625","2.52593994140625","2.565540313720703","2.565540313720703","2.565540313720703","1.5594205856323242","1.5594205856323242","1.5594205856323242","1.361398696899414","1.361398696899414","1.361398696899414","2.2549495697021484","2.2549495697021484","2.2549495697021484","1.4407110214233398","1.4407110214233398","1.4407110214233398","1.4805407524108887","1.4805407524108887","1.4805407524108887","0.504605233669281","0.504605233669281","0.504605233669281","0.33314090967178345","0.33314090967178345","0.33314090967178345"
"1520","0.5300212502479553","0.5300212502479553","0.5300212502479553","3.0779495239257812","3.0779495239257812","3.0779495239257812","2.7066192626953125","2.7066192626953125","2.7066192626953125","2.861724853515625","2.861724853515625","2.861724853515625","1.7215940952301025","1.7215940952301025","1.7215940952301025","1.3203809261322021","1.3203809261322021","1.3203809261322021","1.9501667022705078","1.9501667022705078","1.9501667022705078","1.9018182754516602","1.9018182754516602","1.9018182754516602","1.6744866371154785","1.6744866371154785","1.6744866371154785","0.6499408483505249","0.6499408483505249","0.6499408483505249","0.30024945735931396","0.30024945735931396","0.30024945735931396"
"1530","0.5938236713409424","0.5938236713409424","0.5938236713409424","3.450714111328125","3.450714111328125","3.450714111328125","2.6717147827148438","2.6717147827148438","2.6717147827148438","2.8319225311279297","2.8319225311279297","2.8319225311279297","1.3175439834594727","1.3175439834594727","1.3175439834594727","1.4881155490875244","1.4881155490875244","1.4881155490875244","1.5379924774169922","1.5379924774169922","1.5379924774169922","1.4951722621917725","1.4951722621917725","1.4951722621917725","1.7131059169769287","1.7131059169769287","1.7131059169769287","0.48787176609039307","0.48787176609039307","0.48787176609039307","0.494644433259964","0.494644433259964","0.494644433259964"
"1540","0.3868952691555023","0.3868952691555023","0.3868952691555023","2.9612960815429688","2.9612960815429688","2.9612960815429688","2.5390777587890625","2.5390777587890625","2.5390777587890625","2.883953094482422","2.883953094482422","2.883953094482422","1.6239345073699951","1.6239345073699951","1.6239345073699951","1.1520626544952393","1.1520626544952393","1.1520626544952393","2.0904974937438965","2.0904974937438965","2.0904974937438965","1.6357221603393555","1.6357221603393555","1.6357221603393555","1.5347987413406372","1.5347987413406372","1.5347987413406372","0.4620279371738434","0.4620279371738434","0.4620279371738434","0.5766267776489258","0.5766267776489258","0.5766267776489258"
"1550","0.5968917608261108","0.5968917608261108","0.5968917608261108","3.301788330078125","3.301788330078125","3.301788330078125","2.66229248046875","2.66229248046875","2.66229248046875","2.7394943237304688","2.7394943237304688","2.7394943237304688","1.4748533964157104","1.4748533964157104","1.4748533964157104","0.9362504482269287","0.9362504482269287","0.9362504482269287","1.8037655353546143","1.8037655353546143","1.8037655353546143","1.541804313659668","1.541804313659668","1.541804313659668","1.8956211805343628","1.8956211805343628","1.8956211805343628","0.6140127182006836","0.6140127182006836","0.6140127182006836","0.37408679723739624","0.37408679723739624","0.37408679723739624"
"1560","0.7338643074035645","0.7338643074035645","0.7338643074035645","3.1634902954101562","3.1634902954101562","3.1634902954101562","2.6521263122558594","2.6521263122558594","2.6521263122558594","2.8044815063476562","2.8044815063476562","2.8044815063476562","1.7279717922210693","1.7279717922210693","1.7279717922210693","1.320150375366211","1.320150375366211","1.320150375366211","1.9112287759780884","1.9112287759780884","1.9112287759780884","1.4001110792160034","1.4001110792160034","1.4001110792160034","1.80393648147583","1.80393648147583","1.80393648147583","0.5600886344909668","0.5600886344909668","0.5600886344909668","0.21185360848903656","0.21185360848903656","0.21185360848903656"
"1570","0.42805802822113037","0.42805802822113037","0.42805802822113037","3.2198944091796875","3.2198944091796875","3.2198944091796875","2.6338043212890625","2.6338043212890625","2.6338043212890625","2.73907470703125","2.73907470703125","2.73907470703125","1.3736004829406738","1.3736004829406738","1.3736004829406738","1.186914086341858","1.186914086341858","1.186914086341858","1.669280767440796","1.669280767440796","1.669280767440796","1.4645981788635254","1.4645981788635254","1.4645981788635254","1.3766217231750488","1.3766217231750488","1.3766217231750488","0.39709344506263733","0.39709344506263733","0.39709344506263733","0.30588358640670776","0.30588358640670776","0.30588358640670776"
"1580","0.35981571674346924","0.35981571674346924","0.35981571674346924","2.893352508544922","2.893352508544922","2.893352508544922","2.674285888671875","2.674285888671875","2.674285888671875","2.80352783203125","2.80352783203125","2.80352783203125","1.495164394378662","1.495164394378662","1.495164394378662","1.447365641593933","1.447365641593933","1.447365641593933","1.9834389686584473","1.9834389686584473","1.9834389686584473","1.3251137733459473","1.3251137733459473","1.3251137733459473","1.7434287071228027","1.7434287071228027","1.7434287071228027","0.33791711926460266","0.33791711926460266","0.33791711926460266","0.3086470067501068","0.3086470067501068","0.3086470067501068"
"1590","0.25715112686157227","0.25715112686157227","0.25715112686157227","3.1919403076171875","3.1919403076171875","3.1919403076171875","2.723041534423828","2.723041534423828","2.723041534423828","2.820953369140625","2.820953369140625","2.820953369140625","1.4227604866027832","1.4227604866027832","1.4227604866027832","1.2519192695617676","1.2519192695617676","1.2519192695617676","2.0603485107421875","2.0603485107421875","2.0603485107421875","1.8539526462554932","1.8539526462554932","1.8539526462554932","1.3635988235473633","1.3635988235473633","1.3635988235473633","0.37336423993110657","0.37336423993110657","0.37336423993110657","0.4204294681549072","0.4204294681549072","0.4204294681549072"
"1600","0.4495221972465515","0.4495221972465515","0.4495221972465515","2.87860107421875","2.87860107421875","2.87860107421875","2.867095947265625","2.867095947265625","2.867095947265625","3.0909652709960938","3.0909652709960938","3.0909652709960938","1.5589046478271484","1.5589046478271484","1.5589046478271484","1.2635548114776611","1.2635548114776611","1.2635548114776611","2.1698684692382812","2.1698684692382812","2.1698684692382812","1.4499337673187256","1.4499337673187256","1.4499337673187256","1.2596039772033691","1.2596039772033691","1.2596039772033691","0.4335307478904724","0.4335307478904724","0.4335307478904724","0.30498507618904114","0.30498507618904114","0.30498507618904114"
"1610","0.42691707611083984","0.42691707611083984","0.42691707611083984","3.0335159301757812","3.0335159301757812","3.0335159301757812","2.6387786865234375","2.6387786865234375","2.6387786865234375","2.6675148010253906","2.6675148010253906","2.6675148010253906","1.5248517990112305","1.5248517990112305","1.5248517990112305","1.233251929283142","1.233251929283142","1.233251929283142","1.9559898376464844","1.9559898376464844","1.9559898376464844","1.3504180908203125","1.3504180908203125","1.3504180908203125","1.503037929534912","1.503037929534912","1.503037929534912","0.3653881251811981","0.3653881251811981","0.3653881251811981","0.21051625907421112","0.21051625907421112","0.21051625907421112"
"1620","0.4093322157859802","0.4093322157859802","0.4093322157859802","3.6546783447265625","3.6546783447265625","3.6546783447265625","2.4353866577148438","2.4353866577148438","2.4353866577148438","2.640838623046875","2.640838623046875","2.640838623046875","1.4274945259094238","1.4274945259094238","1.4274945259094238","1.3063156604766846","1.3063156604766846","1.3063156604766846","2.4223031997680664","2.4223031997680664","2.4223031997680664","1.3884553909301758","1.3884553909301758","1.3884553909301758","1.51218581199646","1.51218581199646","1.51218581199646","0.5130380392074585","0.5130380392074585","0.5130380392074585","0.3583848178386688","0.3583848178386688","0.3583848178386688"
"1630","0.6577088236808777","0.6577088236808777","0.6577088236808777","3.3891143798828125","3.3891143798828125","3.3891143798828125","2.42108154296875","2.42108154296875","2.42108154296875","2.7275543212890625","2.7275543212890625","2.7275543212890625","1.216092586517334","1.216092586517334","1.216092586517334","1.2479619979858398","1.2479619979858398","1.2479619979858398","1.8851404190063477","1.8851404190063477","1.8851404190063477","1.3104078769683838","1.3104078769683838","1.3104078769683838","1.3157899379730225","1.3157899379730225","1.3157899379730225","0.3602321743965149","0.3602321743965149","0.3602321743965149","0.30008384585380554","0.30008384585380554","0.30008384585380554"
"1640","0.33279672265052795","0.33279672265052795","0.33279672265052795","3.229888916015625","3.229888916015625","3.229888916015625","2.548786163330078","2.548786163330078","2.548786163330078","2.6878128051757812","2.6878128051757812","2.6878128051757812","1.35813570022583","1.35813570022583","1.35813570022583","1.193847417831421","1.193847417831421","1.193847417831421","2.0211963653564453","2.0211963653564453","2.0211963653564453","1.7088032960891724","1.7088032960891724","1.7088032960891724","1.502389669418335","1.502389669418335","1.502389669418335","0.42218559980392456","0.42218559980392456","0.42218559980392456","0.37102192640304565","0.37102192640304565","0.37102192640304565"
"1650","0.5923190116882324","0.5923190116882324","0.5923190116882324","3.10772705078125","3.10772705078125","3.10772705078125","2.746795654296875","2.746795654296875","2.746795654296875","2.600444793701172","2.600444793701172","2.600444793701172","1.7994039058685303","1.7994039058685303","1.7994039058685303","1.4347305297851562","1.4347305297851562","1.4347305297851562","1.648018717765808","1.648018717765808","1.648018717765808","1.40248441696167","1.40248441696167","1.40248441696167","1.7794179916381836","1.7794179916381836","1.7794179916381836","0.48015207052230835","0.48015207052230835","0.48015207052230835","0.31707650423049927","0.31707650423049927","0.31707650423049927"
"1660","0.6615123748779297","0.6615123748779297","0.6615123748779297","3.23779296875","3.23779296875","3.23779296875","2.5903167724609375","2.5903167724609375","2.5903167724609375","2.9331741333007812","2.9331741333007812","2.9331741333007812","1.2318320274353027","1.2318320274353027","1.2318320274353027","1.1018857955932617","1.1018857955932617","1.1018857955932617","1.6689059734344482","1.6689059734344482","1.6689059734344482","1.3822100162506104","1.3822100162506104","1.3822100162506104","1.571468472480774","1.571468472480774","1.571468472480774","0.2775946855545044","0.2775946855545044","0.2775946855545044","0.29441556334495544","0.29441556334495544","0.29441556334495544"
"1670","0.48562225699424744","0.48562225699424744","0.48562225699424744","3.0913543701171875","3.0913543701171875","3.0913543701171875","2.3644256591796875","2.3644256591796875","2.3644256591796875","2.86737060546875","2.86737060546875","2.86737060546875","1.4424127340316772","1.4424127340316772","1.4424127340316772","1.357323408126831","1.357323408126831","1.357323408126831","1.994747281074524","1.994747281074524","1.994747281074524","1.5129809379577637","1.5129809379577637","1.5129809379577637","1.5043387413024902","1.5043387413024902","1.5043387413024902","0.42329201102256775","0.42329201102256775","0.42329201102256775","0.3266741633415222","0.3266741633415222","0.3266741633415222"
"1680","0.45183250308036804","0.45183250308036804","0.45183250308036804","2.9845504760742188","2.9845504760742188","2.9845504760742188","2.754119873046875","2.754119873046875","2.754119873046875","2.5576133728027344","2.5576133728027344","2.5576133728027344","1.486743688583374","1.486743688583374","1.486743688583374","1.1960442066192627","1.1960442066192627","1.1960442066192627","1.9168872833251953","1.9168872833251953","1.9168872833251953","1.446066975593567","1.446066975593567","1.446066975593567","1.570943832397461","1.570943832397461","1.570943832397461","0.4027952551841736","0.4027952551841736","0.4027952551841736","0.3649482727050781","0.3649482727050781","0.3649482727050781"
"1690","0.5331130623817444","0.5331130623817444","0.5331130623817444","2.9874000549316406","2.9874000549316406","2.9874000549316406","2.616718292236328","2.616718292236328","2.616718292236328","2.598491668701172","2.598491668701172","2.598491668701172","1.4986203908920288","1.4986203908920288","1.4986203908920288","1.1311372518539429","1.1311372518539429","1.1311372518539429","1.9002939462661743","1.9002939462661743","1.9002939462661743","1.352587103843689","1.352587103843689","1.352587103843689","1.4280626773834229","1.4280626773834229","1.4280626773834229","0.3576616942882538","0.3576616942882538","0.3576616942882538","0.26505929231643677","0.26505929231643677","0.26505929231643677"
"1700","0.417572021484375","0.417572021484375","0.417572021484375","3.2531509399414062","3.2531509399414062","3.2531509399414062","2.3313560485839844","2.3313560485839844","2.3313560485839844","2.5423355102539062","2.5423355102539062","2.5423355102539062","1.251054286956787","1.251054286956787","1.251054286956787","1.1439018249511719","1.1439018249511719","1.1439018249511719","1.8594598770141602","1.8594598770141602","1.8594598770141602","1.1982827186584473","1.1982827186584473","1.1982827186584473","1.3298282623291016","1.3298282623291016","1.3298282623291016","0.5151136517524719","0.5151136517524719","0.5151136517524719","0.3021232485771179","0.3021232485771179","0.3021232485771179"
"1710","0.584087610244751","0.584087610244751","0.584087610244751","3.2727279663085938","3.2727279663085938","3.2727279663085938","2.4615478515625","2.4615478515625","2.4615478515625","2.9588165283203125","2.9588165283203125","2.9588165283203125","1.2044240236282349","1.2044240236282349","1.2044240236282349","1.0621097087860107","1.0621097087860107","1.0621097087860107","1.9178695678710938","1.9178695678710938","1.9178695678710938","1.4589965343475342","1.4589965343475342","1.4589965343475342","1.3788518905639648","1.3788518905639648","1.3788518905639648","0.40101030468940735","0.40101030468940735","0.40101030468940735","0.45074930787086487","0.45074930787086487","0.45074930787086487"
"1720","0.538817822933197","0.538817822933197","0.538817822933197","3.205108642578125","3.205108642578125","3.205108642578125","2.483997344970703","2.483997344970703","2.483997344970703","2.6983604431152344","2.6983604431152344","2.6983604431152344","1.0461794137954712","1.0461794137954712","1.0461794137954712","0.9146966934204102","0.9146966934204102","0.9146966934204102","2.023265838623047","2.023265838623047","2.023265838623047","1.3294763565063477","1.3294763565063477","1.3294763565063477","1.206881046295166","1.206881046295166","1.206881046295166","0.35479605197906494","0.35479605197906494","0.35479605197906494","0.18263153731822968","0.18263153731822968","0.18263153731822968"
"1730","0.417982816696167","0.417982816696167","0.417982816696167","3.0972442626953125","3.0972442626953125","3.0972442626953125","2.4448471069335938","2.4448471069335938","2.4448471069335938","2.6656570434570312","2.6656570434570312","2.6656570434570312","1.4129984378814697","1.4129984378814697","1.4129984378814697","1.269467830657959","1.269467830657959","1.269467830657959","1.7868938446044922","1.7868938446044922","1.7868938446044922","1.3546205759048462","1.3546205759048462","1.3546205759048462","1.4738520383834839","1.4738520383834839","1.4738520383834839","0.3313021659851074","0.3313021659851074","0.3313021659851074","0.2820584177970886","0.2820584177970886","0.2820584177970886"
"1740","0.32213959097862244","0.32213959097862244","0.32213959097862244","3.4278273582458496","3.4278273582458496","3.4278273582458496","2.7020785808563232","2.7020785808563232","2.7020785808563232","2.804222583770752","2.804222583770752","2.804222583770752","1.9965521097183228","1.9965521097183228","1.9965521097183228","1.3677034378051758","1.3677034378051758","1.3677034378051758","2.140346050262451","2.140346050262451","2.140346050262451","1.305707573890686","1.305707573890686","1.305707573890686","1.4589691162109375","1.4589691162109375","1.4589691162109375","0.40918269753456116","0.40918269753456116","0.40918269753456116","0.29578402638435364","0.29578402638435364","0.29578402638435364"
"1750","0.2228979617357254","0.2228979617357254","0.2228979617357254","2.9260330200195312","2.9260330200195312","2.9260330200195312","2.5599098205566406","2.5599098205566406","2.5599098205566406","2.5650634765625","2.5650634765625","2.5650634765625","1.1347429752349854","1.1347429752349854","1.1347429752349854","0.8188169598579407","0.8188169598579407","0.8188169598579407","1.5440378189086914","1.5440378189086914","1.5440378189086914","1.5137934684753418","1.5137934684753418","1.5137934684753418","1.4617928266525269","1.4617928266525269","1.4617928266525269","0.3490981459617615","0.3490981459617615","0.3490981459617615","0.2442207634449005","0.2442207634449005","0.2442207634449005"
"1760","0.4656842350959778","0.4656842350959778","0.4656842350959778","3.175384521484375","3.175384521484375","3.175384521484375","2.50714111328125","2.50714111328125","2.50714111328125","2.6879196166992188","2.6879196166992188","2.6879196166992188","1.8178298473358154","1.8178298473358154","1.8178298473358154","1.2292224168777466","1.2292224168777466","1.2292224168777466","1.6955816745758057","1.6955816745758057","1.6955816745758057","1.2325191497802734","1.2325191497802734","1.2325191497802734","1.5659666061401367","1.5659666061401367","1.5659666061401367","0.34272024035453796","0.34272024035453796","0.34272024035453796","0.2949691414833069","0.2949691414833069","0.2949691414833069"
"1770","0.3974100649356842","0.3974100649356842","0.3974100649356842","3.013671875","3.013671875","3.013671875","2.58135986328125","2.58135986328125","2.58135986328125","2.7702789306640625","2.7702789306640625","2.7702789306640625","1.061272382736206","1.061272382736206","1.061272382736206","1.230360507965088","1.230360507965088","1.230360507965088","1.7813782691955566","1.7813782691955566","1.7813782691955566","1.3958220481872559","1.3958220481872559","1.3958220481872559","1.3742806911468506","1.3742806911468506","1.3742806911468506","0.2657836675643921","0.2657836675643921","0.2657836675643921","0.22375957667827606","0.22375957667827606","0.22375957667827606"
"1780","0.4905391335487366","0.4905391335487366","0.4905391335487366","3.054718017578125","3.054718017578125","3.054718017578125","2.600311279296875","2.600311279296875","2.600311279296875","2.4345932006835938","2.4345932006835938","2.4345932006835938","1.8144890069961548","1.8144890069961548","1.8144890069961548","1.3671598434448242","1.3671598434448242","1.3671598434448242","1.5207405090332031","1.5207405090332031","1.5207405090332031","1.1133739948272705","1.1133739948272705","1.1133739948272705","1.5224571228027344","1.5224571228027344","1.5224571228027344","0.2739856243133545","0.2739856243133545","0.2739856243133545","0.2383824586868286","0.2383824586868286","0.2383824586868286"
"1790","0.5806818008422852","0.5806818008422852","0.5806818008422852","3.036712646484375","3.036712646484375","3.036712646484375","2.2691497802734375","2.2691497802734375","2.2691497802734375","2.4368209838867188","2.4368209838867188","2.4368209838867188","1.4518934488296509","1.4518934488296509","1.4518934488296509","0.984089732170105","0.984089732170105","0.984089732170105","1.5328922271728516","1.5328922271728516","1.5328922271728516","1.2052998542785645","1.2052998542785645","1.2052998542785645","1.501900553703308","1.501900553703308","1.501900553703308","0.4350135028362274","0.4350135028362274","0.4350135028362274","0.2534117102622986","0.2534117102622986","0.2534117102622986"
"1800","0.27431052923202515","0.27431052923202515","0.27431052923202515","2.9749374389648438","2.9749374389648438","2.9749374389648438","2.207611083984375","2.207611083984375","2.207611083984375","2.8605499267578125","2.8605499267578125","2.8605499267578125","1.4350522756576538","1.4350522756576538","1.4350522756576538","1.029256820678711","1.029256820678711","1.029256820678711","1.3465137481689453","1.3465137481689453","1.3465137481689453","1.054443359375","1.054443359375","1.054443359375","1.3206870555877686","1.3206870555877686","1.3206870555877686","0.2515661120414734","0.2515661120414734","0.2515661120414734","0.1551627218723297","0.1551627218723297","0.1551627218723297"
"1810","0.4163198471069336","0.4163198471069336","0.4163198471069336","3.2297821044921875","3.2297821044921875","3.2297821044921875","2.4500656127929688","2.4500656127929688","2.4500656127929688","2.488452911376953","2.488452911376953","2.488452911376953","1.1925749778747559","1.1925749778747559","1.1925749778747559","1.031843900680542","1.031843900680542","1.031843900680542","1.7668156623840332","1.7668156623840332","1.7668156623840332","1.3189618587493896","1.3189618587493896","1.3189618587493896","1.1932549476623535","1.1932549476623535","1.1932549476623535","0.2793460488319397","0.2793460488319397","0.2793460488319397","0.2610616087913513","0.2610616087913513","0.2610616087913513"
"1820","0.3242160975933075","0.3242160975933075","0.3242160975933075","2.9192886352539062","2.9192886352539062","2.9192886352539062","2.3270673751831055","2.3270673751831055","2.3270673751831055","2.6561965942382812","2.6561965942382812","2.6561965942382812","0.8877566456794739","0.8877566456794739","0.8877566456794739","1.2650700807571411","1.2650700807571411","1.2650700807571411","1.4372310638427734","1.4372310638427734","1.4372310638427734","1.373685359954834","1.373685359954834","1.373685359954834","1.4514236450195312","1.4514236450195312","1.4514236450195312","0.4267435073852539","0.4267435073852539","0.4267435073852539","0.2070602923631668","0.2070602923631668","0.2070602923631668"
"1830","0.3649596571922302","0.3649596571922302","0.3649596571922302","3.2230453491210938","3.2230453491210938","3.2230453491210938","2.275432586669922","2.275432586669922","2.275432586669922","2.682323455810547","2.682323455810547","2.682323455810547","1.269670009613037","1.269670009613037","1.269670009613037","1.0380991697311401","1.0380991697311401","1.0380991697311401","1.6214580535888672","1.6214580535888672","1.6214580535888672","1.2078306674957275","1.2078306674957275","1.2078306674957275","1.2927041053771973","1.2927041053771973","1.2927041053771973","0.3904172480106354","0.3904172480106354","0.3904172480106354","0.21951065957546234","0.21951065957546234","0.21951065957546234"
"1840","0.28623777627944946","0.28623777627944946","0.28623777627944946","3.2691383361816406","3.2691383361816406","3.2691383361816406","2.147279739379883","2.147279739379883","2.147279739379883","2.5769500732421875","2.5769500732421875","2.5769500732421875","1.3213655948638916","1.3213655948638916","1.3213655948638916","0.9726647138595581","0.9726647138595581","0.9726647138595581","1.2894115447998047","1.2894115447998047","1.2894115447998047","1.1733670234680176","1.1733670234680176","1.1733670234680176","1.4922643899917603","1.4922643899917603","1.4922643899917603","0.28633761405944824","0.28633761405944824","0.28633761405944824","0.19057974219322205","0.19057974219322205","0.19057974219322205"
"1850","0.4336828589439392","0.4336828589439392","0.4336828589439392","3.0988616943359375","3.0988616943359375","3.0988616943359375","2.4818649291992188","2.4818649291992188","2.4818649291992188","2.8165740966796875","2.8165740966796875","2.8165740966796875","1.329237937927246","1.329237937927246","1.329237937927246","0.795900285243988","0.795900285243988","0.795900285243988","1.6808819770812988","1.6808819770812988","1.6808819770812988","1.2723954916000366","1.2723954916000366","1.2723954916000366","1.3199691772460938","1.3199691772460938","1.3199691772460938","0.3118366599082947","0.3118366599082947","0.3118366599082947","0.1600157916545868","0.1600157916545868","0.1600157916545868"
"1860","0.225291907787323","0.225291907787323","0.225291907787323","3.0162811279296875","3.0162811279296875","3.0162811279296875","2.5117855072021484","2.5117855072021484","2.5117855072021484","2.7514877319335938","2.7514877319335938","2.7514877319335938","0.8972856402397156","0.8972856402397156","0.8972856402397156","0.6167912483215332","0.6167912483215332","0.6167912483215332","1.5919774770736694","1.5919774770736694","1.5919774770736694","1.2521858215332031","1.2521858215332031","1.2521858215332031","1.2657864093780518","1.2657864093780518","1.2657864093780518","0.23083555698394775","0.23083555698394775","0.23083555698394775","0.22821424901485443","0.22821424901485443","0.22821424901485443"
"1870","0.4041791558265686","0.4041791558265686","0.4041791558265686","3.1478118896484375","3.1478118896484375","3.1478118896484375","2.2771377563476562","2.2771377563476562","2.2771377563476562","2.586711883544922","2.586711883544922","2.586711883544922","1.3057342767715454","1.3057342767715454","1.3057342767715454","0.869064450263977","0.869064450263977","0.869064450263977","1.2626360654830933","1.2626360654830933","1.2626360654830933","1.0986071825027466","1.0986071825027466","1.0986071825027466","1.626269817352295","1.626269817352295","1.626269817352295","0.28333911299705505","0.28333911299705505","0.28333911299705505","0.25487542152404785","0.25487542152404785","0.25487542152404785"
"1880","0.2422599494457245","0.2422599494457245","0.2422599494457245","2.8642501831054688","2.8642501831054688","2.8642501831054688","2.5668811798095703","2.5668811798095703","2.5668811798095703","2.517253875732422","2.517253875732422","2.517253875732422","1.0976470708847046","1.0976470708847046","1.0976470708847046","1.1857531070709229","1.1857531070709229","1.1857531070709229","1.7328957319259644","1.7328957319259644","1.7328957319259644","1.0320860147476196","1.0320860147476196","1.0320860147476196","0.9941844344139099","0.9941844344139099","0.9941844344139099","0.4025668501853943","0.4025668501853943","0.4025668501853943","0.4137125611305237","0.4137125611305237","0.4137125611305237"
"1890","0.6226844191551208","0.6226844191551208","0.6226844191551208","3.1540985107421875","3.1540985107421875","3.1540985107421875","2.5506057739257812","2.5506057739257812","2.5506057739257812","2.5737133026123047","2.5737133026123047","2.5737133026123047","1.1589869260787964","1.1589869260787964","1.1589869260787964","1.3145270347595215","1.3145270347595215","1.3145270347595215","1.6958249807357788","1.6958249807357788","1.6958249807357788","1.3687517642974854","1.3687517642974854","1.3687517642974854","1.3868653774261475","1.3868653774261475","1.3868653774261475","0.2853832244873047","0.2853832244873047","0.2853832244873047","0.21763017773628235","0.21763017773628235","0.21763017773628235"
"1900","0.6173410415649414","0.6173410415649414","0.6173410415649414","2.8850784301757812","2.8850784301757812","2.8850784301757812","2.5222511291503906","2.5222511291503906","2.5222511291503906","2.6188888549804688","2.6188888549804688","2.6188888549804688","1.250504493713379","1.250504493713379","1.250504493713379","0.9311079978942871","0.9311079978942871","0.9311079978942871","1.6892378330230713","1.6892378330230713","1.6892378330230713","1.2268457412719727","1.2268457412719727","1.2268457412719727","1.4720287322998047","1.4720287322998047","1.4720287322998047","0.2800021469593048","0.2800021469593048","0.2800021469593048","0.11348311603069305","0.11348311603069305","0.11348311603069305"
"1910","0.7789716720581055","0.7789716720581055","0.7789716720581055","3.016510009765625","3.016510009765625","3.016510009765625","2.4783668518066406","2.4783668518066406","2.4783668518066406","2.6151504516601562","2.6151504516601562","2.6151504516601562","1.3559471368789673","1.3559471368789673","1.3559471368789673","1.218926191329956","1.218926191329956","1.218926191329956","1.5107285976409912","1.5107285976409912","1.5107285976409912","1.441951036453247","1.441951036453247","1.441951036453247","1.2761975526809692","1.2761975526809692","1.2761975526809692","0.2802842855453491","0.2802842855453491","0.2802842855453491","0.23309996724128723","0.23309996724128723","0.23309996724128723"
"1920","0.35157516598701477","0.35157516598701477","0.35157516598701477","2.7940521240234375","2.7940521240234375","2.7940521240234375","2.1619186401367188","2.1619186401367188","2.1619186401367188","2.4744739532470703","2.4744739532470703","2.4744739532470703","1.1022238731384277","1.1022238731384277","1.1022238731384277","1.0659096240997314","1.0659096240997314","1.0659096240997314","1.8285274505615234","1.8285274505615234","1.8285274505615234","1.1676065921783447","1.1676065921783447","1.1676065921783447","0.983832836151123","0.983832836151123","0.983832836151123","0.34255096316337585","0.34255096316337585","0.34255096316337585","0.14479289948940277","0.14479289948940277","0.14479289948940277"
"1930","0.3544415831565857","0.3544415831565857","0.3544415831565857","2.8489151000976562","2.8489151000976562","2.8489151000976562","2.1253843307495117","2.1253843307495117","2.1253843307495117","2.7671546936035156","2.7671546936035156","2.7671546936035156","1.0958495140075684","1.0958495140075684","1.0958495140075684","0.995055079460144","0.995055079460144","0.995055079460144","1.483327865600586","1.483327865600586","1.483327865600586","1.1648861169815063","1.1648861169815063","1.1648861169815063","1.4253106117248535","1.4253106117248535","1.4253106117248535","0.2260366827249527","0.2260366827249527","0.2260366827249527","0.20145802199840546","0.20145802199840546","0.20145802199840546"
"1940","0.2443205714225769","0.2443205714225769","0.2443205714225769","2.7705154418945312","2.7705154418945312","2.7705154418945312","2.287403106689453","2.287403106689453","2.287403106689453","2.5885868072509766","2.5885868072509766","2.5885868072509766","1.225196123123169","1.225196123123169","1.225196123123169","0.8904514908790588","0.8904514908790588","0.8904514908790588","1.331358790397644","1.331358790397644","1.331358790397644","1.009821891784668","1.009821891784668","1.009821891784668","1.2673996686935425","1.2673996686935425","1.2673996686935425","0.3665899932384491","0.3665899932384491","0.3665899932384491","0.21129271388053894","0.21129271388053894","0.21129271388053894"
"1950","0.43531185388565063","0.43531185388565063","0.43531185388565063","2.7811508178710938","2.7811508178710938","2.7811508178710938","2.257404327392578","2.257404327392578","2.257404327392578","2.3156604766845703","2.3156604766845703","2.3156604766845703","1.2230045795440674","1.2230045795440674","1.2230045795440674","0.7582292556762695","0.7582292556762695","0.7582292556762695","1.6625213623046875","1.6625213623046875","1.6625213623046875","1.3870877027511597","1.3870877027511597","1.3870877027511597","1.4123303890228271","1.4123303890228271","1.4123303890228271","0.26972973346710205","0.26972973346710205","0.26972973346710205","0.19082623720169067","0.19082623720169067","0.19082623720169067"
"1960","0.23330792784690857","0.23330792784690857","0.23330792784690857","3.1525726318359375","3.1525726318359375","3.1525726318359375","2.2208251953125","2.2208251953125","2.2208251953125","2.480072021484375","2.480072021484375","2.480072021484375","1.2103451490402222","1.2103451490402222","1.2103451490402222","1.0697431564331055","1.0697431564331055","1.0697431564331055","1.4808948040008545","1.4808948040008545","1.4808948040008545","1.0801897048950195","1.0801897048950195","1.0801897048950195","1.3781216144561768","1.3781216144561768","1.3781216144561768","0.22878135740756989","0.22878135740756989","0.22878135740756989","0.1886342614889145","0.1886342614889145","0.1886342614889145"
"1970","0.5530415773391724","0.5530415773391724","0.5530415773391724","3.143157958984375","3.143157958984375","3.143157958984375","2.4577159881591797","2.4577159881591797","2.4577159881591797","2.5145645141601562","2.5145645141601562","2.5145645141601562","0.9021966457366943","0.9021966457366943","0.9021966457366943","0.7417978048324585","0.7417978048324585","0.7417978048324585","1.4988365173339844","1.4988365173339844","1.4988365173339844","1.0425876379013062","1.0425876379013062","1.0425876379013062","1.2042180299758911","1.2042180299758911","1.2042180299758911","0.16239851713180542","0.16239851713180542","0.16239851713180542","0.2571917772293091","0.2571917772293091","0.2571917772293091"
"1980","0.5916129946708679","0.5916129946708679","0.5916129946708679","2.978912353515625","2.978912353515625","2.978912353515625","2.1627063751220703","2.1627063751220703","2.1627063751220703","2.240009307861328","2.240009307861328","2.240009307861328","1.1508361101150513","1.1508361101150513","1.1508361101150513","0.8337827324867249","0.8337827324867249","0.8337827324867249","1.417402982711792","1.417402982711792","1.417402982711792","0.9676801562309265","0.9676801562309265","0.9676801562309265","1.4745557308197021","1.4745557308197021","1.4745557308197021","0.35303622484207153","0.35303622484207153","0.35303622484207153","0.1435358077287674","0.1435358077287674","0.1435358077287674"
"1990","0.4381934404373169","0.4381934404373169","0.4381934404373169","2.8716278076171875","2.8716278076171875","2.8716278076171875","2.270416259765625","2.270416259765625","2.270416259765625","2.467775344848633","2.467775344848633","2.467775344848633","1.252186894416809","1.252186894416809","1.252186894416809","0.8031374216079712","0.8031374216079712","0.8031374216079712","1.4966003894805908","1.4966003894805908","1.4966003894805908","1.1502436399459839","1.1502436399459839","1.1502436399459839","1.0862326622009277","1.0862326622009277","1.0862326622009277","0.1817070096731186","0.1817070096731186","0.1817070096731186","0.16667629778385162","0.16667629778385162","0.16667629778385162"
"2000","0.29927486181259155","0.29927486181259155","0.29927486181259155","2.8062362670898438","2.8062362670898438","2.8062362670898438","2.115285873413086","2.115285873413086","2.115285873413086","2.3870277404785156","2.3870277404785156","2.3870277404785156","1.2343997955322266","1.2343997955322266","1.2343997955322266","0.6359933018684387","0.6359933018684387","0.6359933018684387","1.4078916311264038","1.4078916311264038","1.4078916311264038","0.9934971332550049","0.9934971332550049","0.9934971332550049","0.8929449915885925","0.8929449915885925","0.8929449915885925","0.14273418486118317","0.14273418486118317","0.14273418486118317","0.11221244931221008","0.11221244931221008","0.11221244931221008"
"2010","0.673086941242218","0.673086941242218","0.673086941242218","2.8868179321289062","2.8868179321289062","2.8868179321289062","2.6375961303710938","2.6375961303710938","2.6375961303710938","2.8567123413085938","2.8567123413085938","2.8567123413085938","1.1151785850524902","1.1151785850524902","1.1151785850524902","1.0807247161865234","1.0807247161865234","1.0807247161865234","1.3734564781188965","1.3734564781188965","1.3734564781188965","1.0151703357696533","1.0151703357696533","1.0151703357696533","0.9493116140365601","0.9493116140365601","0.9493116140365601","0.20655092597007751","0.20655092597007751","0.20655092597007751","0.18380770087242126","0.18380770087242126","0.18380770087242126"
"2020","0.2489607185125351","0.2489607185125351","0.2489607185125351","2.9883041381835938","2.9883041381835938","2.9883041381835938","2.418651580810547","2.418651580810547","2.418651580810547","2.503753662109375","2.503753662109375","2.503753662109375","1.0157634019851685","1.0157634019851685","1.0157634019851685","0.8750982284545898","0.8750982284545898","0.8750982284545898","1.4030332565307617","1.4030332565307617","1.4030332565307617","1.2919572591781616","1.2919572591781616","1.2919572591781616","1.1113084554672241","1.1113084554672241","1.1113084554672241","0.31744322180747986","0.31744322180747986","0.31744322180747986","0.15725520253181458","0.15725520253181458","0.15725520253181458"
"2030","0.4995097219944","0.4995097219944","0.4995097219944","3.080775737762451","3.080775737762451","3.080775737762451","2.6848957538604736","2.6848957538604736","2.6848957538604736","2.835705041885376","2.835705041885376","2.835705041885376","1.2030348777770996","1.2030348777770996","1.2030348777770996","0.7382214665412903","0.7382214665412903","0.7382214665412903","1.7462379932403564","1.7462379932403564","1.7462379932403564","1.1002745628356934","1.1002745628356934","1.1002745628356934","0.9219193458557129","0.9219193458557129","0.9219193458557129","0.22416198253631592","0.22416198253631592","0.22416198253631592","0.27168652415275574","0.27168652415275574","0.27168652415275574"
"2040","0.22319331765174866","0.22319331765174866","0.22319331765174866","3.002410888671875","3.002410888671875","3.002410888671875","2.4464263916015625","2.4464263916015625","2.4464263916015625","2.35107421875","2.35107421875","2.35107421875","0.8739031553268433","0.8739031553268433","0.8739031553268433","0.8294453620910645","0.8294453620910645","0.8294453620910645","1.500715970993042","1.500715970993042","1.500715970993042","1.3514084815979004","1.3514084815979004","1.3514084815979004","0.7670152187347412","0.7670152187347412","0.7670152187347412","0.13063403964042664","0.13063403964042664","0.13063403964042664","0.15016812086105347","0.15016812086105347","0.15016812086105347"
"2050","0.32096147537231445","0.32096147537231445","0.32096147537231445","2.768329620361328","2.768329620361328","2.768329620361328","2.348806381225586","2.348806381225586","2.348806381225586","2.3335037231445312","2.3335037231445312","2.3335037231445312","1.2213679552078247","1.2213679552078247","1.2213679552078247","0.7513370513916016","0.7513370513916016","0.7513370513916016","1.278171420097351","1.278171420097351","1.278171420097351","1.0270869731903076","1.0270869731903076","1.0270869731903076","0.9238309264183044","0.9238309264183044","0.9238309264183044","0.24374060332775116","0.24374060332775116","0.24374060332775116","0.13496436178684235","0.13496436178684235","0.13496436178684235"
"2060","0.29638880491256714","0.29638880491256714","0.29638880491256714","3.059356689453125","3.059356689453125","3.059356689453125","2.3810577392578125","2.3810577392578125","2.3810577392578125","2.4115982055664062","2.4115982055664062","2.4115982055664062","1.1500720977783203","1.1500720977783203","1.1500720977783203","0.8339300751686096","0.8339300751686096","0.8339300751686096","1.3084983825683594","1.3084983825683594","1.3084983825683594","1.145733118057251","1.145733118057251","1.145733118057251","1.3510512113571167","1.3510512113571167","1.3510512113571167","0.1433122307062149","0.1433122307062149","0.1433122307062149","0.1354711502790451","0.1354711502790451","0.1354711502790451"
"2070","0.3158766031265259","0.3158766031265259","0.3158766031265259","2.9350357055664062","2.9350357055664062","2.9350357055664062","2.241217613220215","2.241217613220215","2.241217613220215","2.7571563720703125","2.7571563720703125","2.7571563720703125","1.0092949867248535","1.0092949867248535","1.0092949867248535","0.8253225684165955","0.8253225684165955","0.8253225684165955","1.453956127166748","1.453956127166748","1.453956127166748","1.0494575500488281","1.0494575500488281","1.0494575500488281","0.9023040533065796","0.9023040533065796","0.9023040533065796","0.24290695786476135","0.24290695786476135","0.24290695786476135","0.09575638175010681","0.09575638175010681","0.09575638175010681"
"2080","0.3116264343261719","0.3116264343261719","0.3116264343261719","2.8924484252929688","2.8924484252929688","2.8924484252929688","2.2179336547851562","2.2179336547851562","2.2179336547851562","2.7495269775390625","2.7495269775390625","2.7495269775390625","0.9933719038963318","0.9933719038963318","0.9933719038963318","0.8326194286346436","0.8326194286346436","0.8326194286346436","1.2371978759765625","1.2371978759765625","1.2371978759765625","1.6493219137191772","1.6493219137191772","1.6493219137191772","1.1354200839996338","1.1354200839996338","1.1354200839996338","0.2121446430683136","0.2121446430683136","0.2121446430683136","0.15169689059257507","0.15169689059257507","0.15169689059257507"
"2090","0.33628880977630615","0.33628880977630615","0.33628880977630615","2.885284423828125","2.885284423828125","2.885284423828125","2.377896308898926","2.377896308898926","2.377896308898926","2.5833168029785156","2.5833168029785156","2.5833168029785156","0.7354959845542908","0.7354959845542908","0.7354959845542908","0.7122748494148254","0.7122748494148254","0.7122748494148254","1.2942299842834473","1.2942299842834473","1.2942299842834473","1.370327353477478","1.370327353477478","1.370327353477478","1.273239254951477","1.273239254951477","1.273239254951477","0.12306570261716843","0.12306570261716843","0.12306570261716843","0.10593084990978241","0.10593084990978241","0.10593084990978241"
"2100","0.5233986377716064","0.5233986377716064","0.5233986377716064","2.8126907348632812","2.8126907348632812","2.8126907348632812","2.4643497467041016","2.4643497467041016","2.4643497467041016","2.3046531677246094","2.3046531677246094","2.3046531677246094","1.0897291898727417","1.0897291898727417","1.0897291898727417","0.8099908828735352","0.8099908828735352","0.8099908828735352","1.2492308616638184","1.2492308616638184","1.2492308616638184","0.8081730008125305","0.8081730008125305","0.8081730008125305","1.224808692932129","1.224808692932129","1.224808692932129","0.21076984703540802","0.21076984703540802","0.21076984703540802","0.16735148429870605","0.16735148429870605","0.16735148429870605"
"2110","0.4417444169521332","0.4417444169521332","0.4417444169521332","2.95220947265625","2.95220947265625","2.95220947265625","2.0708651542663574","2.0708651542663574","2.0708651542663574","2.707426071166992","2.707426071166992","2.707426071166992","0.7767593264579773","0.7767593264579773","0.7767593264579773","0.8923410177230835","0.8923410177230835","0.8923410177230835","1.3823603391647339","1.3823603391647339","1.3823603391647339","0.8099021911621094","0.8099021911621094","0.8099021911621094","0.851349949836731","0.851349949836731","0.851349949836731","0.25564661622047424","0.25564661622047424","0.25564661622047424","0.20280662178993225","0.20280662178993225","0.20280662178993225"
"2120","0.15938222408294678","0.15938222408294678","0.15938222408294678","2.8041114807128906","2.8041114807128906","2.8041114807128906","2.4591293334960938","2.4591293334960938","2.4591293334960938","2.4820556640625","2.4820556640625","2.4820556640625","1.2171751260757446","1.2171751260757446","1.2171751260757446","0.7026426792144775","0.7026426792144775","0.7026426792144775","0.9863028526306152","0.9863028526306152","0.9863028526306152","0.8219180703163147","0.8219180703163147","0.8219180703163147","0.7840415239334106","0.7840415239334106","0.7840415239334106","0.17125317454338074","0.17125317454338074","0.17125317454338074","0.11546869575977325","0.11546869575977325","0.11546869575977325"
"2130","0.36392542719841003","0.36392542719841003","0.36392542719841003","2.836263656616211","2.836263656616211","2.836263656616211","2.3313941955566406","2.3313941955566406","2.3313941955566406","2.563089370727539","2.563089370727539","2.563089370727539","0.9942016005516052","0.9942016005516052","0.9942016005516052","0.7544867992401123","0.7544867992401123","0.7544867992401123","1.6552767753601074","1.6552767753601074","1.6552767753601074","1.4091296195983887","1.4091296195983887","1.4091296195983887","1.3705285787582397","1.3705285787582397","1.3705285787582397","0.21369564533233643","0.21369564533233643","0.21369564533233643","0.1158250942826271","0.1158250942826271","0.1158250942826271"
"2140","0.4607887268066406","0.4607887268066406","0.4607887268066406","2.9227218627929688","2.9227218627929688","2.9227218627929688","1.8880729675292969","1.8880729675292969","1.8880729675292969","2.490039825439453","2.490039825439453","2.490039825439453","1.1471296548843384","1.1471296548843384","1.1471296548843384","0.8979796171188354","0.8979796171188354","0.8979796171188354","1.2689659595489502","1.2689659595489502","1.2689659595489502","1.165930151939392","1.165930151939392","1.165930151939392","0.9571095705032349","0.9571095705032349","0.9571095705032349","0.28558579087257385","0.28558579087257385","0.28558579087257385","0.15463484823703766","0.15463484823703766","0.15463484823703766"
"2150","0.338369756937027","0.338369756937027","0.338369756937027","2.7340469360351562","2.7340469360351562","2.7340469360351562","2.571016788482666","2.571016788482666","2.571016788482666","2.2569313049316406","2.2569313049316406","2.2569313049316406","0.7029257416725159","0.7029257416725159","0.7029257416725159","0.561485767364502","0.561485767364502","0.561485767364502","1.568601369857788","1.568601369857788","1.568601369857788","1.1933693885803223","1.1933693885803223","1.1933693885803223","0.8872779607772827","0.8872779607772827","0.8872779607772827","0.1782006472349167","0.1782006472349167","0.1782006472349167","0.22402134537696838","0.22402134537696838","0.22402134537696838"
"2160","0.21044644713401794","0.21044644713401794","0.21044644713401794","3.0442886352539062","3.0442886352539062","3.0442886352539062","2.2372684478759766","2.2372684478759766","2.2372684478759766","2.1504077911376953","2.1504077911376953","2.1504077911376953","0.6654253005981445","0.6654253005981445","0.6654253005981445","0.9291123151779175","0.9291123151779175","0.9291123151779175","1.6793098449707031","1.6793098449707031","1.6793098449707031","0.8642370700836182","0.8642370700836182","0.8642370700836182","1.008497714996338","1.008497714996338","1.008497714996338","0.3656986951828003","0.3656986951828003","0.3656986951828003","0.1133606806397438","0.1133606806397438","0.1133606806397438"
"2170","0.19562754034996033","0.19562754034996033","0.19562754034996033","3.1120529174804688","3.1120529174804688","3.1120529174804688","2.1973230838775635","2.1973230838775635","2.1973230838775635","2.204939842224121","2.204939842224121","2.204939842224121","0.7847751379013062","0.7847751379013062","0.7847751379013062","0.691616952419281","0.691616952419281","0.691616952419281","1.2853647470474243","1.2853647470474243","1.2853647470474243","1.2917488813400269","1.2917488813400269","1.2917488813400269","1.300608515739441","1.300608515739441","1.300608515739441","0.20497967302799225","0.20497967302799225","0.20497967302799225","0.05629037693142891","0.05629037693142891","0.05629037693142891"
"2180","0.44515034556388855","0.44515034556388855","0.44515034556388855","2.5474853515625","2.5474853515625","2.5474853515625","2.4873762130737305","2.4873762130737305","2.4873762130737305","2.2720165252685547","2.2720165252685547","2.2720165252685547","0.8760533928871155","0.8760533928871155","0.8760533928871155","0.8131667375564575","0.8131667375564575","0.8131667375564575","1.5109505653381348","1.5109505653381348","1.5109505653381348","1.010009527206421","1.010009527206421","1.010009527206421","1.0408111810684204","1.0408111810684204","1.0408111810684204","0.16316629946231842","0.16316629946231842","0.16316629946231842","0.18130424618721008","0.18130424618721008","0.18130424618721008"
"2190","0.17622745037078857","0.17622745037078857","0.17622745037078857","2.7876205444335938","2.7876205444335938","2.7876205444335938","1.9753875732421875","1.9753875732421875","1.9753875732421875","2.5152339935302734","2.5152339935302734","2.5152339935302734","0.9689857363700867","0.9689857363700867","0.9689857363700867","0.7444575428962708","0.7444575428962708","0.7444575428962708","1.407944917678833","1.407944917678833","1.407944917678833","1.0858256816864014","1.0858256816864014","1.0858256816864014","1.09407639503479","1.09407639503479","1.09407639503479","0.18032017350196838","0.18032017350196838","0.18032017350196838","0.15480977296829224","0.15480977296829224","0.15480977296829224"
"2200","0.5739410519599915","0.5739410519599915","0.5739410519599915","2.8561477661132812","2.8561477661132812","2.8561477661132812","2.019862413406372","2.019862413406372","2.019862413406372","2.394454002380371","2.394454002380371","2.394454002380371","0.8213176727294922","0.8213176727294922","0.8213176727294922","0.8384947180747986","0.8384947180747986","0.8384947180747986","1.532217264175415","1.532217264175415","1.532217264175415","0.9861382842063904","0.9861382842063904","0.9861382842063904","1.121382713317871","1.121382713317871","1.121382713317871","0.154744952917099","0.154744952917099","0.154744952917099","0.11999347805976868","0.11999347805976868","0.11999347805976868"
"2210","0.2545679807662964","0.2545679807662964","0.2545679807662964","2.6776351928710938","2.6776351928710938","2.6776351928710938","1.8759737014770508","1.8759737014770508","1.8759737014770508","2.396632194519043","2.396632194519043","2.396632194519043","0.8298957943916321","0.8298957943916321","0.8298957943916321","0.7304190993309021","0.7304190993309021","0.7304190993309021","1.5256197452545166","1.5256197452545166","1.5256197452545166","1.0405261516571045","1.0405261516571045","1.0405261516571045","0.9329952001571655","0.9329952001571655","0.9329952001571655","0.10796891897916794","0.10796891897916794","0.10796891897916794","0.19166068732738495","0.19166068732738495","0.19166068732738495"
"2220","0.33306893706321716","0.33306893706321716","0.33306893706321716","2.661884307861328","2.661884307861328","2.661884307861328","2.2232742309570312","2.2232742309570312","2.2232742309570312","2.2722434997558594","2.2722434997558594","2.2722434997558594","1.0545213222503662","1.0545213222503662","1.0545213222503662","0.9180234670639038","0.9180234670639038","0.9180234670639038","1.3973582983016968","1.3973582983016968","1.3973582983016968","1.0963470935821533","1.0963470935821533","1.0963470935821533","1.012988567352295","1.012988567352295","1.012988567352295","0.20941230654716492","0.20941230654716492","0.20941230654716492","0.1459418684244156","0.1459418684244156","0.1459418684244156"
"2230","0.37408769130706787","0.37408769130706787","0.37408769130706787","2.6001129150390625","2.6001129150390625","2.6001129150390625","1.9230175018310547","1.9230175018310547","1.9230175018310547","2.0236244201660156","2.0236244201660156","2.0236244201660156","0.8886029124259949","0.8886029124259949","0.8886029124259949","0.794687032699585","0.794687032699585","0.794687032699585","1.1887484788894653","1.1887484788894653","1.1887484788894653","1.0429331064224243","1.0429331064224243","1.0429331064224243","1.013596534729004","1.013596534729004","1.013596534729004","0.2948184013366699","0.2948184013366699","0.2948184013366699","0.15355581045150757","0.15355581045150757","0.15355581045150757"
"2240","0.14651955664157867","0.14651955664157867","0.14651955664157867","2.9233627319335938","2.9233627319335938","2.9233627319335938","1.9491348266601562","1.9491348266601562","1.9491348266601562","2.1085898876190186","2.1085898876190186","2.1085898876190186","1.157595157623291","1.157595157623291","1.157595157623291","0.5762770771980286","0.5762770771980286","0.5762770771980286","1.290747880935669","1.290747880935669","1.290747880935669","1.0582972764968872","1.0582972764968872","1.0582972764968872","0.9090369939804077","0.9090369939804077","0.9090369939804077","0.08089695125818253","0.08089695125818253","0.08089695125818253","0.0992518812417984","0.0992518812417984","0.0992518812417984"
"2250","0.18524415791034698","0.18524415791034698","0.18524415791034698","2.651805877685547","2.651805877685547","2.651805877685547","2.2902231216430664","2.2902231216430664","2.2902231216430664","2.1524882316589355","2.1524882316589355","2.1524882316589355","1.0193188190460205","1.0193188190460205","1.0193188190460205","0.8696417212486267","0.8696417212486267","0.8696417212486267","1.5769847631454468","1.5769847631454468","1.5769847631454468","0.9627047777175903","0.9627047777175903","0.9627047777175903","0.8972162008285522","0.8972162008285522","0.8972162008285522","0.1656612753868103","0.1656612753868103","0.1656612753868103","0.17089693248271942","0.17089693248271942","0.17089693248271942"
"2260","0.8143883347511292","0.8143883347511292","0.8143883347511292","2.8764419555664062","2.8764419555664062","2.8764419555664062","2.45751953125","2.45751953125","2.45751953125","2.281291961669922","2.281291961669922","2.281291961669922","0.8543376326560974","0.8543376326560974","0.8543376326560974","0.6724369525909424","0.6724369525909424","0.6724369525909424","1.0742634534835815","1.0742634534835815","1.0742634534835815","1.1795527935028076","1.1795527935028076","1.1795527935028076","1.3798054456710815","1.3798054456710815","1.3798054456710815","0.26799800992012024","0.26799800992012024","0.26799800992012024","0.1470983475446701","0.1470983475446701","0.1470983475446701"
"2270","0.29510411620140076","0.29510411620140076","0.29510411620140076","2.9376220703125","2.9376220703125","2.9376220703125","2.0811634063720703","2.0811634063720703","2.0811634063720703","2.032228946685791","2.032228946685791","2.032228946685791","0.7728474140167236","0.7728474140167236","0.7728474140167236","0.5543168783187866","0.5543168783187866","0.5543168783187866","1.2620348930358887","1.2620348930358887","1.2620348930358887","0.9471537470817566","0.9471537470817566","0.9471537470817566","1.1032599210739136","1.1032599210739136","1.1032599210739136","0.20552434027194977","0.20552434027194977","0.20552434027194977","0.12306709587574005","0.12306709587574005","0.12306709587574005"
"2280","0.2333223670721054","0.2333223670721054","0.2333223670721054","2.8337554931640625","2.8337554931640625","2.8337554931640625","2.3638038635253906","2.3638038635253906","2.3638038635253906","2.0170669555664062","2.0170669555664062","2.0170669555664062","0.9926700592041016","0.9926700592041016","0.9926700592041016","0.6617855429649353","0.6617855429649353","0.6617855429649353","1.299379587173462","1.299379587173462","1.299379587173462","1.4282348155975342","1.4282348155975342","1.4282348155975342","0.915523886680603","0.915523886680603","0.915523886680603","0.13926230370998383","0.13926230370998383","0.13926230370998383","0.16301827132701874","0.16301827132701874","0.16301827132701874"
"2290","0.20455846190452576","0.20455846190452576","0.20455846190452576","2.6894912719726562","2.6894912719726562","2.6894912719726562","2.072659492492676","2.072659492492676","2.072659492492676","2.212034225463867","2.212034225463867","2.212034225463867","1.039228081703186","1.039228081703186","1.039228081703186","0.5851254463195801","0.5851254463195801","0.5851254463195801","1.2001452445983887","1.2001452445983887","1.2001452445983887","0.8570844531059265","0.8570844531059265","0.8570844531059265","0.9277823567390442","0.9277823567390442","0.9277823567390442","0.20755651593208313","0.20755651593208313","0.20755651593208313","0.09945277869701385","0.09945277869701385","0.09945277869701385"
"2300","0.14853638410568237","0.14853638410568237","0.14853638410568237","2.7853164672851562","2.7853164672851562","2.7853164672851562","1.9915409088134766","1.9915409088134766","1.9915409088134766","2.4868764877319336","2.4868764877319336","2.4868764877319336","0.8527382612228394","0.8527382612228394","0.8527382612228394","0.9788116216659546","0.9788116216659546","0.9788116216659546","1.0277345180511475","1.0277345180511475","1.0277345180511475","0.6655014753341675","0.6655014753341675","0.6655014753341675","0.9182018637657166","0.9182018637657166","0.9182018637657166","0.19417965412139893","0.19417965412139893","0.19417965412139893","0.11434923112392426","0.11434923112392426","0.11434923112392426"
"2310","0.19320565462112427","0.19320565462112427","0.19320565462112427","3.0572891235351562","3.0572891235351562","3.0572891235351562","2.1319336891174316","2.1319336891174316","2.1319336891174316","2.4411582946777344","2.4411582946777344","2.4411582946777344","0.5264495015144348","0.5264495015144348","0.5264495015144348","0.8101766109466553","0.8101766109466553","0.8101766109466553","1.4761652946472168","1.4761652946472168","1.4761652946472168","1.1568171977996826","1.1568171977996826","1.1568171977996826","1.0080626010894775","1.0080626010894775","1.0080626010894775","0.20072753727436066","0.20072753727436066","0.20072753727436066","0.11734705418348312","0.11734705418348312","0.11734705418348312"
"2320","0.6483232975006104","0.6483232975006104","0.6483232975006104","2.602841377258301","2.602841377258301","2.602841377258301","2.5741024017333984","2.5741024017333984","2.5741024017333984","2.0232455730438232","2.0232455730438232","2.0232455730438232","1.041697382926941","1.041697382926941","1.041697382926941","0.777768611907959","0.777768611907959","0.777768611907959","1.395933985710144","1.395933985710144","1.395933985710144","1.0442826747894287","1.0442826747894287","1.0442826747894287","1.0192960500717163","1.0192960500717163","1.0192960500717163","0.19023092091083527","0.19023092091083527","0.19023092091083527","0.06569686532020569","0.06569686532020569","0.06569686532020569"
"2330","0.2612217962741852","0.2612217962741852","0.2612217962741852","2.8006973266601562","2.8006973266601562","2.8006973266601562","2.1389341354370117","2.1389341354370117","2.1389341354370117","2.0980758666992188","2.0980758666992188","2.0980758666992188","0.6796589493751526","0.6796589493751526","0.6796589493751526","0.8248224258422852","0.8248224258422852","0.8248224258422852","1.5299686193466187","1.5299686193466187","1.5299686193466187","1.1641809940338135","1.1641809940338135","1.1641809940338135","0.9889825582504272","0.9889825582504272","0.9889825582504272","0.08451401442289352","0.08451401442289352","0.08451401442289352","0.15710991621017456","0.15710991621017456","0.15710991621017456"
"2340","0.15571656823158264","0.15571656823158264","0.15571656823158264","2.7909317016601562","2.7909317016601562","2.7909317016601562","1.9738388061523438","1.9738388061523438","1.9738388061523438","2.184260368347168","2.184260368347168","2.184260368347168","0.8357018232345581","0.8357018232345581","0.8357018232345581","0.76862633228302","0.76862633228302","0.76862633228302","1.1972734928131104","1.1972734928131104","1.1972734928131104","1.0597171783447266","1.0597171783447266","1.0597171783447266","0.9138138890266418","0.9138138890266418","0.9138138890266418","0.29017019271850586","0.29017019271850586","0.29017019271850586","0.0708933025598526","0.0708933025598526","0.0708933025598526"
"2350","0.283902108669281","0.283902108669281","0.283902108669281","2.8907151222229004","2.8907151222229004","2.8907151222229004","1.8870644569396973","1.8870644569396973","1.8870644569396973","2.074596405029297","2.074596405029297","2.074596405029297","0.6758532524108887","0.6758532524108887","0.6758532524108887","0.496077299118042","0.496077299118042","0.496077299118042","0.9629936218261719","0.9629936218261719","0.9629936218261719","1.24017333984375","1.24017333984375","1.24017333984375","0.7686869502067566","0.7686869502067566","0.7686869502067566","0.1815953254699707","0.1815953254699707","0.1815953254699707","0.09172528982162476","0.09172528982162476","0.09172528982162476"
"2360","0.3960811495780945","0.3960811495780945","0.3960811495780945","2.501148223876953","2.501148223876953","2.501148223876953","1.9947991371154785","1.9947991371154785","1.9947991371154785","2.2158355712890625","2.2158355712890625","2.2158355712890625","0.876278281211853","0.876278281211853","0.876278281211853","0.9171350598335266","0.9171350598335266","0.9171350598335266","1.2374475002288818","1.2374475002288818","1.2374475002288818","0.7868835926055908","0.7868835926055908","0.7868835926055908","1.0801829099655151","1.0801829099655151","1.0801829099655151","0.15553057193756104","0.15553057193756104","0.15553057193756104","0.06778597831726074","0.06778597831726074","0.06778597831726074"
"2370","0.21955803036689758","0.21955803036689758","0.21955803036689758","2.5919227600097656","2.5919227600097656","2.5919227600097656","2.223217010498047","2.223217010498047","2.223217010498047","2.129423141479492","2.129423141479492","2.129423141479492","0.7857539653778076","0.7857539653778076","0.7857539653778076","0.6098318099975586","0.6098318099975586","0.6098318099975586","1.151970624923706","1.151970624923706","1.151970624923706","0.9496561884880066","0.9496561884880066","0.9496561884880066","0.7626775503158569","0.7626775503158569","0.7626775503158569","0.17934425175189972","0.17934425175189972","0.17934425175189972","0.08053407073020935","0.08053407073020935","0.08053407073020935"
"2380","0.3997587561607361","0.3997587561607361","0.3997587561607361","2.52142333984375","2.52142333984375","2.52142333984375","2.115586280822754","2.115586280822754","2.115586280822754","2.369040012359619","2.369040012359619","2.369040012359619","0.6842416524887085","0.6842416524887085","0.6842416524887085","0.5803524851799011","0.5803524851799011","0.5803524851799011","1.325018048286438","1.325018048286438","1.325018048286438","0.9753890037536621","0.9753890037536621","0.9753890037536621","0.9972408413887024","0.9972408413887024","0.9972408413887024","0.18866237998008728","0.18866237998008728","0.18866237998008728","0.1458272486925125","0.1458272486925125","0.1458272486925125"
"2390","0.21465131640434265","0.21465131640434265","0.21465131640434265","2.570528984069824","2.570528984069824","2.570528984069824","2.1359100341796875","2.1359100341796875","2.1359100341796875","1.912121295928955","1.912121295928955","1.912121295928955","0.9195348620414734","0.9195348620414734","0.9195348620414734","0.5911961793899536","0.5911961793899536","0.5911961793899536","1.1573750972747803","1.1573750972747803","1.1573750972747803","0.9275046586990356","0.9275046586990356","0.9275046586990356","0.7680919766426086","0.7680919766426086","0.7680919766426086","0.16093920171260834","0.16093920171260834","0.16093920171260834","0.09067534655332565","0.09067534655332565","0.09067534655332565"
"2400","0.15471237897872925","0.15471237897872925","0.15471237897872925","2.5052061080932617","2.5052061080932617","2.5052061080932617","1.8744916915893555","1.8744916915893555","1.8744916915893555","2.1946067810058594","2.1946067810058594","2.1946067810058594","0.6601365804672241","0.6601365804672241","0.6601365804672241","0.6305279731750488","0.6305279731750488","0.6305279731750488","1.1614753007888794","1.1614753007888794","1.1614753007888794","0.693061351776123","0.693061351776123","0.693061351776123","0.8492166996002197","0.8492166996002197","0.8492166996002197","0.12552809715270996","0.12552809715270996","0.12552809715270996","0.13433268666267395","0.13433268666267395","0.13433268666267395"
"2410","0.4057554602622986","0.4057554602622986","0.4057554602622986","2.461543083190918","2.461543083190918","2.461543083190918","1.8718833923339844","1.8718833923339844","1.8718833923339844","1.8536491394042969","1.8536491394042969","1.8536491394042969","1.09611177444458","1.09611177444458","1.09611177444458","0.6234316825866699","0.6234316825866699","0.6234316825866699","1.1913009881973267","1.1913009881973267","1.1913009881973267","0.6352558135986328","0.6352558135986328","0.6352558135986328","0.8445900678634644","0.8445900678634644","0.8445900678634644","0.19345812499523163","0.19345812499523163","0.19345812499523163","0.08118054270744324","0.08118054270744324","0.08118054270744324"
"2420","0.13962574303150177","0.13962574303150177","0.13962574303150177","2.5756874084472656","2.5756874084472656","2.5756874084472656","1.841302752494812","1.841302752494812","1.841302752494812","1.9393424987792969","1.9393424987792969","1.9393424987792969","0.7826105356216431","0.7826105356216431","0.7826105356216431","0.6508623361587524","0.6508623361587524","0.6508623361587524","1.390608549118042","1.390608549118042","1.390608549118042","0.7018606662750244","0.7018606662750244","0.7018606662750244","0.8762005567550659","0.8762005567550659","0.8762005567550659","0.0850551575422287","0.0850551575422287","0.0850551575422287","0.07018009573221207","0.07018009573221207","0.07018009573221207"
"2430","0.2483334094285965","0.2483334094285965","0.2483334094285965","2.8707046508789062","2.8707046508789062","2.8707046508789062","2.041045665740967","2.041045665740967","2.041045665740967","2.259763479232788","2.259763479232788","2.259763479232788","1.0102323293685913","1.0102323293685913","1.0102323293685913","0.5420502424240112","0.5420502424240112","0.5420502424240112","1.2133837938308716","1.2133837938308716","1.2133837938308716","0.8563956618309021","0.8563956618309021","0.8563956618309021","0.7295927405357361","0.7295927405357361","0.7295927405357361","0.13292229175567627","0.13292229175567627","0.13292229175567627","0.037184685468673706","0.037184685468673706","0.037184685468673706"
"2440","0.10731808096170425","0.10731808096170425","0.10731808096170425","2.6994400024414062","2.6994400024414062","2.6994400024414062","2.309447765350342","2.309447765350342","2.309447765350342","2.3149051666259766","2.3149051666259766","2.3149051666259766","0.8035192489624023","0.8035192489624023","0.8035192489624023","0.9680622816085815","0.9680622816085815","0.9680622816085815","0.93641597032547","0.93641597032547","0.93641597032547","0.7605909109115601","0.7605909109115601","0.7605909109115601","0.918906033039093","0.918906033039093","0.918906033039093","0.06149032711982727","0.06149032711982727","0.06149032711982727","0.1243506520986557","0.1243506520986557","0.1243506520986557"
"2450","0.25685155391693115","0.25685155391693115","0.25685155391693115","2.6526031494140625","2.6526031494140625","2.6526031494140625","1.860503911972046","1.860503911972046","1.860503911972046","1.8485221862792969","1.8485221862792969","1.8485221862792969","0.9477022886276245","0.9477022886276245","0.9477022886276245","0.7514949440956116","0.7514949440956116","0.7514949440956116","0.9189523458480835","0.9189523458480835","0.9189523458480835","0.8858731985092163","0.8858731985092163","0.8858731985092163","1.0950887203216553","1.0950887203216553","1.0950887203216553","0.11662116646766663","0.11662116646766663","0.11662116646766663","0.11683417856693268","0.11683417856693268","0.11683417856693268"
"2460","0.2845069169998169","0.2845069169998169","0.2845069169998169","2.6789417266845703","2.6789417266845703","2.6789417266845703","1.9578561782836914","1.9578561782836914","1.9578561782836914","2.0230255126953125","2.0230255126953125","2.0230255126953125","0.7350956797599792","0.7350956797599792","0.7350956797599792","0.7174059152603149","0.7174059152603149","0.7174059152603149","1.118071436882019","1.118071436882019","1.118071436882019","0.7280228734016418","0.7280228734016418","0.7280228734016418","0.5815352201461792","0.5815352201461792","0.5815352201461792","0.16172267496585846","0.16172267496585846","0.16172267496585846","0.20049941539764404","0.20049941539764404","0.20049941539764404"
"2470","0.16851860284805298","0.16851860284805298","0.16851860284805298","2.646373748779297","2.646373748779297","2.646373748779297","1.9422311782836914","1.9422311782836914","1.9422311782836914","1.9434871673583984","1.9434871673583984","1.9434871673583984","0.7799764275550842","0.7799764275550842","0.7799764275550842","0.9906558990478516","0.9906558990478516","0.9906558990478516","1.0034435987472534","1.0034435987472534","1.0034435987472534","0.9786643981933594","0.9786643981933594","0.9786643981933594","0.8330146074295044","0.8330146074295044","0.8330146074295044","0.0652521625161171","0.0652521625161171","0.0652521625161171","0.10012701153755188","0.10012701153755188","0.10012701153755188"
"2480","0.32934078574180603","0.32934078574180603","0.32934078574180603","2.7489700317382812","2.7489700317382812","2.7489700317382812","2.119503974914551","2.119503974914551","2.119503974914551","2.099324941635132","2.099324941635132","2.099324941635132","0.9166595339775085","0.9166595339775085","0.9166595339775085","0.6462385654449463","0.6462385654449463","0.6462385654449463","0.9916860461235046","0.9916860461235046","0.9916860461235046","0.9325951933860779","0.9325951933860779","0.9325951933860779","0.7750132083892822","0.7750132083892822","0.7750132083892822","0.09582626819610596","0.09582626819610596","0.09582626819610596","0.1063985750079155","0.1063985750079155","0.1063985750079155"
"2490","0.35781651735305786","0.35781651735305786","0.35781651735305786","2.6864967346191406","2.6864967346191406","2.6864967346191406","1.8223395347595215","1.8223395347595215","1.8223395347595215","2.10483980178833","2.10483980178833","2.10483980178833","1.0671818256378174","1.0671818256378174","1.0671818256378174","0.7062698602676392","0.7062698602676392","0.7062698602676392","1.2663984298706055","1.2663984298706055","1.2663984298706055","0.9128364324569702","0.9128364324569702","0.9128364324569702","0.9376720190048218","0.9376720190048218","0.9376720190048218","0.12871067225933075","0.12871067225933075","0.12871067225933075","0.08128448575735092","0.08128448575735092","0.08128448575735092"
"2500","0.18651297688484192","0.18651297688484192","0.18651297688484192","3.001628875732422","3.001628875732422","3.001628875732422","2.026033401489258","2.026033401489258","2.026033401489258","1.7214345932006836","1.7214345932006836","1.7214345932006836","0.8103829026222229","0.8103829026222229","0.8103829026222229","0.497314453125","0.497314453125","0.497314453125","1.1369847059249878","1.1369847059249878","1.1369847059249878","1.0759904384613037","1.0759904384613037","1.0759904384613037","0.6693204641342163","0.6693204641342163","0.6693204641342163","0.1255202740430832","0.1255202740430832","0.1255202740430832","0.050113048404455185","0.050113048404455185","0.050113048404455185"
"2510","0.14442262053489685","0.14442262053489685","0.14442262053489685","2.6416378021240234","2.6416378021240234","2.6416378021240234","1.7707056999206543","1.7707056999206543","1.7707056999206543","1.972701072692871","1.972701072692871","1.972701072692871","0.8526567816734314","0.8526567816734314","0.8526567816734314","0.5059813261032104","0.5059813261032104","0.5059813261032104","1.217778205871582","1.217778205871582","1.217778205871582","0.7306908965110779","0.7306908965110779","0.7306908965110779","0.8355785608291626","0.8355785608291626","0.8355785608291626","0.20186273753643036","0.20186273753643036","0.20186273753643036","0.09316197037696838","0.09316197037696838","0.09316197037696838"
"2520","0.13214686512947083","0.13214686512947083","0.13214686512947083","2.8012914657592773","2.8012914657592773","2.8012914657592773","1.9003229141235352","1.9003229141235352","1.9003229141235352","2.2768332958221436","2.2768332958221436","2.2768332958221436","0.7341251373291016","0.7341251373291016","0.7341251373291016","0.8499001264572144","0.8499001264572144","0.8499001264572144","0.9970166683197021","0.9970166683197021","0.9970166683197021","0.8628964424133301","0.8628964424133301","0.8628964424133301","0.764802873134613","0.764802873134613","0.764802873134613","0.12980137765407562","0.12980137765407562","0.12980137765407562","0.11042168736457825","0.11042168736457825","0.11042168736457825"
"2530","0.24651600420475006","0.24651600420475006","0.24651600420475006","2.6736059188842773","2.6736059188842773","2.6736059188842773","2.0851058959960938","2.0851058959960938","2.0851058959960938","2.1251392364501953","2.1251392364501953","2.1251392364501953","0.7902125120162964","0.7902125120162964","0.7902125120162964","0.8208906054496765","0.8208906054496765","0.8208906054496765","1.124268651008606","1.124268651008606","1.124268651008606","0.9468477964401245","0.9468477964401245","0.9468477964401245","0.7667223215103149","0.7667223215103149","0.7667223215103149","0.1061716079711914","0.1061716079711914","0.1061716079711914","0.05119558423757553","0.05119558423757553","0.05119558423757553"
"2540","0.21503713726997375","0.21503713726997375","0.21503713726997375","2.6257972717285156","2.6257972717285156","2.6257972717285156","2.003915786743164","2.003915786743164","2.003915786743164","1.718862533569336","1.718862533569336","1.718862533569336","0.929318904876709","0.929318904876709","0.929318904876709","0.5790173411369324","0.5790173411369324","0.5790173411369324","1.035588026046753","1.035588026046753","1.035588026046753","1.0796116590499878","1.0796116590499878","1.0796116590499878","0.5423651933670044","0.5423651933670044","0.5423651933670044","0.056838057935237885","0.056838057935237885","0.056838057935237885","0.033201683312654495","0.033201683312654495","0.033201683312654495"
"2550","0.4080134928226471","0.4080134928226471","0.4080134928226471","2.5266895294189453","2.5266895294189453","2.5266895294189453","1.8540421724319458","1.8540421724319458","1.8540421724319458","1.781266689300537","1.781266689300537","1.781266689300537","0.9454894065856934","0.9454894065856934","0.9454894065856934","0.5666459798812866","0.5666459798812866","0.5666459798812866","0.9141868352890015","0.9141868352890015","0.9141868352890015","0.5484908819198608","0.5484908819198608","0.5484908819198608","1.019690752029419","1.019690752029419","1.019690752029419","0.09313292056322098","0.09313292056322098","0.09313292056322098","0.09939952939748764","0.09939952939748764","0.09939952939748764"
"2560","0.15805283188819885","0.15805283188819885","0.15805283188819885","2.647303581237793","2.647303581237793","2.647303581237793","2.135178565979004","2.135178565979004","2.135178565979004","1.7263765335083008","1.7263765335083008","1.7263765335083008","0.5429945588111877","0.5429945588111877","0.5429945588111877","0.5880482792854309","0.5880482792854309","0.5880482792854309","1.1520984172821045","1.1520984172821045","1.1520984172821045","0.8016864061355591","0.8016864061355591","0.8016864061355591","0.8911727666854858","0.8911727666854858","0.8911727666854858","0.08609797805547714","0.08609797805547714","0.08609797805547714","0.056655168533325195","0.056655168533325195","0.056655168533325195"
"2570","0.19524183869361877","0.19524183869361877","0.19524183869361877","2.3705673217773438","2.3705673217773438","2.3705673217773438","1.913665771484375","1.913665771484375","1.913665771484375","1.7439379692077637","1.7439379692077637","1.7439379692077637","0.9102005362510681","0.9102005362510681","0.9102005362510681","0.5624692440032959","0.5624692440032959","0.5624692440032959","1.0784296989440918","1.0784296989440918","1.0784296989440918","0.8046372532844543","0.8046372532844543","0.8046372532844543","0.9900166392326355","0.9900166392326355","0.9900166392326355","0.13425776362419128","0.13425776362419128","0.13425776362419128","0.11302945762872696","0.11302945762872696","0.11302945762872696"
"2580","0.3277532756328583","0.3277532756328583","0.3277532756328583","2.4231414794921875","2.4231414794921875","2.4231414794921875","1.9396145343780518","1.9396145343780518","1.9396145343780518","1.6210589408874512","1.6210589408874512","1.6210589408874512","1.212768793106079","1.212768793106079","1.212768793106079","0.7281904220581055","0.7281904220581055","0.7281904220581055","1.0021166801452637","1.0021166801452637","1.0021166801452637","0.7616811990737915","0.7616811990737915","0.7616811990737915","0.8849964141845703","0.8849964141845703","0.8849964141845703","0.09828301519155502","0.09828301519155502","0.09828301519155502","0.08205597847700119","0.08205597847700119","0.08205597847700119"
"2590","0.17748871445655823","0.17748871445655823","0.17748871445655823","2.61492919921875","2.61492919921875","2.61492919921875","1.8746099472045898","1.8746099472045898","1.8746099472045898","1.507699966430664","1.507699966430664","1.507699966430664","0.4245649576187134","0.4245649576187134","0.4245649576187134","0.37250378727912903","0.37250378727912903","0.37250378727912903","1.0703074932098389","1.0703074932098389","1.0703074932098389","0.9989786148071289","0.9989786148071289","0.9989786148071289","0.7329935431480408","0.7329935431480408","0.7329935431480408","0.10344072431325912","0.10344072431325912","0.10344072431325912","0.05188176780939102","0.05188176780939102","0.05188176780939102"
"2600","0.10779687017202377","0.10779687017202377","0.10779687017202377","2.4785385131835938","2.4785385131835938","2.4785385131835938","1.7985143661499023","1.7985143661499023","1.7985143661499023","2.1843550205230713","2.1843550205230713","2.1843550205230713","0.7759875655174255","0.7759875655174255","0.7759875655174255","0.8247765898704529","0.8247765898704529","0.8247765898704529","1.1211893558502197","1.1211893558502197","1.1211893558502197","0.8602159023284912","0.8602159023284912","0.8602159023284912","0.8166197538375854","0.8166197538375854","0.8166197538375854","0.06161344796419144","0.06161344796419144","0.06161344796419144","0.04803526774048805","0.04803526774048805","0.04803526774048805"
"2610","0.3730490505695343","0.3730490505695343","0.3730490505695343","2.3585147857666016","2.3585147857666016","2.3585147857666016","2.040492534637451","2.040492534637451","2.040492534637451","2.2811686992645264","2.2811686992645264","2.2811686992645264","0.5663854479789734","0.5663854479789734","0.5663854479789734","0.6903864741325378","0.6903864741325378","0.6903864741325378","1.299854040145874","1.299854040145874","1.299854040145874","1.8198096752166748","1.8198096752166748","1.8198096752166748","1.4597203731536865","1.4597203731536865","1.4597203731536865","0.04825376719236374","0.04825376719236374","0.04825376719236374","0.026596883311867714","0.026596883311867714","0.026596883311867714"
"2620","0.2605569362640381","0.2605569362640381","0.2605569362640381","2.44134521484375","2.44134521484375","2.44134521484375","1.8212642669677734","1.8212642669677734","1.8212642669677734","1.738645315170288","1.738645315170288","1.738645315170288","0.8200168609619141","0.8200168609619141","0.8200168609619141","0.5658307075500488","0.5658307075500488","0.5658307075500488","1.041921854019165","1.041921854019165","1.041921854019165","0.705628514289856","0.705628514289856","0.705628514289856","0.7527623772621155","0.7527623772621155","0.7527623772621155","0.11965316534042358","0.11965316534042358","0.11965316534042358","0.05386459082365036","0.05386459082365036","0.05386459082365036"
"2630","0.27044641971588135","0.27044641971588135","0.27044641971588135","2.462980031967163","2.462980031967163","2.462980031967163","2.0223617553710938","2.0223617553710938","2.0223617553710938","1.7887130975723267","1.7887130975723267","1.7887130975723267","0.8834215402603149","0.8834215402603149","0.8834215402603149","0.49185803532600403","0.49185803532600403","0.49185803532600403","1.3479485511779785","1.3479485511779785","1.3479485511779785","0.5633924007415771","0.5633924007415771","0.5633924007415771","0.7173761129379272","0.7173761129379272","0.7173761129379272","0.10283654928207397","0.10283654928207397","0.10283654928207397","0.051597654819488525","0.051597654819488525","0.051597654819488525"
"2640","0.14464615285396576","0.14464615285396576","0.14464615285396576","2.276519775390625","2.276519775390625","2.276519775390625","2.046459197998047","2.046459197998047","2.046459197998047","1.8218472003936768","1.8218472003936768","1.8218472003936768","0.9093132019042969","0.9093132019042969","0.9093132019042969","0.3547149896621704","0.3547149896621704","0.3547149896621704","0.9259744882583618","0.9259744882583618","0.9259744882583618","0.7834880352020264","0.7834880352020264","0.7834880352020264","0.6808515787124634","0.6808515787124634","0.6808515787124634","0.1513272225856781","0.1513272225856781","0.1513272225856781","0.07188944518566132","0.07188944518566132","0.07188944518566132"
"2650","0.26573535799980164","0.26573535799980164","0.26573535799980164","2.504833221435547","2.504833221435547","2.504833221435547","2.0012264251708984","2.0012264251708984","2.0012264251708984","1.9940886497497559","1.9940886497497559","1.9940886497497559","0.7024566531181335","0.7024566531181335","0.7024566531181335","0.5709684491157532","0.5709684491157532","0.5709684491157532","0.7815959453582764","0.7815959453582764","0.7815959453582764","0.5120683908462524","0.5120683908462524","0.5120683908462524","1.0156996250152588","1.0156996250152588","1.0156996250152588","0.06204657256603241","0.06204657256603241","0.06204657256603241","0.1087120920419693","0.1087120920419693","0.1087120920419693"
"2660","0.18955981731414795","0.18955981731414795","0.18955981731414795","2.858715057373047","2.858715057373047","2.858715057373047","1.9542865753173828","1.9542865753173828","1.9542865753173828","2.148573875427246","2.148573875427246","2.148573875427246","0.5318720936775208","0.5318720936775208","0.5318720936775208","0.564171552658081","0.564171552658081","0.564171552658081","1.072187900543213","1.072187900543213","1.072187900543213","0.684677243232727","0.684677243232727","0.684677243232727","1.116611123085022","1.116611123085022","1.116611123085022","0.12535767257213593","0.12535767257213593","0.12535767257213593","0.05307414010167122","0.05307414010167122","0.05307414010167122"
"2670","0.11228805780410767","0.11228805780410767","0.11228805780410767","2.211324691772461","2.211324691772461","2.211324691772461","1.5304851531982422","1.5304851531982422","1.5304851531982422","1.902740716934204","1.902740716934204","1.902740716934204","0.6384730339050293","0.6384730339050293","0.6384730339050293","0.32245907187461853","0.32245907187461853","0.32245907187461853","1.0457611083984375","1.0457611083984375","1.0457611083984375","0.8078274726867676","0.8078274726867676","0.8078274726867676","0.6708886623382568","0.6708886623382568","0.6708886623382568","0.12449342012405396","0.12449342012405396","0.12449342012405396","0.0711924135684967","0.0711924135684967","0.0711924135684967"
"2680","0.15205015242099762","0.15205015242099762","0.15205015242099762","2.8870105743408203","2.8870105743408203","2.8870105743408203","1.9723114967346191","1.9723114967346191","1.9723114967346191","1.5570507049560547","1.5570507049560547","1.5570507049560547","0.5290279388427734","0.5290279388427734","0.5290279388427734","0.5639294385910034","0.5639294385910034","0.5639294385910034","1.0046509504318237","1.0046509504318237","1.0046509504318237","0.4735594093799591","0.4735594093799591","0.4735594093799591","0.8704050779342651","0.8704050779342651","0.8704050779342651","0.09961360692977905","0.09961360692977905","0.09961360692977905","0.10119150578975677","0.10119150578975677","0.10119150578975677"
"2690","0.04637724906206131","0.04637724906206131","0.04637724906206131","2.3897390365600586","2.3897390365600586","2.3897390365600586","1.9961762428283691","1.9961762428283691","1.9961762428283691","1.8065118789672852","1.8065118789672852","1.8065118789672852","0.5754570960998535","0.5754570960998535","0.5754570960998535","0.5444321632385254","0.5444321632385254","0.5444321632385254","1.09735107421875","1.09735107421875","1.09735107421875","0.7169296145439148","0.7169296145439148","0.7169296145439148","0.7197974920272827","0.7197974920272827","0.7197974920272827","0.05472312867641449","0.05472312867641449","0.05472312867641449","0.06522608548402786","0.06522608548402786","0.06522608548402786"
"2700","0.28684157133102417","0.28684157133102417","0.28684157133102417","2.7750539779663086","2.7750539779663086","2.7750539779663086","1.667353630065918","1.667353630065918","1.667353630065918","1.728912353515625","1.728912353515625","1.728912353515625","0.7167770862579346","0.7167770862579346","0.7167770862579346","0.3621044158935547","0.3621044158935547","0.3621044158935547","1.1837856769561768","1.1837856769561768","1.1837856769561768","0.9302326440811157","0.9302326440811157","0.9302326440811157","0.9930936098098755","0.9930936098098755","0.9930936098098755","0.024411704391241074","0.024411704391241074","0.024411704391241074","0.02144724316895008","0.02144724316895008","0.02144724316895008"
"2710","0.06198301166296005","0.06198301166296005","0.06198301166296005","2.486957550048828","2.486957550048828","2.486957550048828","1.8357961177825928","1.8357961177825928","1.8357961177825928","1.7325890064239502","1.7325890064239502","1.7325890064239502","0.5359281897544861","0.5359281897544861","0.5359281897544861","0.3434242010116577","0.3434242010116577","0.3434242010116577","1.045737624168396","1.045737624168396","1.045737624168396","0.9108754992485046","0.9108754992485046","0.9108754992485046","0.7138339877128601","0.7138339877128601","0.7138339877128601","0.11661091446876526","0.11661091446876526","0.11661091446876526","0.026950057595968246","0.026950057595968246","0.026950057595968246"
"2720","0.15116995573043823","0.15116995573043823","0.15116995573043823","2.4521961212158203","2.4521961212158203","2.4521961212158203","2.245901107788086","2.245901107788086","2.245901107788086","1.885927677154541","1.885927677154541","1.885927677154541","0.7105168104171753","0.7105168104171753","0.7105168104171753","0.6128625273704529","0.6128625273704529","0.6128625273704529","1.1119567155838013","1.1119567155838013","1.1119567155838013","0.6783663034439087","0.6783663034439087","0.6783663034439087","0.4927583932876587","0.4927583932876587","0.4927583932876587","0.05352339148521423","0.05352339148521423","0.05352339148521423","0.10299902409315109","0.10299902409315109","0.10299902409315109"
"2730","0.3332938253879547","0.3332938253879547","0.3332938253879547","2.3284759521484375","2.3284759521484375","2.3284759521484375","1.9481139183044434","1.9481139183044434","1.9481139183044434","1.3825619220733643","1.3825619220733643","1.3825619220733643","0.7401790618896484","0.7401790618896484","0.7401790618896484","0.6041030287742615","0.6041030287742615","0.6041030287742615","0.9030269980430603","0.9030269980430603","0.9030269980430603","0.6538538336753845","0.6538538336753845","0.6538538336753845","0.7563999891281128","0.7563999891281128","0.7563999891281128","0.10638439655303955","0.10638439655303955","0.10638439655303955","0.041029226034879684","0.041029226034879684","0.041029226034879684"
"2740","0.3122771978378296","0.3122771978378296","0.3122771978378296","2.0403366088867188","2.0403366088867188","2.0403366088867188","1.846120834350586","1.846120834350586","1.846120834350586","2.200544834136963","2.200544834136963","2.200544834136963","0.7372439503669739","0.7372439503669739","0.7372439503669739","0.5080520510673523","0.5080520510673523","0.5080520510673523","0.906512439250946","0.906512439250946","0.906512439250946","0.6882909536361694","0.6882909536361694","0.6882909536361694","0.6593840718269348","0.6593840718269348","0.6593840718269348","0.03626257926225662","0.03626257926225662","0.03626257926225662","0.10402829200029373","0.10402829200029373","0.10402829200029373"
"2750","0.25612306594848633","0.25612306594848633","0.25612306594848633","2.157876968383789","2.157876968383789","2.157876968383789","2.0502243041992188","2.0502243041992188","2.0502243041992188","1.7392120361328125","1.7392120361328125","1.7392120361328125","0.9391370415687561","0.9391370415687561","0.9391370415687561","0.6540848612785339","0.6540848612785339","0.6540848612785339","0.9594740867614746","0.9594740867614746","0.9594740867614746","0.6743552684783936","0.6743552684783936","0.6743552684783936","0.732591986656189","0.732591986656189","0.732591986656189","0.059781305491924286","0.059781305491924286","0.059781305491924286","0.04405743628740311","0.04405743628740311","0.04405743628740311"
"2760","0.10256925970315933","0.10256925970315933","0.10256925970315933","2.3221020698547363","2.3221020698547363","2.3221020698547363","2.355943202972412","2.355943202972412","2.355943202972412","1.6683207750320435","1.6683207750320435","1.6683207750320435","0.6501128077507019","0.6501128077507019","0.6501128077507019","0.5564032793045044","0.5564032793045044","0.5564032793045044","1.292710542678833","1.292710542678833","1.292710542678833","0.4977949559688568","0.4977949559688568","0.4977949559688568","0.748128354549408","0.748128354549408","0.748128354549408","0.13054490089416504","0.13054490089416504","0.13054490089416504","0.03573505952954292","0.03573505952954292","0.03573505952954292"
"2770","0.20059902966022491","0.20059902966022491","0.20059902966022491","2.505329132080078","2.505329132080078","2.505329132080078","1.8087468147277832","1.8087468147277832","1.8087468147277832","2.126430034637451","2.126430034637451","2.126430034637451","0.49971768260002136","0.49971768260002136","0.49971768260002136","0.5864108800888062","0.5864108800888062","0.5864108800888062","0.9823685884475708","0.9823685884475708","0.9823685884475708","0.7807601094245911","0.7807601094245911","0.7807601094245911","0.7628427743911743","0.7628427743911743","0.7628427743911743","0.09299276769161224","0.09299276769161224","0.09299276769161224","0.029857221990823746","0.029857221990823746","0.029857221990823746"
"2780","0.07613213360309601","0.07613213360309601","0.07613213360309601","2.5239639282226562","2.5239639282226562","2.5239639282226562","1.8453149795532227","1.8453149795532227","1.8453149795532227","1.7035536766052246","1.7035536766052246","1.7035536766052246","0.5369589328765869","0.5369589328765869","0.5369589328765869","0.7180875539779663","0.7180875539779663","0.7180875539779663","1.0125699043273926","1.0125699043273926","1.0125699043273926","0.7980504035949707","0.7980504035949707","0.7980504035949707","0.715896725654602","0.715896725654602","0.715896725654602","0.11922278255224228","0.11922278255224228","0.11922278255224228","0.049624957144260406","0.049624957144260406","0.049624957144260406"
"2790","0.1786651909351349","0.1786651909351349","0.1786651909351349","2.3720054626464844","2.3720054626464844","2.3720054626464844","1.8575639724731445","1.8575639724731445","1.8575639724731445","1.3889145851135254","1.3889145851135254","1.3889145851135254","0.5818668007850647","0.5818668007850647","0.5818668007850647","0.49115803837776184","0.49115803837776184","0.49115803837776184","0.8512084484100342","0.8512084484100342","0.8512084484100342","0.6276019215583801","0.6276019215583801","0.6276019215583801","0.8208788633346558","0.8208788633346558","0.8208788633346558","0.06246068701148033","0.06246068701148033","0.06246068701148033","0.04171819984912872","0.04171819984912872","0.04171819984912872"
"2800","0.17649897933006287","0.17649897933006287","0.17649897933006287","2.2209529876708984","2.2209529876708984","2.2209529876708984","1.7544617652893066","1.7544617652893066","1.7544617652893066","1.8097538948059082","1.8097538948059082","1.8097538948059082","0.6843690276145935","0.6843690276145935","0.6843690276145935","0.5164048075675964","0.5164048075675964","0.5164048075675964","0.9860185980796814","0.9860185980796814","0.9860185980796814","0.5883041024208069","0.5883041024208069","0.5883041024208069","0.5358701348304749","0.5358701348304749","0.5358701348304749","0.10039117932319641","0.10039117932319641","0.10039117932319641","0.02433224953711033","0.02433224953711033","0.02433224953711033"
"2810","0.03840896487236023","0.03840896487236023","0.03840896487236023","2.4316353797912598","2.4316353797912598","2.4316353797912598","1.785211205482483","1.785211205482483","1.785211205482483","1.9722588062286377","1.9722588062286377","1.9722588062286377","0.7454352378845215","0.7454352378845215","0.7454352378845215","0.46174290776252747","0.46174290776252747","0.46174290776252747","1.1284763813018799","1.1284763813018799","1.1284763813018799","0.5688419342041016","0.5688419342041016","0.5688419342041016","0.5539631843566895","0.5539631843566895","0.5539631843566895","0.18417708575725555","0.18417708575725555","0.18417708575725555","0.08248831331729889","0.08248831331729889","0.08248831331729889"
"2820","0.022618714720010757","0.022618714720010757","0.022618714720010757","2.3412294387817383","2.3412294387817383","2.3412294387817383","1.6122310161590576","1.6122310161590576","1.6122310161590576","2.0005927085876465","2.0005927085876465","2.0005927085876465","0.9399945735931396","0.9399945735931396","0.9399945735931396","0.7549780011177063","0.7549780011177063","0.7549780011177063","0.970024824142456","0.970024824142456","0.970024824142456","0.6578384637832642","0.6578384637832642","0.6578384637832642","0.7043379545211792","0.7043379545211792","0.7043379545211792","0.046943873167037964","0.046943873167037964","0.046943873167037964","0.05817987024784088","0.05817987024784088","0.05817987024784088"
"2830","0.07047277688980103","0.07047277688980103","0.07047277688980103","2.1699166297912598","2.1699166297912598","2.1699166297912598","1.6991958618164062","1.6991958618164062","1.6991958618164062","1.6822004318237305","1.6822004318237305","1.6822004318237305","0.4526475965976715","0.4526475965976715","0.4526475965976715","0.614727795124054","0.614727795124054","0.614727795124054","1.0837931632995605","1.0837931632995605","1.0837931632995605","0.7410421967506409","0.7410421967506409","0.7410421967506409","0.4686703085899353","0.4686703085899353","0.4686703085899353","0.044529028236866","0.044529028236866","0.044529028236866","0.0466783344745636","0.0466783344745636","0.0466783344745636"
"2840","0.13176901638507843","0.13176901638507843","0.13176901638507843","2.6590843200683594","2.6590843200683594","2.6590843200683594","1.7956905364990234","1.7956905364990234","1.7956905364990234","1.9231195449829102","1.9231195449829102","1.9231195449829102","0.6369675397872925","0.6369675397872925","0.6369675397872925","0.7233939170837402","0.7233939170837402","0.7233939170837402","1.1681742668151855","1.1681742668151855","1.1681742668151855","0.8015448451042175","0.8015448451042175","0.8015448451042175","0.8620145916938782","0.8620145916938782","0.8620145916938782","0.044085465371608734","0.044085465371608734","0.044085465371608734","0.07490375638008118","0.07490375638008118","0.07490375638008118"
"2850","0.329761266708374","0.329761266708374","0.329761266708374","2.3741531372070312","2.3741531372070312","2.3741531372070312","1.7113664150238037","1.7113664150238037","1.7113664150238037","1.714982271194458","1.714982271194458","1.714982271194458","0.6937710046768188","0.6937710046768188","0.6937710046768188","0.36897024512290955","0.36897024512290955","0.36897024512290955","0.8258308172225952","0.8258308172225952","0.8258308172225952","0.6944079995155334","0.6944079995155334","0.6944079995155334","0.6763516068458557","0.6763516068458557","0.6763516068458557","0.06442675739526749","0.06442675739526749","0.06442675739526749","0.03950104862451553","0.03950104862451553","0.03950104862451553"
"2860","0.21876461803913116","0.21876461803913116","0.21876461803913116","1.7122163772583008","1.7122163772583008","1.7122163772583008","1.8442683219909668","1.8442683219909668","1.8442683219909668","1.3884823322296143","1.3884823322296143","1.3884823322296143","0.6438699960708618","0.6438699960708618","0.6438699960708618","0.46418967843055725","0.46418967843055725","0.46418967843055725","1.0805184841156006","1.0805184841156006","1.0805184841156006","0.6645025014877319","0.6645025014877319","0.6645025014877319","0.8493881225585938","0.8493881225585938","0.8493881225585938","0.07715266197919846","0.07715266197919846","0.07715266197919846","0.06945336610078812","0.06945336610078812","0.06945336610078812"
"2870","0.08032386749982834","0.08032386749982834","0.08032386749982834","2.329436779022217","2.329436779022217","2.329436779022217","1.677721619606018","1.677721619606018","1.677721619606018","1.6923937797546387","1.6923937797546387","1.6923937797546387","0.5781370401382446","0.5781370401382446","0.5781370401382446","0.5231845378875732","0.5231845378875732","0.5231845378875732","0.6601855754852295","0.6601855754852295","0.6601855754852295","0.8174061179161072","0.8174061179161072","0.8174061179161072","0.6137510538101196","0.6137510538101196","0.6137510538101196","0.0673057958483696","0.0673057958483696","0.0673057958483696","0.05535310134291649","0.05535310134291649","0.05535310134291649"
"2880","0.2151266187429428","0.2151266187429428","0.2151266187429428","2.320495128631592","2.320495128631592","2.320495128631592","1.6428556442260742","1.6428556442260742","1.6428556442260742","1.6386504173278809","1.6386504173278809","1.6386504173278809","0.6866171956062317","0.6866171956062317","0.6866171956062317","0.5715683102607727","0.5715683102607727","0.5715683102607727","1.2579212188720703","1.2579212188720703","1.2579212188720703","0.8917583227157593","0.8917583227157593","0.8917583227157593","0.8489904403686523","0.8489904403686523","0.8489904403686523","0.04466424882411957","0.04466424882411957","0.04466424882411957","0.005080335773527622","0.005080335773527622","0.005080335773527622"
"2890","0.18525925278663635","0.18525925278663635","0.18525925278663635","2.2494561672210693","2.2494561672210693","2.2494561672210693","1.7657749652862549","1.7657749652862549","1.7657749652862549","1.8696177005767822","1.8696177005767822","1.8696177005767822","0.7848076224327087","0.7848076224327087","0.7848076224327087","0.5167227983474731","0.5167227983474731","0.5167227983474731","0.9101414084434509","0.9101414084434509","0.9101414084434509","0.770575761795044","0.770575761795044","0.770575761795044","0.6388795971870422","0.6388795971870422","0.6388795971870422","0.035552047193050385","0.035552047193050385","0.035552047193050385","0.03773947432637215","0.03773947432637215","0.03773947432637215"
"2900","0.2464732825756073","0.2464732825756073","0.2464732825756073","2.5115675926208496","2.5115675926208496","2.5115675926208496","2.342663049697876","2.342663049697876","2.342663049697876","1.773659110069275","1.773659110069275","1.773659110069275","0.5346270203590393","0.5346270203590393","0.5346270203590393","0.5637640357017517","0.5637640357017517","0.5637640357017517","1.158368468284607","1.158368468284607","1.158368468284607","0.772004246711731","0.772004246711731","0.772004246711731","0.5720279216766357","0.5720279216766357","0.5720279216766357","0.1500508189201355","0.1500508189201355","0.1500508189201355","0.007656654343008995","0.007656654343008995","0.007656654343008995"
"2910","0.3178830146789551","0.3178830146789551","0.3178830146789551","2.081623077392578","2.081623077392578","2.081623077392578","1.8663618564605713","1.8663618564605713","1.8663618564605713","1.560318946838379","1.560318946838379","1.560318946838379","0.7444109320640564","0.7444109320640564","0.7444109320640564","0.38296952843666077","0.38296952843666077","0.38296952843666077","1.2242975234985352","1.2242975234985352","1.2242975234985352","0.56709223985672","0.56709223985672","0.56709223985672","0.8199238777160645","0.8199238777160645","0.8199238777160645","0.014626887626945972","0.014626887626945972","0.014626887626945972","0.06419766694307327","0.06419766694307327","0.06419766694307327"
"2920","0.06992723047733307","0.06992723047733307","0.06992723047733307","2.154813766479492","2.154813766479492","2.154813766479492","1.8320369720458984","1.8320369720458984","1.8320369720458984","1.6014251708984375","1.6014251708984375","1.6014251708984375","0.791682243347168","0.791682243347168","0.791682243347168","0.416779488325119","0.416779488325119","0.416779488325119","1.0674513578414917","1.0674513578414917","1.0674513578414917","0.6739471554756165","0.6739471554756165","0.6739471554756165","0.7066972255706787","0.7066972255706787","0.7066972255706787","0.04012097045779228","0.04012097045779228","0.04012097045779228","0.06401649117469788","0.06401649117469788","0.06401649117469788"
"2930","0.2193928360939026","0.2193928360939026","0.2193928360939026","1.9231338500976562","1.9231338500976562","1.9231338500976562","1.685035228729248","1.685035228729248","1.685035228729248","2.0288257598876953","2.0288257598876953","2.0288257598876953","0.8063499331474304","0.8063499331474304","0.8063499331474304","0.4701576828956604","0.4701576828956604","0.4701576828956604","0.7983956336975098","0.7983956336975098","0.7983956336975098","0.7935909032821655","0.7935909032821655","0.7935909032821655","0.7850940227508545","0.7850940227508545","0.7850940227508545","0.02557511255145073","0.02557511255145073","0.02557511255145073","0.016904130578041077","0.016904130578041077","0.016904130578041077"
"2940","0.21626535058021545","0.21626535058021545","0.21626535058021545","2.192681312561035","2.192681312561035","2.192681312561035","2.0329933166503906","2.0329933166503906","2.0329933166503906","2.0990071296691895","2.0990071296691895","2.0990071296691895","0.40298593044281006","0.40298593044281006","0.40298593044281006","0.5559351444244385","0.5559351444244385","0.5559351444244385","1.0647231340408325","1.0647231340408325","1.0647231340408325","0.6282133460044861","0.6282133460044861","0.6282133460044861","0.5437960028648376","0.5437960028648376","0.5437960028648376","0.08137383311986923","0.08137383311986923","0.08137383311986923","0.0630863606929779","0.0630863606929779","0.0630863606929779"
"2950","0.24012693762779236","0.24012693762779236","0.24012693762779236","2.405406951904297","2.405406951904297","2.405406951904297","1.8977594375610352","1.8977594375610352","1.8977594375610352","1.7667349576950073","1.7667349576950073","1.7667349576950073","0.5079911351203918","0.5079911351203918","0.5079911351203918","0.5286744832992554","0.5286744832992554","0.5286744832992554","0.7638504505157471","0.7638504505157471","0.7638504505157471","0.6623665690422058","0.6623665690422058","0.6623665690422058","0.5740666389465332","0.5740666389465332","0.5740666389465332","0.03724727779626846","0.03724727779626846","0.03724727779626846","0.05703216418623924","0.05703216418623924","0.05703216418623924"
"2960","0.2496853768825531","0.2496853768825531","0.2496853768825531","1.9486112594604492","1.9486112594604492","1.9486112594604492","1.724759578704834","1.724759578704834","1.724759578704834","1.372997760772705","1.372997760772705","1.372997760772705","0.5824345946311951","0.5824345946311951","0.5824345946311951","0.3266453444957733","0.3266453444957733","0.3266453444957733","1.013480305671692","1.013480305671692","1.013480305671692","0.34612974524497986","0.34612974524497986","0.34612974524497986","0.6360154151916504","0.6360154151916504","0.6360154151916504","0.023973790928721428","0.023973790928721428","0.023973790928721428","0.02943434566259384","0.02943434566259384","0.02943434566259384"
"2970","0.17070788145065308","0.17070788145065308","0.17070788145065308","1.9508190155029297","1.9508190155029297","1.9508190155029297","1.5850157737731934","1.5850157737731934","1.5850157737731934","1.6040188074111938","1.6040188074111938","1.6040188074111938","0.4686012268066406","0.4686012268066406","0.4686012268066406","0.5660006403923035","0.5660006403923035","0.5660006403923035","1.141103982925415","1.141103982925415","1.141103982925415","0.73729407787323","0.73729407787323","0.73729407787323","0.5819801688194275","0.5819801688194275","0.5819801688194275","0.013120581395924091","0.013120581395924091","0.013120581395924091","0.04505987837910652","0.04505987837910652","0.04505987837910652"
"2980","0.15982317924499512","0.15982317924499512","0.15982317924499512","2.421828269958496","2.421828269958496","2.421828269958496","1.568948745727539","1.568948745727539","1.568948745727539","1.4955847263336182","1.4955847263336182","1.4955847263336182","0.5317532420158386","0.5317532420158386","0.5317532420158386","0.587583601474762","0.587583601474762","0.587583601474762","0.9682832360267639","0.9682832360267639","0.9682832360267639","0.6478366255760193","0.6478366255760193","0.6478366255760193","0.50577712059021","0.50577712059021","0.50577712059021","0.07456273585557938","0.07456273585557938","0.07456273585557938","0.025612004101276398","0.025612004101276398","0.025612004101276398"
"2990","0.2372513860464096","0.2372513860464096","0.2372513860464096","1.852909803390503","1.852909803390503","1.852909803390503","1.6767873764038086","1.6767873764038086","1.6767873764038086","1.6714377403259277","1.6714377403259277","1.6714377403259277","0.6453919410705566","0.6453919410705566","0.6453919410705566","0.8422062397003174","0.8422062397003174","0.8422062397003174","0.7400873303413391","0.7400873303413391","0.7400873303413391","0.5421293377876282","0.5421293377876282","0.5421293377876282","0.8206182718276978","0.8206182718276978","0.8206182718276978","0.05410396307706833","0.05410396307706833","0.05410396307706833","0.036279261112213135","0.036279261112213135","0.036279261112213135"
"3000","0.12732918560504913","0.12732918560504913","0.12732918560504913","2.194765090942383","2.194765090942383","2.194765090942383","1.7895493507385254","1.7895493507385254","1.7895493507385254","1.2549514770507812","1.2549514770507812","1.2549514770507812","0.6507946252822876","0.6507946252822876","0.6507946252822876","0.4578939974308014","0.4578939974308014","0.4578939974308014","1.1947715282440186","1.1947715282440186","1.1947715282440186","0.5783101320266724","0.5783101320266724","0.5783101320266724","0.7704439163208008","0.7704439163208008","0.7704439163208008","0.04466615617275238","0.04466615617275238","0.04466615617275238","0.02074619010090828","0.02074619010090828","0.02074619010090828"
"3010","0.21412019431591034","0.21412019431591034","0.21412019431591034","1.9253652095794678","1.9253652095794678","1.9253652095794678","1.8565088510513306","1.8565088510513306","1.8565088510513306","1.4795506000518799","1.4795506000518799","1.4795506000518799","0.3763534724712372","0.3763534724712372","0.3763534724712372","0.31964433193206787","0.31964433193206787","0.31964433193206787","0.9207065105438232","0.9207065105438232","0.9207065105438232","0.6445220112800598","0.6445220112800598","0.6445220112800598","1.116226077079773","1.116226077079773","1.116226077079773","0.0711168646812439","0.0711168646812439","0.0711168646812439","0.024723712354898453","0.024723712354898453","0.024723712354898453"
"3020","0.16299204528331757","0.16299204528331757","0.16299204528331757","2.0116782188415527","2.0116782188415527","2.0116782188415527","1.8214800357818604","1.8214800357818604","1.8214800357818604","1.5870153903961182","1.5870153903961182","1.5870153903961182","0.7178382277488708","0.7178382277488708","0.7178382277488708","0.4251002073287964","0.4251002073287964","0.4251002073287964","0.8706028461456299","0.8706028461456299","0.8706028461456299","0.6853986382484436","0.6853986382484436","0.6853986382484436","0.655803382396698","0.655803382396698","0.655803382396698","0.05089368298649788","0.05089368298649788","0.05089368298649788","0.042826469987630844","0.042826469987630844","0.042826469987630844"
"3030","0.24786099791526794","0.24786099791526794","0.24786099791526794","2.1459035873413086","2.1459035873413086","2.1459035873413086","1.5070598125457764","1.5070598125457764","1.5070598125457764","1.2591099739074707","1.2591099739074707","1.2591099739074707","0.6025367975234985","0.6025367975234985","0.6025367975234985","0.34046733379364014","0.34046733379364014","0.34046733379364014","0.7004165053367615","0.7004165053367615","0.7004165053367615","0.6387050747871399","0.6387050747871399","0.6387050747871399","0.5923879146575928","0.5923879146575928","0.5923879146575928","0.048988617956638336","0.048988617956638336","0.048988617956638336","0.04258613660931587","0.04258613660931587","0.04258613660931587"
"3040","0.04365858808159828","0.04365858808159828","0.04365858808159828","2.3561577796936035","2.3561577796936035","2.3561577796936035","1.65372633934021","1.65372633934021","1.65372633934021","1.4569166898727417","1.4569166898727417","1.4569166898727417","0.4180077016353607","0.4180077016353607","0.4180077016353607","0.3991234004497528","0.3991234004497528","0.3991234004497528","0.8284529447555542","0.8284529447555542","0.8284529447555542","0.7995116114616394","0.7995116114616394","0.7995116114616394","0.43543359637260437","0.43543359637260437","0.43543359637260437","0.024709807708859444","0.024709807708859444","0.024709807708859444","0.04544397443532944","0.04544397443532944","0.04544397443532944"
"3050","0.20756417512893677","0.20756417512893677","0.20756417512893677","2.255472183227539","2.255472183227539","2.255472183227539","1.8410749435424805","1.8410749435424805","1.8410749435424805","1.2646100521087646","1.2646100521087646","1.2646100521087646","0.6623653173446655","0.6623653173446655","0.6623653173446655","0.23458057641983032","0.23458057641983032","0.23458057641983032","0.8854068517684937","0.8854068517684937","0.8854068517684937","0.6399152278900146","0.6399152278900146","0.6399152278900146","0.5074080228805542","0.5074080228805542","0.5074080228805542","0.048075370490550995","0.048075370490550995","0.048075370490550995","0.04144284874200821","0.04144284874200821","0.04144284874200821"
"3060","0.19344384968280792","0.19344384968280792","0.19344384968280792","2.1239943504333496","2.1239943504333496","2.1239943504333496","1.513524055480957","1.513524055480957","1.513524055480957","1.5273966789245605","1.5273966789245605","1.5273966789245605","0.8894820213317871","0.8894820213317871","0.8894820213317871","0.5941153168678284","0.5941153168678284","0.5941153168678284","0.9069437384605408","0.9069437384605408","0.9069437384605408","0.4880888760089874","0.4880888760089874","0.4880888760089874","0.591272234916687","0.591272234916687","0.591272234916687","0.08896927535533905","0.08896927535533905","0.08896927535533905","0.04748408496379852","0.04748408496379852","0.04748408496379852"
"3070","0.14283737540245056","0.14283737540245056","0.14283737540245056","1.9716356992721558","1.9716356992721558","1.9716356992721558","1.7806413173675537","1.7806413173675537","1.7806413173675537","1.825608730316162","1.825608730316162","1.825608730316162","0.6220209002494812","0.6220209002494812","0.6220209002494812","0.8500178456306458","0.8500178456306458","0.8500178456306458","0.9501261115074158","0.9501261115074158","0.9501261115074158","0.5005903244018555","0.5005903244018555","0.5005903244018555","0.45197001099586487","0.45197001099586487","0.45197001099586487","0.08818366378545761","0.08818366378545761","0.08818366378545761","0.0422835573554039","0.0422835573554039","0.0422835573554039"
"3080","0.17250683903694153","0.17250683903694153","0.17250683903694153","2.0716681480407715","2.0716681480407715","2.0716681480407715","1.7262015342712402","1.7262015342712402","1.7262015342712402","1.5375028848648071","1.5375028848648071","1.5375028848648071","0.6280838251113892","0.6280838251113892","0.6280838251113892","0.38768553733825684","0.38768553733825684","0.38768553733825684","1.2890191078186035","1.2890191078186035","1.2890191078186035","0.4662873148918152","0.4662873148918152","0.4662873148918152","0.6564225554466248","0.6564225554466248","0.6564225554466248","0.05373494327068329","0.05373494327068329","0.05373494327068329","0.02362140640616417","0.02362140640616417","0.02362140640616417"
"3090","0.12439775466918945","0.12439775466918945","0.12439775466918945","1.9290962219238281","1.9290962219238281","1.9290962219238281","1.5627424716949463","1.5627424716949463","1.5627424716949463","1.4451236724853516","1.4451236724853516","1.4451236724853516","0.5581801533699036","0.5581801533699036","0.5581801533699036","0.2063010185956955","0.2063010185956955","0.2063010185956955","0.9314224720001221","0.9314224720001221","0.9314224720001221","0.598779559135437","0.598779559135437","0.598779559135437","0.46486279368400574","0.46486279368400574","0.46486279368400574","0.09563218057155609","0.09563218057155609","0.09563218057155609","0.03749731928110123","0.03749731928110123","0.03749731928110123"
"3100","0.09915249049663544","0.09915249049663544","0.09915249049663544","2.117567539215088","2.117567539215088","2.117567539215088","1.620760440826416","1.620760440826416","1.620760440826416","1.548556923866272","1.548556923866272","1.548556923866272","0.5080097913742065","0.5080097913742065","0.5080097913742065","0.4346608519554138","0.4346608519554138","0.4346608519554138","0.9803481698036194","0.9803481698036194","0.9803481698036194","0.5442379713058472","0.5442379713058472","0.5442379713058472","0.4749486446380615","0.4749486446380615","0.4749486446380615","0.04782698303461075","0.04782698303461075","0.04782698303461075","0.0425746813416481","0.0425746813416481","0.0425746813416481"
"3110","0.2750547230243683","0.2750547230243683","0.2750547230243683","1.9280872344970703","1.9280872344970703","1.9280872344970703","1.6206636428833008","1.6206636428833008","1.6206636428833008","1.4359157085418701","1.4359157085418701","1.4359157085418701","0.5052727460861206","0.5052727460861206","0.5052727460861206","0.43543457984924316","0.43543457984924316","0.43543457984924316","0.682511568069458","0.682511568069458","0.682511568069458","0.7353047728538513","0.7353047728538513","0.7353047728538513","0.5854533910751343","0.5854533910751343","0.5854533910751343","0.048480093479156494","0.048480093479156494","0.048480093479156494","0.0028991959989070892","0.0028991959989070892","0.0028991959989070892"
"3120","0.12290298938751221","0.12290298938751221","0.12290298938751221","2.0466158390045166","2.0466158390045166","2.0466158390045166","1.7752914428710938","1.7752914428710938","1.7752914428710938","1.4012213945388794","1.4012213945388794","1.4012213945388794","0.5313157439231873","0.5313157439231873","0.5313157439231873","0.34192776679992676","0.34192776679992676","0.34192776679992676","0.5094142556190491","0.5094142556190491","0.5094142556190491","0.5795295834541321","0.5795295834541321","0.5795295834541321","0.5501625537872314","0.5501625537872314","0.5501625537872314","0.05532320216298103","0.05532320216298103","0.05532320216298103","0.01853574439883232","0.01853574439883232","0.01853574439883232"
"3130","0.12709330022335052","0.12709330022335052","0.12709330022335052","2.1425933837890625","2.1425933837890625","2.1425933837890625","1.6096575260162354","1.6096575260162354","1.6096575260162354","1.6466675996780396","1.6466675996780396","1.6466675996780396","0.741623044013977","0.741623044013977","0.741623044013977","0.6056020855903625","0.6056020855903625","0.6056020855903625","1.0303373336791992","1.0303373336791992","1.0303373336791992","0.7784523963928223","0.7784523963928223","0.7784523963928223","0.5065068006515503","0.5065068006515503","0.5065068006515503","0.02543613128364086","0.02543613128364086","0.02543613128364086","0.034183233976364136","0.034183233976364136","0.034183233976364136"
"3140","0.08548207581043243","0.08548207581043243","0.08548207581043243","1.8878118991851807","1.8878118991851807","1.8878118991851807","1.5574817657470703","1.5574817657470703","1.5574817657470703","1.3474235534667969","1.3474235534667969","1.3474235534667969","0.6277008056640625","0.6277008056640625","0.6277008056640625","0.4769116938114166","0.4769116938114166","0.4769116938114166","0.943350076675415","0.943350076675415","0.943350076675415","0.5726151466369629","0.5726151466369629","0.5726151466369629","0.3736782670021057","0.3736782670021057","0.3736782670021057","0.016183365136384964","0.016183365136384964","0.016183365136384964","0.08281125128269196","0.08281125128269196","0.08281125128269196"
"3150","0.21135424077510834","0.21135424077510834","0.21135424077510834","2.1135177612304688","2.1135177612304688","2.1135177612304688","1.3677369356155396","1.3677369356155396","1.3677369356155396","1.109202265739441","1.109202265739441","1.109202265739441","0.4011169373989105","0.4011169373989105","0.4011169373989105","0.3357422947883606","0.3357422947883606","0.3357422947883606","0.6191996932029724","0.6191996932029724","0.6191996932029724","0.5254743695259094","0.5254743695259094","0.5254743695259094","0.5906305313110352","0.5906305313110352","0.5906305313110352","0.033408552408218384","0.033408552408218384","0.033408552408218384","0.01191222295165062","0.01191222295165062","0.01191222295165062"
"3160","0.21643967926502228","0.21643967926502228","0.21643967926502228","1.8388805389404297","1.8388805389404297","1.8388805389404297","1.448110580444336","1.448110580444336","1.448110580444336","1.6313542127609253","1.6313542127609253","1.6313542127609253","0.43052929639816284","0.43052929639816284","0.43052929639816284","0.27845409512519836","0.27845409512519836","0.27845409512519836","0.7834046483039856","0.7834046483039856","0.7834046483039856","0.8170910477638245","0.8170910477638245","0.8170910477638245","0.4100758135318756","0.4100758135318756","0.4100758135318756","0.06388426572084427","0.06388426572084427","0.06388426572084427","0.014255945570766926","0.014255945570766926","0.014255945570766926"
"3170","0.10664016008377075","0.10664016008377075","0.10664016008377075","1.9158744812011719","1.9158744812011719","1.9158744812011719","1.3959875106811523","1.3959875106811523","1.3959875106811523","1.568300485610962","1.568300485610962","1.568300485610962","0.47638365626335144","0.47638365626335144","0.47638365626335144","0.4733591079711914","0.4733591079711914","0.4733591079711914","0.6427403688430786","0.6427403688430786","0.6427403688430786","1.040732979774475","1.040732979774475","1.040732979774475","0.7695786952972412","0.7695786952972412","0.7695786952972412","0.03833666071295738","0.03833666071295738","0.03833666071295738","0.015926726162433624","0.015926726162433624","0.015926726162433624"
"3180","0.08236641436815262","0.08236641436815262","0.08236641436815262","1.9604625701904297","1.9604625701904297","1.9604625701904297","1.8063338994979858","1.8063338994979858","1.8063338994979858","1.6721407175064087","1.6721407175064087","1.6721407175064087","0.43063968420028687","0.43063968420028687","0.43063968420028687","0.47364580631256104","0.47364580631256104","0.47364580631256104","1.0640751123428345","1.0640751123428345","1.0640751123428345","0.5197752714157104","0.5197752714157104","0.5197752714157104","0.35062462091445923","0.35062462091445923","0.35062462091445923","0.028358224779367447","0.028358224779367447","0.028358224779367447","0.03904839977622032","0.03904839977622032","0.03904839977622032"
"3190","0.48642149567604065","0.48642149567604065","0.48642149567604065","1.6830589771270752","1.6830589771270752","1.6830589771270752","1.557880163192749","1.557880163192749","1.557880163192749","2.5856642723083496","2.5856642723083496","2.5856642723083496","0.7310099005699158","0.7310099005699158","0.7310099005699158","0.3700493276119232","0.3700493276119232","0.3700493276119232","1.128359317779541","1.128359317779541","1.128359317779541","0.8397797346115112","0.8397797346115112","0.8397797346115112","1.0307931900024414","1.0307931900024414","1.0307931900024414","0.04241558536887169","0.04241558536887169","0.04241558536887169","0.022293571382761","0.022293571382761","0.022293571382761"
"3200","0.19331030547618866","0.19331030547618866","0.19331030547618866","1.6095120906829834","1.6095120906829834","1.6095120906829834","1.819063425064087","1.819063425064087","1.819063425064087","1.3210935592651367","1.3210935592651367","1.3210935592651367","0.5734040141105652","0.5734040141105652","0.5734040141105652","0.44813084602355957","0.44813084602355957","0.44813084602355957","0.8435236215591431","0.8435236215591431","0.8435236215591431","0.5396283864974976","0.5396283864974976","0.5396283864974976","0.47038552165031433","0.47038552165031433","0.47038552165031433","0.08674883842468262","0.08674883842468262","0.08674883842468262","0.005741940811276436","0.005741940811276436","0.005741940811276436"
"3210","0.020043691620230675","0.020043691620230675","0.020043691620230675","2.026993751525879","2.026993751525879","2.026993751525879","1.5886778831481934","1.5886778831481934","1.5886778831481934","1.539621114730835","1.539621114730835","1.539621114730835","0.37054094672203064","0.37054094672203064","0.37054094672203064","0.3921450078487396","0.3921450078487396","0.3921450078487396","0.523878812789917","0.523878812789917","0.523878812789917","0.54572594165802","0.54572594165802","0.54572594165802","0.44446831941604614","0.44446831941604614","0.44446831941604614","0.02328251302242279","0.02328251302242279","0.02328251302242279","0.06408372521400452","0.06408372521400452","0.06408372521400452"
"3220","0.11356019228696823","0.11356019228696823","0.11356019228696823","2.0432705879211426","2.0432705879211426","2.0432705879211426","1.4972352981567383","1.4972352981567383","1.4972352981567383","1.3887836933135986","1.3887836933135986","1.3887836933135986","0.4722723662853241","0.4722723662853241","0.4722723662853241","0.40484026074409485","0.40484026074409485","0.40484026074409485","0.5174293518066406","0.5174293518066406","0.5174293518066406","0.5495319366455078","0.5495319366455078","0.5495319366455078","0.4947318732738495","0.4947318732738495","0.4947318732738495","0.0771966353058815","0.0771966353058815","0.0771966353058815","0.024109691381454468","0.024109691381454468","0.024109691381454468"
"3230","0.187502920627594","0.187502920627594","0.187502920627594","2.1699295043945312","2.1699295043945312","2.1699295043945312","1.3783595561981201","1.3783595561981201","1.3783595561981201","1.496509075164795","1.496509075164795","1.496509075164795","0.7373214960098267","0.7373214960098267","0.7373214960098267","0.21434292197227478","0.21434292197227478","0.21434292197227478","0.4761735498905182","0.4761735498905182","0.4761735498905182","0.4930694103240967","0.4930694103240967","0.4930694103240967","0.47141796350479126","0.47141796350479126","0.47141796350479126","0.03981775790452957","0.03981775790452957","0.03981775790452957","0.009305979125201702","0.009305979125201702","0.009305979125201702"
"3240","0.11891341209411621","0.11891341209411621","0.11891341209411621","1.7388522624969482","1.7388522624969482","1.7388522624969482","1.7182644605636597","1.7182644605636597","1.7182644605636597","1.3242813348770142","1.3242813348770142","1.3242813348770142","0.7570583820343018","0.7570583820343018","0.7570583820343018","0.2870892882347107","0.2870892882347107","0.2870892882347107","0.7919602990150452","0.7919602990150452","0.7919602990150452","0.5024160146713257","0.5024160146713257","0.5024160146713257","0.7338178753852844","0.7338178753852844","0.7338178753852844","0.029964100569486618","0.029964100569486618","0.029964100569486618","0.017020676285028458","0.017020676285028458","0.017020676285028458"
"3250","0.10841960459947586","0.10841960459947586","0.10841960459947586","1.9004535675048828","1.9004535675048828","1.9004535675048828","1.4463367462158203","1.4463367462158203","1.4463367462158203","1.2470706701278687","1.2470706701278687","1.2470706701278687","0.5130687355995178","0.5130687355995178","0.5130687355995178","0.3727799952030182","0.3727799952030182","0.3727799952030182","0.9178109169006348","0.9178109169006348","0.9178109169006348","0.7313082218170166","0.7313082218170166","0.7313082218170166","0.4583367109298706","0.4583367109298706","0.4583367109298706","0.07407054305076599","0.07407054305076599","0.07407054305076599","0.04840121045708656","0.04840121045708656","0.04840121045708656"
"3260","0.15909737348556519","0.15909737348556519","0.15909737348556519","1.771169900894165","1.771169900894165","1.771169900894165","1.3485851287841797","1.3485851287841797","1.3485851287841797","1.4205948114395142","1.4205948114395142","1.4205948114395142","0.49883902072906494","0.49883902072906494","0.49883902072906494","0.4350438117980957","0.4350438117980957","0.4350438117980957","0.8548743724822998","0.8548743724822998","0.8548743724822998","0.4833844006061554","0.4833844006061554","0.4833844006061554","0.4987722337245941","0.4987722337245941","0.4987722337245941","0.05583500862121582","0.05583500862121582","0.05583500862121582","0.039316512644290924","0.039316512644290924","0.039316512644290924"
"3270","0.34945228695869446","0.34945228695869446","0.34945228695869446","1.9149503707885742","1.9149503707885742","1.9149503707885742","1.410954236984253","1.410954236984253","1.410954236984253","1.616014003753662","1.616014003753662","1.616014003753662","0.44690951704978943","0.44690951704978943","0.44690951704978943","0.40247154235839844","0.40247154235839844","0.40247154235839844","0.7133772373199463","0.7133772373199463","0.7133772373199463","0.7290273308753967","0.7290273308753967","0.7290273308753967","0.43325477838516235","0.43325477838516235","0.43325477838516235","0.02033527009189129","0.02033527009189129","0.02033527009189129","0.0029666712507605553","0.0029666712507605553","0.0029666712507605553"
"3280","0.14511118829250336","0.14511118829250336","0.14511118829250336","1.7845799922943115","1.7845799922943115","1.7845799922943115","1.5783023834228516","1.5783023834228516","1.5783023834228516","1.1948037147521973","1.1948037147521973","1.1948037147521973","0.49187642335891724","0.49187642335891724","0.49187642335891724","0.4343830347061157","0.4343830347061157","0.4343830347061157","0.7555363178253174","0.7555363178253174","0.7555363178253174","0.47949016094207764","0.47949016094207764","0.47949016094207764","0.4870367646217346","0.4870367646217346","0.4870367646217346","0.035901300609111786","0.035901300609111786","0.035901300609111786","0.031122030690312386","0.031122030690312386","0.031122030690312386"
"3290","0.2075817883014679","0.2075817883014679","0.2075817883014679","1.7722804546356201","1.7722804546356201","1.7722804546356201","1.8909811973571777","1.8909811973571777","1.8909811973571777","1.2770800590515137","1.2770800590515137","1.2770800590515137","0.6549485921859741","0.6549485921859741","0.6549485921859741","0.3602904677391052","0.3602904677391052","0.3602904677391052","0.6833842396736145","0.6833842396736145","0.6833842396736145","0.5403680205345154","0.5403680205345154","0.5403680205345154","0.7314016222953796","0.7314016222953796","0.7314016222953796","0.030394813045859337","0.030394813045859337","0.030394813045859337","0.021138645708560944","0.021138645708560944","0.021138645708560944"
"3300","0.03572210296988487","0.03572210296988487","0.03572210296988487","1.6697789430618286","1.6697789430618286","1.6697789430618286","1.4955377578735352","1.4955377578735352","1.4955377578735352","1.778944730758667","1.778944730758667","1.778944730758667","0.24146178364753723","0.24146178364753723","0.24146178364753723","0.4514194130897522","0.4514194130897522","0.4514194130897522","0.8934169411659241","0.8934169411659241","0.8934169411659241","0.4784701466560364","0.4784701466560364","0.4784701466560364","0.46382009983062744","0.46382009983062744","0.46382009983062744","0.045911598950624466","0.045911598950624466","0.045911598950624466","0.052248988300561905","0.052248988300561905","0.052248988300561905"
"3310","0.15126509964466095","0.15126509964466095","0.15126509964466095","1.6167798042297363","1.6167798042297363","1.6167798042297363","1.47194504737854","1.47194504737854","1.47194504737854","1.3592908382415771","1.3592908382415771","1.3592908382415771","0.38316810131073","0.38316810131073","0.38316810131073","0.17731422185897827","0.17731422185897827","0.17731422185897827","0.6516247987747192","0.6516247987747192","0.6516247987747192","0.45333394408226013","0.45333394408226013","0.45333394408226013","0.4741077423095703","0.4741077423095703","0.4741077423095703","0.020445691421628","0.020445691421628","0.020445691421628","0.015578330494463444","0.015578330494463444","0.015578330494463444"
"3320","0.12128807604312897","0.12128807604312897","0.12128807604312897","2.035074234008789","2.035074234008789","2.035074234008789","1.5973715782165527","1.5973715782165527","1.5973715782165527","1.2179555892944336","1.2179555892944336","1.2179555892944336","0.5549629330635071","0.5549629330635071","0.5549629330635071","0.3468233346939087","0.3468233346939087","0.3468233346939087","0.8599068522453308","0.8599068522453308","0.8599068522453308","0.637359082698822","0.637359082698822","0.637359082698822","0.5618574619293213","0.5618574619293213","0.5618574619293213","0.0548783503472805","0.0548783503472805","0.0548783503472805","0.04803675040602684","0.04803675040602684","0.04803675040602684"
"3330","0.0810331329703331","0.0810331329703331","0.0810331329703331","1.5796451568603516","1.5796451568603516","1.5796451568603516","1.385951280593872","1.385951280593872","1.385951280593872","1.656287670135498","1.656287670135498","1.656287670135498","0.557690441608429","0.557690441608429","0.557690441608429","0.38598498702049255","0.38598498702049255","0.38598498702049255","0.8418879508972168","0.8418879508972168","0.8418879508972168","0.3816016912460327","0.3816016912460327","0.3816016912460327","0.7386858463287354","0.7386858463287354","0.7386858463287354","0.006874002516269684","0.006874002516269684","0.006874002516269684","0.012994283810257912","0.012994283810257912","0.012994283810257912"
"3340","0.10733140259981155","0.10733140259981155","0.10733140259981155","1.9533344507217407","1.9533344507217407","1.9533344507217407","1.5043256282806396","1.5043256282806396","1.5043256282806396","1.5015627145767212","1.5015627145767212","1.5015627145767212","0.35170644521713257","0.35170644521713257","0.35170644521713257","0.30351030826568604","0.30351030826568604","0.30351030826568604","0.4676068425178528","0.4676068425178528","0.4676068425178528","0.601577877998352","0.601577877998352","0.601577877998352","0.46131330728530884","0.46131330728530884","0.46131330728530884","0.020344041287899017","0.020344041287899017","0.020344041287899017","0.011776511557400227","0.011776511557400227","0.011776511557400227"
"3350","0.06599469482898712","0.06599469482898712","0.06599469482898712","1.9078619480133057","1.9078619480133057","1.9078619480133057","1.4362980127334595","1.4362980127334595","1.4362980127334595","1.190853476524353","1.190853476524353","1.190853476524353","0.47486966848373413","0.47486966848373413","0.47486966848373413","0.17885425686836243","0.17885425686836243","0.17885425686836243","0.5890368223190308","0.5890368223190308","0.5890368223190308","0.5184595584869385","0.5184595584869385","0.5184595584869385","0.46166008710861206","0.46166008710861206","0.46166008710861206","0.05105968937277794","0.05105968937277794","0.05105968937277794","0.02263781614601612","0.02263781614601612","0.02263781614601612"
"3360","0.06101421266794205","0.06101421266794205","0.06101421266794205","1.7650423049926758","1.7650423049926758","1.7650423049926758","1.3415110111236572","1.3415110111236572","1.3415110111236572","1.3893158435821533","1.3893158435821533","1.3893158435821533","0.636673629283905","0.636673629283905","0.636673629283905","0.30921685695648193","0.30921685695648193","0.30921685695648193","0.6526604294776917","0.6526604294776917","0.6526604294776917","0.6354401707649231","0.6354401707649231","0.6354401707649231","0.4990874230861664","0.4990874230861664","0.4990874230861664","0.014958268031477928","0.014958268031477928","0.014958268031477928","0.039686307311058044","0.039686307311058044","0.039686307311058044"
"3370","0.08205880224704742","0.08205880224704742","0.08205880224704742","1.8121700286865234","1.8121700286865234","1.8121700286865234","1.4588096141815186","1.4588096141815186","1.4588096141815186","1.2325563430786133","1.2325563430786133","1.2325563430786133","0.46214354038238525","0.46214354038238525","0.46214354038238525","0.3922075033187866","0.3922075033187866","0.3922075033187866","0.6168540120124817","0.6168540120124817","0.6168540120124817","0.5703275203704834","0.5703275203704834","0.5703275203704834","0.3314695954322815","0.3314695954322815","0.3314695954322815","0.011011425405740738","0.011011425405740738","0.011011425405740738","0.013040388934314251","0.013040388934314251","0.013040388934314251"
"3380","0.13665220141410828","0.13665220141410828","0.13665220141410828","1.7822208404541016","1.7822208404541016","1.7822208404541016","1.409508228302002","1.409508228302002","1.409508228302002","1.1225886344909668","1.1225886344909668","1.1225886344909668","0.5851253271102905","0.5851253271102905","0.5851253271102905","0.35232987999916077","0.35232987999916077","0.35232987999916077","0.9680156707763672","0.9680156707763672","0.9680156707763672","0.4646495580673218","0.4646495580673218","0.4646495580673218","0.6618142127990723","0.6618142127990723","0.6618142127990723","0.07179813086986542","0.07179813086986542","0.07179813086986542","0.024442164227366447","0.024442164227366447","0.024442164227366447"
"3390","0.3461596369743347","0.3461596369743347","0.3461596369743347","2.0976104736328125","2.0976104736328125","2.0976104736328125","1.6656990051269531","1.6656990051269531","1.6656990051269531","1.2018742561340332","1.2018742561340332","1.2018742561340332","0.4637207090854645","0.4637207090854645","0.4637207090854645","0.3647178113460541","0.3647178113460541","0.3647178113460541","0.8874846696853638","0.8874846696853638","0.8874846696853638","0.5834792852401733","0.5834792852401733","0.5834792852401733","0.465815007686615","0.465815007686615","0.465815007686615","0.03366643935441971","0.03366643935441971","0.03366643935441971","0.033650923520326614","0.033650923520326614","0.033650923520326614"
"3400","0.1152508407831192","0.1152508407831192","0.1152508407831192","1.9792670011520386","1.9792670011520386","1.9792670011520386","1.4519166946411133","1.4519166946411133","1.4519166946411133","1.3835116624832153","1.3835116624832153","1.3835116624832153","0.39196866750717163","0.39196866750717163","0.39196866750717163","0.2958657145500183","0.2958657145500183","0.2958657145500183","0.7937109470367432","0.7937109470367432","0.7937109470367432","0.36797255277633667","0.36797255277633667","0.36797255277633667","0.2687578499317169","0.2687578499317169","0.2687578499317169","0.015521416440606117","0.015521416440606117","0.015521416440606117","0.02991015650331974","0.02991015650331974","0.02991015650331974"
"3410","0.24499182403087616","0.24499182403087616","0.24499182403087616","1.9463958740234375","1.9463958740234375","1.9463958740234375","1.2909506559371948","1.2909506559371948","1.2909506559371948","1.4205913543701172","1.4205913543701172","1.4205913543701172","0.3498520255088806","0.3498520255088806","0.3498520255088806","0.3108823597431183","0.3108823597431183","0.3108823597431183","0.7718936204910278","0.7718936204910278","0.7718936204910278","0.38637852668762207","0.38637852668762207","0.38637852668762207","0.6303946375846863","0.6303946375846863","0.6303946375846863","0.08809078484773636","0.08809078484773636","0.08809078484773636","0.021459944546222687","0.021459944546222687","0.021459944546222687"
"3420","0.3554544448852539","0.3554544448852539","0.3554544448852539","1.5452301502227783","1.5452301502227783","1.5452301502227783","1.4853534698486328","1.4853534698486328","1.4853534698486328","1.1627925634384155","1.1627925634384155","1.1627925634384155","0.4986705780029297","0.4986705780029297","0.4986705780029297","0.20836539566516876","0.20836539566516876","0.20836539566516876","0.5551716089248657","0.5551716089248657","0.5551716089248657","0.700133204460144","0.700133204460144","0.700133204460144","0.6908700466156006","0.6908700466156006","0.6908700466156006","0.059175729751586914","0.059175729751586914","0.059175729751586914","0.012872431427240372","0.012872431427240372","0.012872431427240372"
"3430","0.028574448078870773","0.028574448078870773","0.028574448078870773","1.6264901161193848","1.6264901161193848","1.6264901161193848","1.2832719087600708","1.2832719087600708","1.2832719087600708","1.1931097507476807","1.1931097507476807","1.1931097507476807","0.39720118045806885","0.39720118045806885","0.39720118045806885","0.26578056812286377","0.26578056812286377","0.26578056812286377","0.8369313478469849","0.8369313478469849","0.8369313478469849","0.5033962726593018","0.5033962726593018","0.5033962726593018","0.6757009029388428","0.6757009029388428","0.6757009029388428","0.006691123358905315","0.006691123358905315","0.006691123358905315","0.016877442598342896","0.016877442598342896","0.016877442598342896"
"3440","0.08475591242313385","0.08475591242313385","0.08475591242313385","1.784989356994629","1.784989356994629","1.784989356994629","1.329139232635498","1.329139232635498","1.329139232635498","1.440211534500122","1.440211534500122","1.440211534500122","0.38393843173980713","0.38393843173980713","0.38393843173980713","0.2350044846534729","0.2350044846534729","0.2350044846534729","0.5464863777160645","0.5464863777160645","0.5464863777160645","0.4619511067867279","0.4619511067867279","0.4619511067867279","0.41054338216781616","0.41054338216781616","0.41054338216781616","0.012375921942293644","0.012375921942293644","0.012375921942293644","0.006653855554759502","0.006653855554759502","0.006653855554759502"
"3450","0.10185562819242477","0.10185562819242477","0.10185562819242477","2.0476057529449463","2.0476057529449463","2.0476057529449463","1.3364616632461548","1.3364616632461548","1.3364616632461548","1.633204698562622","1.633204698562622","1.633204698562622","0.2364441156387329","0.2364441156387329","0.2364441156387329","0.1714942455291748","0.1714942455291748","0.1714942455291748","0.4583856463432312","0.4583856463432312","0.4583856463432312","0.5277368426322937","0.5277368426322937","0.5277368426322937","0.622617244720459","0.622617244720459","0.622617244720459","0.02081502228975296","0.02081502228975296","0.02081502228975296","0.006630689837038517","0.006630689837038517","0.006630689837038517"
"3460","0.12092141807079315","0.12092141807079315","0.12092141807079315","1.702713966369629","1.702713966369629","1.702713966369629","1.5971927642822266","1.5971927642822266","1.5971927642822266","1.1704721450805664","1.1704721450805664","1.1704721450805664","0.4458386301994324","0.4458386301994324","0.4458386301994324","0.23115769028663635","0.23115769028663635","0.23115769028663635","0.5728026032447815","0.5728026032447815","0.5728026032447815","0.5501420497894287","0.5501420497894287","0.5501420497894287","0.572832465171814","0.572832465171814","0.572832465171814","0.005931221880018711","0.005931221880018711","0.005931221880018711","0.024562999606132507","0.024562999606132507","0.024562999606132507"
"3470","0.14109405875205994","0.14109405875205994","0.14109405875205994","1.743675708770752","1.743675708770752","1.743675708770752","1.4808828830718994","1.4808828830718994","1.4808828830718994","1.0651034116744995","1.0651034116744995","1.0651034116744995","0.39041459560394287","0.39041459560394287","0.39041459560394287","0.4010307192802429","0.4010307192802429","0.4010307192802429","0.8959199786186218","0.8959199786186218","0.8959199786186218","0.46394404768943787","0.46394404768943787","0.46394404768943787","0.5033325552940369","0.5033325552940369","0.5033325552940369","0.015326175838708878","0.015326175838708878","0.015326175838708878","0.006787348538637161","0.006787348538637161","0.006787348538637161"
"3480","0.13940267264842987","0.13940267264842987","0.13940267264842987","1.9714123010635376","1.9714123010635376","1.9714123010635376","1.3787870407104492","1.3787870407104492","1.3787870407104492","1.130743145942688","1.130743145942688","1.130743145942688","0.7528102993965149","0.7528102993965149","0.7528102993965149","0.3793151378631592","0.3793151378631592","0.3793151378631592","0.6189730763435364","0.6189730763435364","0.6189730763435364","0.6604160070419312","0.6604160070419312","0.6604160070419312","0.7322824597358704","0.7322824597358704","0.7322824597358704","0.062175996601581573","0.062175996601581573","0.062175996601581573","0.011698814108967781","0.011698814108967781","0.011698814108967781"
"3490","0.09768573939800262","0.09768573939800262","0.09768573939800262","1.6357579231262207","1.6357579231262207","1.6357579231262207","1.6337977647781372","1.6337977647781372","1.6337977647781372","1.3029015064239502","1.3029015064239502","1.3029015064239502","0.2651655972003937","0.2651655972003937","0.2651655972003937","0.2978881001472473","0.2978881001472473","0.2978881001472473","0.4072999656200409","0.4072999656200409","0.4072999656200409","0.35482650995254517","0.35482650995254517","0.35482650995254517","0.5312635898590088","0.5312635898590088","0.5312635898590088","0.045220717787742615","0.045220717787742615","0.045220717787742615","0.027744749560952187","0.027744749560952187","0.027744749560952187"
"3500","0.10016355663537979","0.10016355663537979","0.10016355663537979","1.497267484664917","1.497267484664917","1.497267484664917","1.3349604606628418","1.3349604606628418","1.3349604606628418","1.3572577238082886","1.3572577238082886","1.3572577238082886","0.37650540471076965","0.37650540471076965","0.37650540471076965","0.29071569442749023","0.29071569442749023","0.29071569442749023","0.6968052387237549","0.6968052387237549","0.6968052387237549","0.5050622820854187","0.5050622820854187","0.5050622820854187","0.42363643646240234","0.42363643646240234","0.42363643646240234","0.047669898718595505","0.047669898718595505","0.047669898718595505","0.00274819228798151","0.00274819228798151","0.00274819228798151"
"3510","0.2276153266429901","0.2276153266429901","0.2276153266429901","1.3913464546203613","1.3913464546203613","1.3913464546203613","1.7261810302734375","1.7261810302734375","1.7261810302734375","1.387647032737732","1.387647032737732","1.387647032737732","0.7629120349884033","0.7629120349884033","0.7629120349884033","0.17794720828533173","0.17794720828533173","0.17794720828533173","0.417981892824173","0.417981892824173","0.417981892824173","0.45378944277763367","0.45378944277763367","0.45378944277763367","0.42687201499938965","0.42687201499938965","0.42687201499938965","0.013746806420385838","0.013746806420385838","0.013746806420385838","0.006723955273628235","0.006723955273628235","0.006723955273628235"
"3520","0.04432196170091629","0.04432196170091629","0.04432196170091629","1.465330719947815","1.465330719947815","1.465330719947815","1.5737547874450684","1.5737547874450684","1.5737547874450684","1.0247271060943604","1.0247271060943604","1.0247271060943604","0.35318195819854736","0.35318195819854736","0.35318195819854736","0.28264161944389343","0.28264161944389343","0.28264161944389343","0.5477073192596436","0.5477073192596436","0.5477073192596436","0.2291460782289505","0.2291460782289505","0.2291460782289505","0.23626385629177094","0.23626385629177094","0.23626385629177094","0.03212511166930199","0.03212511166930199","0.03212511166930199","0.004888023249804974","0.004888023249804974","0.004888023249804974"
"3530","0.16043083369731903","0.16043083369731903","0.16043083369731903","1.5308630466461182","1.5308630466461182","1.5308630466461182","1.5858492851257324","1.5858492851257324","1.5858492851257324","1.1121537685394287","1.1121537685394287","1.1121537685394287","0.4280681312084198","0.4280681312084198","0.4280681312084198","0.37657368183135986","0.37657368183135986","0.37657368183135986","0.5548529028892517","0.5548529028892517","0.5548529028892517","0.48607027530670166","0.48607027530670166","0.48607027530670166","0.43542760610580444","0.43542760610580444","0.43542760610580444","0.055715009570121765","0.055715009570121765","0.055715009570121765","0.016251591965556145","0.016251591965556145","0.016251591965556145"
"3540","0.035297222435474396","0.035297222435474396","0.035297222435474396","1.3153207302093506","1.3153207302093506","1.3153207302093506","1.3933539390563965","1.3933539390563965","1.3933539390563965","1.5071492195129395","1.5071492195129395","1.5071492195129395","0.42123904824256897","0.42123904824256897","0.42123904824256897","0.372366338968277","0.372366338968277","0.372366338968277","0.7831014394760132","0.7831014394760132","0.7831014394760132","0.35021209716796875","0.35021209716796875","0.35021209716796875","0.2362470179796219","0.2362470179796219","0.2362470179796219","0.003566470928490162","0.003566470928490162","0.003566470928490162","0.007969905622303486","0.007969905622303486","0.007969905622303486"
"3550","0.09561735391616821","0.09561735391616821","0.09561735391616821","1.4969419240951538","1.4969419240951538","1.4969419240951538","1.4253380298614502","1.4253380298614502","1.4253380298614502","0.9871069192886353","0.9871069192886353","0.9871069192886353","0.49717965722084045","0.49717965722084045","0.49717965722084045","0.36971399188041687","0.36971399188041687","0.36971399188041687","0.7979869842529297","0.7979869842529297","0.7979869842529297","0.5033286809921265","0.5033286809921265","0.5033286809921265","0.21653707325458527","0.21653707325458527","0.21653707325458527","0.010689893737435341","0.010689893737435341","0.010689893737435341","0.020699506625533104","0.020699506625533104","0.020699506625533104"
"3560","0.0896739810705185","0.0896739810705185","0.0896739810705185","1.262732982635498","1.262732982635498","1.262732982635498","1.4674869775772095","1.4674869775772095","1.4674869775772095","0.9739397764205933","0.9739397764205933","0.9739397764205933","0.4263208210468292","0.4263208210468292","0.4263208210468292","0.2780780792236328","0.2780780792236328","0.2780780792236328","0.4963822662830353","0.4963822662830353","0.4963822662830353","0.34935203194618225","0.34935203194618225","0.34935203194618225","0.37491321563720703","0.37491321563720703","0.37491321563720703","0.043152350932359695","0.043152350932359695","0.043152350932359695","0.012453277595341206","0.012453277595341206","0.012453277595341206"
"3570","0.13079655170440674","0.13079655170440674","0.13079655170440674","1.5856459140777588","1.5856459140777588","1.5856459140777588","1.2117418050765991","1.2117418050765991","1.2117418050765991","1.1327165365219116","1.1327165365219116","1.1327165365219116","0.4135182797908783","0.4135182797908783","0.4135182797908783","0.42011559009552","0.42011559009552","0.42011559009552","0.3571719527244568","0.3571719527244568","0.3571719527244568","0.376482754945755","0.376482754945755","0.376482754945755","0.41140544414520264","0.41140544414520264","0.41140544414520264","0.024800902232527733","0.024800902232527733","0.024800902232527733","0.0033612819388508797","0.0033612819388508797","0.0033612819388508797"
"3580","0.17821955680847168","0.17821955680847168","0.17821955680847168","1.2408478260040283","1.2408478260040283","1.2408478260040283","1.3148808479309082","1.3148808479309082","1.3148808479309082","1.2044596672058105","1.2044596672058105","1.2044596672058105","0.5385489463806152","0.5385489463806152","0.5385489463806152","0.37143731117248535","0.37143731117248535","0.37143731117248535","0.5425055623054504","0.5425055623054504","0.5425055623054504","0.5760064125061035","0.5760064125061035","0.5760064125061035","0.26958420872688293","0.26958420872688293","0.26958420872688293","0.051224250346422195","0.051224250346422195","0.051224250346422195","0.06339792907238007","0.06339792907238007","0.06339792907238007"
"3590","0.10310892760753632","0.10310892760753632","0.10310892760753632","1.7170896530151367","1.7170896530151367","1.7170896530151367","1.5248188972473145","1.5248188972473145","1.5248188972473145","0.9844480752944946","0.9844480752944946","0.9844480752944946","0.47791725397109985","0.47791725397109985","0.47791725397109985","0.36756256222724915","0.36756256222724915","0.36756256222724915","0.525668740272522","0.525668740272522","0.525668740272522","0.4238297939300537","0.4238297939300537","0.4238297939300537","0.45898693799972534","0.45898693799972534","0.45898693799972534","0.0074102794751524925","0.0074102794751524925","0.0074102794751524925","0.0011701621115207672","0.0011701621115207672","0.0011701621115207672"
"3600","0.15061117708683014","0.15061117708683014","0.15061117708683014","1.424304485321045","1.424304485321045","1.424304485321045","1.4362488985061646","1.4362488985061646","1.4362488985061646","1.0785754919052124","1.0785754919052124","1.0785754919052124","0.4970991015434265","0.4970991015434265","0.4970991015434265","0.18176765739917755","0.18176765739917755","0.18176765739917755","0.5431514978408813","0.5431514978408813","0.5431514978408813","0.44031351804733276","0.44031351804733276","0.44031351804733276","0.36525315046310425","0.36525315046310425","0.36525315046310425","0.0457211434841156","0.0457211434841156","0.0457211434841156","0.03570704907178879","0.03570704907178879","0.03570704907178879"
"3610","0.19469597935676575","0.19469597935676575","0.19469597935676575","1.401906967163086","1.401906967163086","1.401906967163086","1.63068687915802","1.63068687915802","1.63068687915802","1.2871248722076416","1.2871248722076416","1.2871248722076416","0.43690669536590576","0.43690669536590576","0.43690669536590576","0.2578487992286682","0.2578487992286682","0.2578487992286682","0.6713879704475403","0.6713879704475403","0.6713879704475403","0.5738880634307861","0.5738880634307861","0.5738880634307861","0.6980640292167664","0.6980640292167664","0.6980640292167664","0.017135560512542725","0.017135560512542725","0.017135560512542725","0.008654394187033176","0.008654394187033176","0.008654394187033176"
"3620","0.07468581199645996","0.07468581199645996","0.07468581199645996","1.435610294342041","1.435610294342041","1.435610294342041","1.6140131950378418","1.6140131950378418","1.6140131950378418","1.0726807117462158","1.0726807117462158","1.0726807117462158","0.34740278124809265","0.34740278124809265","0.34740278124809265","0.43265050649642944","0.43265050649642944","0.43265050649642944","0.5936096906661987","0.5936096906661987","0.5936096906661987","0.5338929891586304","0.5338929891586304","0.5338929891586304","0.19381871819496155","0.19381871819496155","0.19381871819496155","0.04744523763656616","0.04744523763656616","0.04744523763656616","0.023117054253816605","0.023117054253816605","0.023117054253816605"
"3630","0.0937788113951683","0.0937788113951683","0.0937788113951683","1.7810527086257935","1.7810527086257935","1.7810527086257935","1.2873024940490723","1.2873024940490723","1.2873024940490723","1.492850422859192","1.492850422859192","1.492850422859192","0.5595813989639282","0.5595813989639282","0.5595813989639282","0.24652336537837982","0.24652336537837982","0.24652336537837982","0.6348730325698853","0.6348730325698853","0.6348730325698853","0.3186725080013275","0.3186725080013275","0.3186725080013275","0.33454450964927673","0.33454450964927673","0.33454450964927673","0.043826136738061905","0.043826136738061905","0.043826136738061905","0.018788795918226242","0.018788795918226242","0.018788795918226242"
"3640","0.08817247301340103","0.08817247301340103","0.08817247301340103","1.4420732259750366","1.4420732259750366","1.4420732259750366","1.5067516565322876","1.5067516565322876","1.5067516565322876","1.243222951889038","1.243222951889038","1.243222951889038","0.6259464621543884","0.6259464621543884","0.6259464621543884","0.3197309672832489","0.3197309672832489","0.3197309672832489","0.5750431418418884","0.5750431418418884","0.5750431418418884","0.3015163838863373","0.3015163838863373","0.3015163838863373","0.2524015009403229","0.2524015009403229","0.2524015009403229","0.03002907522022724","0.03002907522022724","0.03002907522022724","0.00481624249368906","0.00481624249368906","0.00481624249368906"
"3650","0.1726575493812561","0.1726575493812561","0.1726575493812561","1.5000617504119873","1.5000617504119873","1.5000617504119873","1.2741965055465698","1.2741965055465698","1.2741965055465698","1.102251410484314","1.102251410484314","1.102251410484314","0.3403320014476776","0.3403320014476776","0.3403320014476776","0.23261213302612305","0.23261213302612305","0.23261213302612305","0.48642584681510925","0.48642584681510925","0.48642584681510925","0.5271085500717163","0.5271085500717163","0.5271085500717163","0.34905534982681274","0.34905534982681274","0.34905534982681274","0.034088704735040665","0.034088704735040665","0.034088704735040665","0.011701776646077633","0.011701776646077633","0.011701776646077633"
"3660","0.10062182694673538","0.10062182694673538","0.10062182694673538","1.198955774307251","1.198955774307251","1.198955774307251","1.2198269367218018","1.2198269367218018","1.2198269367218018","1.1608600616455078","1.1608600616455078","1.1608600616455078","0.5194811224937439","0.5194811224937439","0.5194811224937439","0.34647905826568604","0.34647905826568604","0.34647905826568604","0.6268143653869629","0.6268143653869629","0.6268143653869629","0.5384670495986938","0.5384670495986938","0.5384670495986938","0.28836721181869507","0.28836721181869507","0.28836721181869507","0.04039955139160156","0.04039955139160156","0.04039955139160156","0.009397926740348339","0.009397926740348339","0.009397926740348339"
"3670","0.20975327491760254","0.20975327491760254","0.20975327491760254","1.600378394126892","1.600378394126892","1.600378394126892","1.3875802755355835","1.3875802755355835","1.3875802755355835","1.1562130451202393","1.1562130451202393","1.1562130451202393","0.3788028955459595","0.3788028955459595","0.3788028955459595","0.2925816774368286","0.2925816774368286","0.2925816774368286","0.5641950964927673","0.5641950964927673","0.5641950964927673","0.31164637207984924","0.31164637207984924","0.31164637207984924","0.3005961775779724","0.3005961775779724","0.3005961775779724","0.007739180698990822","0.007739180698990822","0.007739180698990822","0.005217255093157291","0.005217255093157291","0.005217255093157291"
"3680","0.33537110686302185","0.33537110686302185","0.33537110686302185","1.4355324506759644","1.4355324506759644","1.4355324506759644","1.722701072692871","1.722701072692871","1.722701072692871","1.125688076019287","1.125688076019287","1.125688076019287","0.45757609605789185","0.45757609605789185","0.45757609605789185","0.5041928291320801","0.5041928291320801","0.5041928291320801","0.6344069242477417","0.6344069242477417","0.6344069242477417","0.40713822841644287","0.40713822841644287","0.40713822841644287","0.3765612244606018","0.3765612244606018","0.3765612244606018","0.020638905465602875","0.020638905465602875","0.020638905465602875","0.013314319774508476","0.013314319774508476","0.013314319774508476"
"3690","0.219402477145195","0.219402477145195","0.219402477145195","1.4246530532836914","1.4246530532836914","1.4246530532836914","1.1342227458953857","1.1342227458953857","1.1342227458953857","1.1081817150115967","1.1081817150115967","1.1081817150115967","0.3319243788719177","0.3319243788719177","0.3319243788719177","0.5656905770301819","0.5656905770301819","0.5656905770301819","0.5029703378677368","0.5029703378677368","0.5029703378677368","0.4554371237754822","0.4554371237754822","0.4554371237754822","0.551900327205658","0.551900327205658","0.551900327205658","0.05125468969345093","0.05125468969345093","0.05125468969345093","0.007910089567303658","0.007910089567303658","0.007910089567303658"
"3700","0.048953570425510406","0.048953570425510406","0.048953570425510406","1.471956491470337","1.471956491470337","1.471956491470337","1.4065625667572021","1.4065625667572021","1.4065625667572021","1.3452823162078857","1.3452823162078857","1.3452823162078857","0.2230522632598877","0.2230522632598877","0.2230522632598877","0.18636967241764069","0.18636967241764069","0.18636967241764069","0.6873119473457336","0.6873119473457336","0.6873119473457336","0.49499571323394775","0.49499571323394775","0.49499571323394775","0.21558037400245667","0.21558037400245667","0.21558037400245667","0.014685159549117088","0.014685159549117088","0.014685159549117088","0.03680845722556114","0.03680845722556114","0.03680845722556114"
"3710","0.030078573152422905","0.030078573152422905","0.030078573152422905","1.3130576610565186","1.3130576610565186","1.3130576610565186","1.1983541250228882","1.1983541250228882","1.1983541250228882","1.1061705350875854","1.1061705350875854","1.1061705350875854","0.4936525821685791","0.4936525821685791","0.4936525821685791","0.22294043004512787","0.22294043004512787","0.22294043004512787","0.6708834171295166","0.6708834171295166","0.6708834171295166","0.5324572324752808","0.5324572324752808","0.5324572324752808","0.2958742380142212","0.2958742380142212","0.2958742380142212","0.01150510460138321","0.01150510460138321","0.01150510460138321","0.03958727419376373","0.03958727419376373","0.03958727419376373"
"3720","0.023408103734254837","0.023408103734254837","0.023408103734254837","1.3719762563705444","1.3719762563705444","1.3719762563705444","1.2030227184295654","1.2030227184295654","1.2030227184295654","0.9316068887710571","0.9316068887710571","0.9316068887710571","0.446075439453125","0.446075439453125","0.446075439453125","0.23924030363559723","0.23924030363559723","0.23924030363559723","0.5187654495239258","0.5187654495239258","0.5187654495239258","0.5779922604560852","0.5779922604560852","0.5779922604560852","0.33027204871177673","0.33027204871177673","0.33027204871177673","0.010495551861822605","0.010495551861822605","0.010495551861822605","0.02208002656698227","0.02208002656698227","0.02208002656698227"
"3730","0.028542857617139816","0.028542857617139816","0.028542857617139816","1.18093740940094","1.18093740940094","1.18093740940094","1.6729626655578613","1.6729626655578613","1.6729626655578613","1.5673514604568481","1.5673514604568481","1.5673514604568481","0.26505544781684875","0.26505544781684875","0.26505544781684875","0.23965615034103394","0.23965615034103394","0.23965615034103394","0.5731837153434753","0.5731837153434753","0.5731837153434753","0.4179941415786743","0.4179941415786743","0.4179941415786743","0.46805548667907715","0.46805548667907715","0.46805548667907715","0.005391084589064121","0.005391084589064121","0.005391084589064121","0.0010370900854468346","0.0010370900854468346","0.0010370900854468346"
"3740","0.16507068276405334","0.16507068276405334","0.16507068276405334","1.6439929008483887","1.6439929008483887","1.6439929008483887","1.1590096950531006","1.1590096950531006","1.1590096950531006","1.2690613269805908","1.2690613269805908","1.2690613269805908","0.46938472986221313","0.46938472986221313","0.46938472986221313","0.2968505620956421","0.2968505620956421","0.2968505620956421","0.5444664359092712","0.5444664359092712","0.5444664359092712","0.33083462715148926","0.33083462715148926","0.33083462715148926","0.5620754361152649","0.5620754361152649","0.5620754361152649","0.07356543838977814","0.07356543838977814","0.07356543838977814","0.012074444442987442","0.012074444442987442","0.012074444442987442"
"3750","0.1487089842557907","0.1487089842557907","0.1487089842557907","1.4156091213226318","1.4156091213226318","1.4156091213226318","1.296753168106079","1.296753168106079","1.296753168106079","1.0636194944381714","1.0636194944381714","1.0636194944381714","0.4154086410999298","0.4154086410999298","0.4154086410999298","0.1440734565258026","0.1440734565258026","0.1440734565258026","0.4134393334388733","0.4134393334388733","0.4134393334388733","0.49981963634490967","0.49981963634490967","0.49981963634490967","0.3862673044204712","0.3862673044204712","0.3862673044204712","0.005235891789197922","0.005235891789197922","0.005235891789197922","0.016293194144964218","0.016293194144964218","0.016293194144964218"
"3760","0.12748748064041138","0.12748748064041138","0.12748748064041138","1.51411771774292","1.51411771774292","1.51411771774292","1.4853110313415527","1.4853110313415527","1.4853110313415527","1.1778868436813354","1.1778868436813354","1.1778868436813354","0.22071683406829834","0.22071683406829834","0.22071683406829834","0.3949480354785919","0.3949480354785919","0.3949480354785919","0.6187750697135925","0.6187750697135925","0.6187750697135925","0.4231429398059845","0.4231429398059845","0.4231429398059845","0.3178415298461914","0.3178415298461914","0.3178415298461914","0.008194059133529663","0.008194059133529663","0.008194059133529663","0.0027416879311203957","0.0027416879311203957","0.0027416879311203957"
"3770","0.2426559180021286","0.2426559180021286","0.2426559180021286","2.0516269207000732","2.0516269207000732","2.0516269207000732","1.615106463432312","1.615106463432312","1.615106463432312","1.1673663854599","1.1673663854599","1.1673663854599","0.6643503308296204","0.6643503308296204","0.6643503308296204","0.836839497089386","0.836839497089386","0.836839497089386","0.6932912468910217","0.6932912468910217","0.6932912468910217","0.16255822777748108","0.16255822777748108","0.16255822777748108","0.6845911145210266","0.6845911145210266","0.6845911145210266","0.028228137642145157","0.028228137642145157","0.028228137642145157","0.0013820185558870435","0.0013820185558870435","0.0013820185558870435"
"3780","0.018081199377775192","0.018081199377775192","0.018081199377775192","1.5803178548812866","1.5803178548812866","1.5803178548812866","1.3011822700500488","1.3011822700500488","1.3011822700500488","1.3110226392745972","1.3110226392745972","1.3110226392745972","0.2298625260591507","0.2298625260591507","0.2298625260591507","0.31346943974494934","0.31346943974494934","0.31346943974494934","0.5965188145637512","0.5965188145637512","0.5965188145637512","0.3576270341873169","0.3576270341873169","0.3576270341873169","0.27106642723083496","0.27106642723083496","0.27106642723083496","0.03715892136096954","0.03715892136096954","0.03715892136096954","0.005363665521144867","0.005363665521144867","0.005363665521144867"
"3790","0.2538719177246094","0.2538719177246094","0.2538719177246094","1.2201964855194092","1.2201964855194092","1.2201964855194092","1.1817731857299805","1.1817731857299805","1.1817731857299805","1.1969941854476929","1.1969941854476929","1.1969941854476929","0.23951825499534607","0.23951825499534607","0.23951825499534607","0.2559652328491211","0.2559652328491211","0.2559652328491211","0.46952229738235474","0.46952229738235474","0.46952229738235474","0.28603026270866394","0.28603026270866394","0.28603026270866394","0.2831616997718811","0.2831616997718811","0.2831616997718811","0.04661830514669418","0.04661830514669418","0.04661830514669418","0.0035620378330349922","0.0035620378330349922","0.0035620378330349922"
"3800","0.1467055082321167","0.1467055082321167","0.1467055082321167","1.461909532546997","1.461909532546997","1.461909532546997","1.2467677593231201","1.2467677593231201","1.2467677593231201","1.2877895832061768","1.2877895832061768","1.2877895832061768","0.7194087505340576","0.7194087505340576","0.7194087505340576","0.16895940899848938","0.16895940899848938","0.16895940899848938","0.7324920296669006","0.7324920296669006","0.7324920296669006","0.4228332042694092","0.4228332042694092","0.4228332042694092","0.3426302373409271","0.3426302373409271","0.3426302373409271","0.010544908232986927","0.010544908232986927","0.010544908232986927","0.009779741056263447","0.009779741056263447","0.009779741056263447"
"3810","0.04367377981543541","0.04367377981543541","0.04367377981543541","1.3544412851333618","1.3544412851333618","1.3544412851333618","1.2495105266571045","1.2495105266571045","1.2495105266571045","1.0963129997253418","1.0963129997253418","1.0963129997253418","0.41715574264526367","0.41715574264526367","0.41715574264526367","0.3855292499065399","0.3855292499065399","0.3855292499065399","0.5766168832778931","0.5766168832778931","0.5766168832778931","0.629810094833374","0.629810094833374","0.629810094833374","0.2595374882221222","0.2595374882221222","0.2595374882221222","0.00925556942820549","0.00925556942820549","0.00925556942820549","0.019272008910775185","0.019272008910775185","0.019272008910775185"
"3820","0.10120204091072083","0.10120204091072083","0.10120204091072083","1.3409442901611328","1.3409442901611328","1.3409442901611328","1.4297189712524414","1.4297189712524414","1.4297189712524414","1.218241572380066","1.218241572380066","1.218241572380066","0.3250795304775238","0.3250795304775238","0.3250795304775238","0.3155757188796997","0.3155757188796997","0.3155757188796997","0.5983327627182007","0.5983327627182007","0.5983327627182007","0.43270519375801086","0.43270519375801086","0.43270519375801086","0.33208000659942627","0.33208000659942627","0.33208000659942627","0.07766855508089066","0.07766855508089066","0.07766855508089066","0.006639502011239529","0.006639502011239529","0.006639502011239529"
"3830","0.08026961982250214","0.08026961982250214","0.08026961982250214","1.2388713359832764","1.2388713359832764","1.2388713359832764","1.193629503250122","1.193629503250122","1.193629503250122","0.9547120928764343","0.9547120928764343","0.9547120928764343","0.28996214270591736","0.28996214270591736","0.28996214270591736","0.21317967772483826","0.21317967772483826","0.21317967772483826","0.5601009726524353","0.5601009726524353","0.5601009726524353","0.18920229375362396","0.18920229375362396","0.18920229375362396","0.44130659103393555","0.44130659103393555","0.44130659103393555","0.007163611240684986","0.007163611240684986","0.007163611240684986","0.004088439047336578","0.004088439047336578","0.004088439047336578"
"3840","0.17106309533119202","0.17106309533119202","0.17106309533119202","1.33049476146698","1.33049476146698","1.33049476146698","1.329670786857605","1.329670786857605","1.329670786857605","1.219726324081421","1.219726324081421","1.219726324081421","0.366873174905777","0.366873174905777","0.366873174905777","0.3721660077571869","0.3721660077571869","0.3721660077571869","0.5964138507843018","0.5964138507843018","0.5964138507843018","0.4532797932624817","0.4532797932624817","0.4532797932624817","0.420174241065979","0.420174241065979","0.420174241065979","0.004403731785714626","0.004403731785714626","0.004403731785714626","0.021309610456228256","0.021309610456228256","0.021309610456228256"
"3850","0.12405898422002792","0.12405898422002792","0.12405898422002792","1.0128166675567627","1.0128166675567627","1.0128166675567627","1.1779223680496216","1.1779223680496216","1.1779223680496216","1.0179779529571533","1.0179779529571533","1.0179779529571533","0.46351489424705505","0.46351489424705505","0.46351489424705505","0.20704789459705353","0.20704789459705353","0.20704789459705353","0.8588911890983582","0.8588911890983582","0.8588911890983582","0.2878938913345337","0.2878938913345337","0.2878938913345337","0.4341561496257782","0.4341561496257782","0.4341561496257782","0.018917955458164215","0.018917955458164215","0.018917955458164215","0.008270488120615482","0.008270488120615482","0.008270488120615482"
"3860","0.03836790472269058","0.03836790472269058","0.03836790472269058","1.4601585865020752","1.4601585865020752","1.4601585865020752","1.5098304748535156","1.5098304748535156","1.5098304748535156","1.180397629737854","1.180397629737854","1.180397629737854","0.4129863381385803","0.4129863381385803","0.4129863381385803","0.3488950729370117","0.3488950729370117","0.3488950729370117","0.6313040256500244","0.6313040256500244","0.6313040256500244","0.21504878997802734","0.21504878997802734","0.21504878997802734","0.36833012104034424","0.36833012104034424","0.36833012104034424","0.014933619648218155","0.014933619648218155","0.014933619648218155","0.02428356185555458","0.02428356185555458","0.02428356185555458"
"3870","0.06786410510540009","0.06786410510540009","0.06786410510540009","1.2072482109069824","1.2072482109069824","1.2072482109069824","1.4007726907730103","1.4007726907730103","1.4007726907730103","1.026289463043213","1.026289463043213","1.026289463043213","0.23440685868263245","0.23440685868263245","0.23440685868263245","0.1683093011379242","0.1683093011379242","0.1683093011379242","0.7061638236045837","0.7061638236045837","0.7061638236045837","0.3702191114425659","0.3702191114425659","0.3702191114425659","0.22117255628108978","0.22117255628108978","0.22117255628108978","0.006042906083166599","0.006042906083166599","0.006042906083166599","0.0008271560072898865","0.0008271560072898865","0.0008271560072898865"
"3880","0.18373340368270874","0.18373340368270874","0.18373340368270874","1.3937194347381592","1.3937194347381592","1.3937194347381592","1.2203761339187622","1.2203761339187622","1.2203761339187622","1.1435816287994385","1.1435816287994385","1.1435816287994385","0.3066513240337372","0.3066513240337372","0.3066513240337372","0.34775662422180176","0.34775662422180176","0.34775662422180176","0.579675555229187","0.579675555229187","0.579675555229187","0.6008439660072327","0.6008439660072327","0.6008439660072327","0.3028064966201782","0.3028064966201782","0.3028064966201782","0.02050512284040451","0.02050512284040451","0.02050512284040451","0.039922650903463364","0.039922650903463364","0.039922650903463364"
"3890","0.12398040294647217","0.12398040294647217","0.12398040294647217","1.2649335861206055","1.2649335861206055","1.2649335861206055","1.3363451957702637","1.3363451957702637","1.3363451957702637","0.8635964393615723","0.8635964393615723","0.8635964393615723","0.2693880498409271","0.2693880498409271","0.2693880498409271","0.1311289668083191","0.1311289668083191","0.1311289668083191","0.35033923387527466","0.35033923387527466","0.35033923387527466","0.5310287475585938","0.5310287475585938","0.5310287475585938","0.31108358502388","0.31108358502388","0.31108358502388","0.038197971880435944","0.038197971880435944","0.038197971880435944","0.013921458274126053","0.013921458274126053","0.013921458274126053"
"3900","0.09311403334140778","0.09311403334140778","0.09311403334140778","1.0399274826049805","1.0399274826049805","1.0399274826049805","1.059837818145752","1.059837818145752","1.059837818145752","1.0184208154678345","1.0184208154678345","1.0184208154678345","0.3228645920753479","0.3228645920753479","0.3228645920753479","0.393699049949646","0.393699049949646","0.393699049949646","0.7129650712013245","0.7129650712013245","0.7129650712013245","0.1937739998102188","0.1937739998102188","0.1937739998102188","0.3564036190509796","0.3564036190509796","0.3564036190509796","0.0141019681468606","0.0141019681468606","0.0141019681468606","0.004423649050295353","0.004423649050295353","0.004423649050295353"
"3910","0.06294276565313339","0.06294276565313339","0.06294276565313339","1.204845666885376","1.204845666885376","1.204845666885376","1.4047731161117554","1.4047731161117554","1.4047731161117554","1.1946767568588257","1.1946767568588257","1.1946767568588257","0.433675080537796","0.433675080537796","0.433675080537796","0.21574269235134125","0.21574269235134125","0.21574269235134125","0.7033793330192566","0.7033793330192566","0.7033793330192566","0.21460860967636108","0.21460860967636108","0.21460860967636108","0.2528775930404663","0.2528775930404663","0.2528775930404663","0.0379650741815567","0.0379650741815567","0.0379650741815567","0.002956785261631012","0.002956785261631012","0.002956785261631012"
"3920","0.1308942586183548","0.1308942586183548","0.1308942586183548","0.9368725419044495","0.9368725419044495","0.9368725419044495","1.3281301259994507","1.3281301259994507","1.3281301259994507","0.9454680681228638","0.9454680681228638","0.9454680681228638","0.33661502599716187","0.33661502599716187","0.33661502599716187","0.2899104952812195","0.2899104952812195","0.2899104952812195","0.4183356463909149","0.4183356463909149","0.4183356463909149","0.48099103569984436","0.48099103569984436","0.48099103569984436","0.4312405586242676","0.4312405586242676","0.4312405586242676","0.008781888522207737","0.008781888522207737","0.008781888522207737","0.006734863854944706","0.006734863854944706","0.006734863854944706"
"3930","0.1278570592403412","0.1278570592403412","0.1278570592403412","1.1272401809692383","1.1272401809692383","1.1272401809692383","1.2860307693481445","1.2860307693481445","1.2860307693481445","1.1039265394210815","1.1039265394210815","1.1039265394210815","0.4674797058105469","0.4674797058105469","0.4674797058105469","0.32172515988349915","0.32172515988349915","0.32172515988349915","0.6764166355133057","0.6764166355133057","0.6764166355133057","0.3562052845954895","0.3562052845954895","0.3562052845954895","0.4223785996437073","0.4223785996437073","0.4223785996437073","0.015288472175598145","0.015288472175598145","0.015288472175598145","0.024132266640663147","0.024132266640663147","0.024132266640663147"
"3940","0.22201001644134521","0.22201001644134521","0.22201001644134521","1.2304949760437012","1.2304949760437012","1.2304949760437012","0.9018281102180481","0.9018281102180481","0.9018281102180481","1.126061201095581","1.126061201095581","1.126061201095581","0.23473604023456573","0.23473604023456573","0.23473604023456573","0.18851102888584137","0.18851102888584137","0.18851102888584137","0.4827881455421448","0.4827881455421448","0.4827881455421448","0.3677965998649597","0.3677965998649597","0.3677965998649597","0.33995407819747925","0.33995407819747925","0.33995407819747925","0.012513662688434124","0.012513662688434124","0.012513662688434124","0.01588006317615509","0.01588006317615509","0.01588006317615509"
"3950","0.12550866603851318","0.12550866603851318","0.12550866603851318","1.2046537399291992","1.2046537399291992","1.2046537399291992","1.0058670043945312","1.0058670043945312","1.0058670043945312","1.1057517528533936","1.1057517528533936","1.1057517528533936","0.138313427567482","0.138313427567482","0.138313427567482","0.12582586705684662","0.12582586705684662","0.12582586705684662","0.6103166341781616","0.6103166341781616","0.6103166341781616","0.40239399671554565","0.40239399671554565","0.40239399671554565","0.2706276774406433","0.2706276774406433","0.2706276774406433","0.028962012380361557","0.028962012380361557","0.028962012380361557","0.008243867196142673","0.008243867196142673","0.008243867196142673"
"3960","0.029224872589111328","0.029224872589111328","0.029224872589111328","1.579854130744934","1.579854130744934","1.579854130744934","1.064133644104004","1.064133644104004","1.064133644104004","0.9397377371788025","0.9397377371788025","0.9397377371788025","0.36939871311187744","0.36939871311187744","0.36939871311187744","0.170197993516922","0.170197993516922","0.170197993516922","0.4535910487174988","0.4535910487174988","0.4535910487174988","0.37877753376960754","0.37877753376960754","0.37877753376960754","0.42172110080718994","0.42172110080718994","0.42172110080718994","0.013224869966506958","0.013224869966506958","0.013224869966506958","0.006369788199663162","0.006369788199663162","0.006369788199663162"
"3970","0.1285407990217209","0.1285407990217209","0.1285407990217209","1.0321941375732422","1.0321941375732422","1.0321941375732422","1.2332018613815308","1.2332018613815308","1.2332018613815308","1.0853480100631714","1.0853480100631714","1.0853480100631714","0.4320598840713501","0.4320598840713501","0.4320598840713501","0.4371379315853119","0.4371379315853119","0.4371379315853119","0.5382396578788757","0.5382396578788757","0.5382396578788757","0.2346421331167221","0.2346421331167221","0.2346421331167221","0.19644293189048767","0.19644293189048767","0.19644293189048767","0.06266951560974121","0.06266951560974121","0.06266951560974121","0.0030727675184607506","0.0030727675184607506","0.0030727675184607506"
"3980","0.18646380305290222","0.18646380305290222","0.18646380305290222","0.9824455976486206","0.9824455976486206","0.9824455976486206","1.2842044830322266","1.2842044830322266","1.2842044830322266","1.4720659255981445","1.4720659255981445","1.4720659255981445","0.39269477128982544","0.39269477128982544","0.39269477128982544","0.25494951009750366","0.25494951009750366","0.25494951009750366","0.616061806678772","0.616061806678772","0.616061806678772","0.343029260635376","0.343029260635376","0.343029260635376","0.3309495449066162","0.3309495449066162","0.3309495449066162","0.042445048689842224","0.042445048689842224","0.042445048689842224","0.009334690868854523","0.009334690868854523","0.009334690868854523"
"3990","0.16109724342823029","0.16109724342823029","0.16109724342823029","1.3423187732696533","1.3423187732696533","1.3423187732696533","1.1865659952163696","1.1865659952163696","1.1865659952163696","1.047512412071228","1.047512412071228","1.047512412071228","0.33539044857025146","0.33539044857025146","0.33539044857025146","0.14701177179813385","0.14701177179813385","0.14701177179813385","0.41671067476272583","0.41671067476272583","0.41671067476272583","0.3600510358810425","0.3600510358810425","0.3600510358810425","0.45100539922714233","0.45100539922714233","0.45100539922714233","0.0655864030122757","0.0655864030122757","0.0655864030122757","0.011096138507127762","0.011096138507127762","0.011096138507127762"
"4000","0.2307528257369995","0.2307528257369995","0.2307528257369995","1.2889702320098877","1.2889702320098877","1.2889702320098877","1.1251709461212158","1.1251709461212158","1.1251709461212158","0.740220308303833","0.740220308303833","0.740220308303833","0.44576165080070496","0.44576165080070496","0.44576165080070496","0.2648784816265106","0.2648784816265106","0.2648784816265106","0.6220030784606934","0.6220030784606934","0.6220030784606934","0.3417176902294159","0.3417176902294159","0.3417176902294159","0.2857039272785187","0.2857039272785187","0.2857039272785187","0.011468030512332916","0.011468030512332916","0.011468030512332916","0.019887711852788925","0.019887711852788925","0.019887711852788925"
"4010","0.07444889843463898","0.07444889843463898","0.07444889843463898","1.0181126594543457","1.0181126594543457","1.0181126594543457","1.3629651069641113","1.3629651069641113","1.3629651069641113","1.046267032623291","1.046267032623291","1.046267032623291","0.1882936805486679","0.1882936805486679","0.1882936805486679","0.12177760154008865","0.12177760154008865","0.12177760154008865","0.6308259963989258","0.6308259963989258","0.6308259963989258","0.48739200830459595","0.48739200830459595","0.48739200830459595","0.27444058656692505","0.27444058656692505","0.27444058656692505","0.008405144326388836","0.008405144326388836","0.008405144326388836","0.005722677335143089","0.005722677335143089","0.005722677335143089"
"4020","0.10188917815685272","0.10188917815685272","0.10188917815685272","1.166508674621582","1.166508674621582","1.166508674621582","1.3031325340270996","1.3031325340270996","1.3031325340270996","0.8529897928237915","0.8529897928237915","0.8529897928237915","0.31334590911865234","0.31334590911865234","0.31334590911865234","0.19878703355789185","0.19878703355789185","0.19878703355789185","0.4342547655105591","0.4342547655105591","0.4342547655105591","0.23781296610832214","0.23781296610832214","0.23781296610832214","0.2209428995847702","0.2209428995847702","0.2209428995847702","0.005120907910168171","0.005120907910168171","0.005120907910168171","0.007305405102670193","0.007305405102670193","0.007305405102670193"
"4030","0.02107180282473564","0.02107180282473564","0.02107180282473564","1.219172477722168","1.219172477722168","1.219172477722168","1.3342827558517456","1.3342827558517456","1.3342827558517456","1.2961426973342896","1.2961426973342896","1.2961426973342896","0.3774229884147644","0.3774229884147644","0.3774229884147644","0.11583929508924484","0.11583929508924484","0.11583929508924484","0.4047490656375885","0.4047490656375885","0.4047490656375885","0.34263283014297485","0.34263283014297485","0.34263283014297485","0.5215548276901245","0.5215548276901245","0.5215548276901245","0.03646443411707878","0.03646443411707878","0.03646443411707878","0.041618913412094116","0.041618913412094116","0.041618913412094116"
"4040","0.07921335101127625","0.07921335101127625","0.07921335101127625","0.9919139742851257","0.9919139742851257","0.9919139742851257","1.068575382232666","1.068575382232666","1.068575382232666","1.2856074571609497","1.2856074571609497","1.2856074571609497","0.36298802495002747","0.36298802495002747","0.36298802495002747","0.2452092170715332","0.2452092170715332","0.2452092170715332","0.6063914895057678","0.6063914895057678","0.6063914895057678","0.2783188819885254","0.2783188819885254","0.2783188819885254","0.27441442012786865","0.27441442012786865","0.27441442012786865","0.0027964524924755096","0.0027964524924755096","0.0027964524924755096","0.036168914288282394","0.036168914288282394","0.036168914288282394"
"4050","0.08550405502319336","0.08550405502319336","0.08550405502319336","1.2340179681777954","1.2340179681777954","1.2340179681777954","1.071824312210083","1.071824312210083","1.071824312210083","0.7274389266967773","0.7274389266967773","0.7274389266967773","0.40246763825416565","0.40246763825416565","0.40246763825416565","0.23354297876358032","0.23354297876358032","0.23354297876358032","0.5561090707778931","0.5561090707778931","0.5561090707778931","0.3911370635032654","0.3911370635032654","0.3911370635032654","0.32337290048599243","0.32337290048599243","0.32337290048599243","0.007399272173643112","0.007399272173643112","0.007399272173643112","0.001030540093779564","0.001030540093779564","0.001030540093779564"
"4060","0.325807124376297","0.325807124376297","0.325807124376297","0.8458237648010254","0.8458237648010254","0.8458237648010254","1.606799840927124","1.606799840927124","1.606799840927124","1.4267022609710693","1.4267022609710693","1.4267022609710693","0.9896774291992188","0.9896774291992188","0.9896774291992188","0.38627609610557556","0.38627609610557556","0.38627609610557556","0.5537234544754028","0.5537234544754028","0.5537234544754028","0.30287736654281616","0.30287736654281616","0.30287736654281616","0.6165440082550049","0.6165440082550049","0.6165440082550049","0.02843342162668705","0.02843342162668705","0.02843342162668705","0.005297522060573101","0.005297522060573101","0.005297522060573101"
"4070","0.1428118795156479","0.1428118795156479","0.1428118795156479","1.0682666301727295","1.0682666301727295","1.0682666301727295","1.0698010921478271","1.0698010921478271","1.0698010921478271","0.991649329662323","0.991649329662323","0.991649329662323","0.19400794804096222","0.19400794804096222","0.19400794804096222","0.10439617931842804","0.10439617931842804","0.10439617931842804","0.41894209384918213","0.41894209384918213","0.41894209384918213","0.375383585691452","0.375383585691452","0.375383585691452","0.20493856072425842","0.20493856072425842","0.20493856072425842","0.04474003612995148","0.04474003612995148","0.04474003612995148","0.0009507201611995697","0.0009507201611995697","0.0009507201611995697"
"4080","0.04968561232089996","0.04968561232089996","0.04968561232089996","1.0507712364196777","1.0507712364196777","1.0507712364196777","0.8153223395347595","0.8153223395347595","0.8153223395347595","1.2849154472351074","1.2849154472351074","1.2849154472351074","0.3118826746940613","0.3118826746940613","0.3118826746940613","0.08478938043117523","0.08478938043117523","0.08478938043117523","0.4083142578601837","0.4083142578601837","0.4083142578601837","0.40058434009552","0.40058434009552","0.40058434009552","0.22965800762176514","0.22965800762176514","0.22965800762176514","0.0034405793994665146","0.0034405793994665146","0.0034405793994665146","0.014553118497133255","0.014553118497133255","0.014553118497133255"
"4090","0.12666836380958557","0.12666836380958557","0.12666836380958557","1.1818028688430786","1.1818028688430786","1.1818028688430786","1.088232159614563","1.088232159614563","1.088232159614563","0.7558757662773132","0.7558757662773132","0.7558757662773132","0.09685243666172028","0.09685243666172028","0.09685243666172028","0.34150880575180054","0.34150880575180054","0.34150880575180054","0.46453744173049927","0.46453744173049927","0.46453744173049927","0.12883195281028748","0.12883195281028748","0.12883195281028748","0.2835367023944855","0.2835367023944855","0.2835367023944855","0.00762825645506382","0.00762825645506382","0.00762825645506382","0.02597542479634285","0.02597542479634285","0.02597542479634285"
"4100","0.1536877304315567","0.1536877304315567","0.1536877304315567","1.1798834800720215","1.1798834800720215","1.1798834800720215","0.8673972487449646","0.8673972487449646","0.8673972487449646","1.3142142295837402","1.3142142295837402","1.3142142295837402","0.28991198539733887","0.28991198539733887","0.28991198539733887","0.2638770043849945","0.2638770043849945","0.2638770043849945","0.4578324556350708","0.4578324556350708","0.4578324556350708","0.4419974386692047","0.4419974386692047","0.4419974386692047","0.3095482587814331","0.3095482587814331","0.3095482587814331","0.004234719090163708","0.004234719090163708","0.004234719090163708","0.00357075035572052","0.00357075035572052","0.00357075035572052"
"4110","0.17964458465576172","0.17964458465576172","0.17964458465576172","1.4413111209869385","1.4413111209869385","1.4413111209869385","1.2723010778427124","1.2723010778427124","1.2723010778427124","0.9026151895523071","0.9026151895523071","0.9026151895523071","0.2664741575717926","0.2664741575717926","0.2664741575717926","0.17697907984256744","0.17697907984256744","0.17697907984256744","0.4851088523864746","0.4851088523864746","0.4851088523864746","0.38928529620170593","0.38928529620170593","0.38928529620170593","0.3236084282398224","0.3236084282398224","0.3236084282398224","0.017201315611600876","0.017201315611600876","0.017201315611600876","0.0024506235495209694","0.0024506235495209694","0.0024506235495209694"
"4120","0.2868114411830902","0.2868114411830902","0.2868114411830902","0.8857057094573975","0.8857057094573975","0.8857057094573975","0.940977931022644","0.940977931022644","0.940977931022644","1.0612760782241821","1.0612760782241821","1.0612760782241821","0.24039052426815033","0.24039052426815033","0.24039052426815033","0.15052145719528198","0.15052145719528198","0.15052145719528198","0.49169450998306274","0.49169450998306274","0.49169450998306274","0.3261791467666626","0.3261791467666626","0.3261791467666626","0.2279248833656311","0.2279248833656311","0.2279248833656311","0.002453944645822048","0.002453944645822048","0.002453944645822048","0.027106326073408127","0.027106326073408127","0.027106326073408127"
"4130","0.01576569303870201","0.01576569303870201","0.01576569303870201","0.8626015782356262","0.8626015782356262","0.8626015782356262","1.0529544353485107","1.0529544353485107","1.0529544353485107","1.128309726715088","1.128309726715088","1.128309726715088","0.3391157388687134","0.3391157388687134","0.3391157388687134","0.27485382556915283","0.27485382556915283","0.27485382556915283","0.9837329983711243","0.9837329983711243","0.9837329983711243","0.3589051067829132","0.3589051067829132","0.3589051067829132","0.41217470169067383","0.41217470169067383","0.41217470169067383","0.02691718563437462","0.02691718563437462","0.02691718563437462","0.0047782426699995995","0.0047782426699995995","0.0047782426699995995"
"4140","0.08048020303249359","0.08048020303249359","0.08048020303249359","1.3760900497436523","1.3760900497436523","1.3760900497436523","1.097019076347351","1.097019076347351","1.097019076347351","0.9854846596717834","0.9854846596717834","0.9854846596717834","0.49390101432800293","0.49390101432800293","0.49390101432800293","0.16066746413707733","0.16066746413707733","0.16066746413707733","0.37203699350357056","0.37203699350357056","0.37203699350357056","0.577717661857605","0.577717661857605","0.577717661857605","0.2249201089143753","0.2249201089143753","0.2249201089143753","0.027498096227645874","0.027498096227645874","0.027498096227645874","0.0026472490280866623","0.0026472490280866623","0.0026472490280866623"
"4150","0.03273763507604599","0.03273763507604599","0.03273763507604599","1.1837489604949951","1.1837489604949951","1.1837489604949951","1.320688247680664","1.320688247680664","1.320688247680664","0.9553846120834351","0.9553846120834351","0.9553846120834351","0.41227298974990845","0.41227298974990845","0.41227298974990845","0.13401536643505096","0.13401536643505096","0.13401536643505096","0.41668230295181274","0.41668230295181274","0.41668230295181274","0.25222310423851013","0.25222310423851013","0.25222310423851013","0.1867370903491974","0.1867370903491974","0.1867370903491974","0.022536303848028183","0.022536303848028183","0.022536303848028183","0.00862150453031063","0.00862150453031063","0.00862150453031063"
"4160","0.052380628883838654","0.052380628883838654","0.052380628883838654","0.9314622282981873","0.9314622282981873","0.9314622282981873","1.1308865547180176","1.1308865547180176","1.1308865547180176","0.9143767356872559","0.9143767356872559","0.9143767356872559","0.49533089995384216","0.49533089995384216","0.49533089995384216","0.1441102772951126","0.1441102772951126","0.1441102772951126","0.5684777498245239","0.5684777498245239","0.5684777498245239","0.9538505673408508","0.9538505673408508","0.9538505673408508","0.2844644784927368","0.2844644784927368","0.2844644784927368","0.034876126796007156","0.034876126796007156","0.034876126796007156","0.002677670679986477","0.002677670679986477","0.002677670679986477"
"4170","0.07922059297561646","0.07922059297561646","0.07922059297561646","0.7865682244300842","0.7865682244300842","0.7865682244300842","1.0523324012756348","1.0523324012756348","1.0523324012756348","1.0517021417617798","1.0517021417617798","1.0517021417617798","0.3926168978214264","0.3926168978214264","0.3926168978214264","0.4384523630142212","0.4384523630142212","0.4384523630142212","0.8066892027854919","0.8066892027854919","0.8066892027854919","0.5012004971504211","0.5012004971504211","0.5012004971504211","0.5628032684326172","0.5628032684326172","0.5628032684326172","0.014611017890274525","0.014611017890274525","0.014611017890274525","0.0030770692974328995","0.0030770692974328995","0.0030770692974328995"
"4180","0.012879695743322372","0.012879695743322372","0.012879695743322372","1.0298945903778076","1.0298945903778076","1.0298945903778076","1.0437191724777222","1.0437191724777222","1.0437191724777222","0.8021306991577148","0.8021306991577148","0.8021306991577148","0.4154732823371887","0.4154732823371887","0.4154732823371887","0.18203818798065186","0.18203818798065186","0.18203818798065186","0.366058886051178","0.366058886051178","0.366058886051178","0.5376610159873962","0.5376610159873962","0.5376610159873962","0.16825835406780243","0.16825835406780243","0.16825835406780243","0.01601014845073223","0.01601014845073223","0.01601014845073223","0.006903061643242836","0.006903061643242836","0.006903061643242836"
"4190","0.17701800167560577","0.17701800167560577","0.17701800167560577","0.9652085304260254","0.9652085304260254","0.9652085304260254","1.1333909034729004","1.1333909034729004","1.1333909034729004","0.9375577569007874","0.9375577569007874","0.9375577569007874","0.233988419175148","0.233988419175148","0.233988419175148","0.34546709060668945","0.34546709060668945","0.34546709060668945","0.2930215895175934","0.2930215895175934","0.2930215895175934","0.2656216621398926","0.2656216621398926","0.2656216621398926","0.4462750554084778","0.4462750554084778","0.4462750554084778","0.0038030436262488365","0.0038030436262488365","0.0038030436262488365","0.006095818243920803","0.006095818243920803","0.006095818243920803"
"4200","0.01619557850062847","0.01619557850062847","0.01619557850062847","1.1705119609832764","1.1705119609832764","1.1705119609832764","1.0369905233383179","1.0369905233383179","1.0369905233383179","0.8895745873451233","0.8895745873451233","0.8895745873451233","0.2967524230480194","0.2967524230480194","0.2967524230480194","0.311296284198761","0.311296284198761","0.311296284198761","0.3839656114578247","0.3839656114578247","0.3839656114578247","0.34940382838249207","0.34940382838249207","0.34940382838249207","0.18351417779922485","0.18351417779922485","0.18351417779922485","0.01196308620274067","0.01196308620274067","0.01196308620274067","0.005986813455820084","0.005986813455820084","0.005986813455820084"
"4210","0.1637367457151413","0.1637367457151413","0.1637367457151413","0.7956064939498901","0.7956064939498901","0.7956064939498901","1.2389165163040161","1.2389165163040161","1.2389165163040161","0.8647359609603882","0.8647359609603882","0.8647359609603882","0.3020850718021393","0.3020850718021393","0.3020850718021393","0.16171550750732422","0.16171550750732422","0.16171550750732422","0.28223925828933716","0.28223925828933716","0.28223925828933716","0.2416350543498993","0.2416350543498993","0.2416350543498993","0.364963173866272","0.364963173866272","0.364963173866272","0.025580592453479767","0.025580592453479767","0.025580592453479767","0.0018325680866837502","0.0018325680866837502","0.0018325680866837502"
"4220","0.07753462344408035","0.07753462344408035","0.07753462344408035","0.8701549768447876","0.8701549768447876","0.8701549768447876","1.1652038097381592","1.1652038097381592","1.1652038097381592","0.9356696605682373","0.9356696605682373","0.9356696605682373","0.2787698209285736","0.2787698209285736","0.2787698209285736","0.2655656933784485","0.2655656933784485","0.2655656933784485","0.3972313404083252","0.3972313404083252","0.3972313404083252","0.22939197719097137","0.22939197719097137","0.22939197719097137","0.15937544405460358","0.15937544405460358","0.15937544405460358","0.00852005835622549","0.00852005835622549","0.00852005835622549","0.020212164148688316","0.020212164148688316","0.020212164148688316"
"4230","0.10176592320203781","0.10176592320203781","0.10176592320203781","1.4595386981964111","1.4595386981964111","1.4595386981964111","1.0685534477233887","1.0685534477233887","1.0685534477233887","0.8455179333686829","0.8455179333686829","0.8455179333686829","0.5783025622367859","0.5783025622367859","0.5783025622367859","0.23047186434268951","0.23047186434268951","0.23047186434268951","0.6419299840927124","0.6419299840927124","0.6419299840927124","0.4371492266654968","0.4371492266654968","0.4371492266654968","0.14354439079761505","0.14354439079761505","0.14354439079761505","0.010873149149119854","0.010873149149119854","0.010873149149119854","0.03749210014939308","0.03749210014939308","0.03749210014939308"
"4240","0.052791204303503036","0.052791204303503036","0.052791204303503036","1.1226612329483032","1.1226612329483032","1.1226612329483032","1.1568620204925537","1.1568620204925537","1.1568620204925537","0.8910425305366516","0.8910425305366516","0.8910425305366516","0.26936137676239014","0.26936137676239014","0.26936137676239014","0.12414521723985672","0.12414521723985672","0.12414521723985672","0.5507667064666748","0.5507667064666748","0.5507667064666748","0.6007903218269348","0.6007903218269348","0.6007903218269348","0.09886756539344788","0.09886756539344788","0.09886756539344788","0.013137600384652615","0.013137600384652615","0.013137600384652615","0.011900031939148903","0.011900031939148903","0.011900031939148903"
"4250","0.0668327808380127","0.0668327808380127","0.0668327808380127","1.1129393577575684","1.1129393577575684","1.1129393577575684","1.2270549535751343","1.2270549535751343","1.2270549535751343","1.0173416137695312","1.0173416137695312","1.0173416137695312","0.4173610508441925","0.4173610508441925","0.4173610508441925","0.3766847252845764","0.3766847252845764","0.3766847252845764","0.5648200511932373","0.5648200511932373","0.5648200511932373","0.33592158555984497","0.33592158555984497","0.33592158555984497","0.15448585152626038","0.15448585152626038","0.15448585152626038","0.014686607755720615","0.014686607755720615","0.014686607755720615","0.0024922704324126244","0.0024922704324126244","0.0024922704324126244"
"4260","0.06349200755357742","0.06349200755357742","0.06349200755357742","1.0796540975570679","1.0796540975570679","1.0796540975570679","0.9284586310386658","0.9284586310386658","0.9284586310386658","0.8675181865692139","0.8675181865692139","0.8675181865692139","0.21855509281158447","0.21855509281158447","0.21855509281158447","0.18353590369224548","0.18353590369224548","0.18353590369224548","0.278255820274353","0.278255820274353","0.278255820274353","0.30433225631713867","0.30433225631713867","0.30433225631713867","0.1950773000717163","0.1950773000717163","0.1950773000717163","0.04035162925720215","0.04035162925720215","0.04035162925720215","0.007842684164643288","0.007842684164643288","0.007842684164643288"
"4270","0.0295901820063591","0.0295901820063591","0.0295901820063591","0.8811677098274231","0.8811677098274231","0.8811677098274231","1.2230510711669922","1.2230510711669922","1.2230510711669922","0.8737419247627258","0.8737419247627258","0.8737419247627258","0.47610074281692505","0.47610074281692505","0.47610074281692505","0.2355121672153473","0.2355121672153473","0.2355121672153473","0.39650046825408936","0.39650046825408936","0.39650046825408936","0.33806201815605164","0.33806201815605164","0.33806201815605164","0.2617957890033722","0.2617957890033722","0.2617957890033722","0.04257206991314888","0.04257206991314888","0.04257206991314888","0.0013363929465413094","0.0013363929465413094","0.0013363929465413094"
"4280","0.07322665303945541","0.07322665303945541","0.07322665303945541","0.8839823007583618","0.8839823007583618","0.8839823007583618","0.936341404914856","0.936341404914856","0.936341404914856","0.5803432464599609","0.5803432464599609","0.5803432464599609","0.17800351977348328","0.17800351977348328","0.17800351977348328","0.1414395570755005","0.1414395570755005","0.1414395570755005","0.5497372150421143","0.5497372150421143","0.5497372150421143","0.30670642852783203","0.30670642852783203","0.30670642852783203","0.33680468797683716","0.33680468797683716","0.33680468797683716","0.006937217898666859","0.006937217898666859","0.006937217898666859","0.029934272170066833","0.029934272170066833","0.029934272170066833"
"4290","0.015162855386734009","0.015162855386734009","0.015162855386734009","0.8154946565628052","0.8154946565628052","0.8154946565628052","1.2084475755691528","1.2084475755691528","1.2084475755691528","0.9890465140342712","0.9890465140342712","0.9890465140342712","0.2085627317428589","0.2085627317428589","0.2085627317428589","0.24304331839084625","0.24304331839084625","0.24304331839084625","0.525418221950531","0.525418221950531","0.525418221950531","0.2794111967086792","0.2794111967086792","0.2794111967086792","0.3192876875400543","0.3192876875400543","0.3192876875400543","0.019309163093566895","0.019309163093566895","0.019309163093566895","0.003920585848391056","0.003920585848391056","0.003920585848391056"
"4300","0.007181599736213684","0.007181599736213684","0.007181599736213684","1.3606185913085938","1.3606185913085938","1.3606185913085938","1.1010518074035645","1.1010518074035645","1.1010518074035645","0.925753116607666","0.925753116607666","0.925753116607666","0.16410981118679047","0.16410981118679047","0.16410981118679047","0.164658322930336","0.164658322930336","0.164658322930336","0.3923332691192627","0.3923332691192627","0.3923332691192627","0.5297389030456543","0.5297389030456543","0.5297389030456543","0.3300781846046448","0.3300781846046448","0.3300781846046448","0.02342339977622032","0.02342339977622032","0.02342339977622032","0.011975515633821487","0.011975515633821487","0.011975515633821487"
"4310","0.040055643767118454","0.040055643767118454","0.040055643767118454","1.1815235614776611","1.1815235614776611","1.1815235614776611","1.1146470308303833","1.1146470308303833","1.1146470308303833","1.0009593963623047","1.0009593963623047","1.0009593963623047","0.3040408790111542","0.3040408790111542","0.3040408790111542","0.18851909041404724","0.18851909041404724","0.18851909041404724","0.3615210950374603","0.3615210950374603","0.3615210950374603","0.5299471020698547","0.5299471020698547","0.5299471020698547","0.2208920419216156","0.2208920419216156","0.2208920419216156","0.011826676316559315","0.011826676316559315","0.011826676316559315","0.0019027609378099442","0.0019027609378099442","0.0019027609378099442"
"4320","0.060094088315963745","0.060094088315963745","0.060094088315963745","1.1147122383117676","1.1147122383117676","1.1147122383117676","0.768711268901825","0.768711268901825","0.768711268901825","0.9621793031692505","0.9621793031692505","0.9621793031692505","0.22522476315498352","0.22522476315498352","0.22522476315498352","0.11964140832424164","0.11964140832424164","0.11964140832424164","0.24788835644721985","0.24788835644721985","0.24788835644721985","0.2348288595676422","0.2348288595676422","0.2348288595676422","0.37496909499168396","0.37496909499168396","0.37496909499168396","0.025800203904509544","0.025800203904509544","0.025800203904509544","0.004397072829306126","0.004397072829306126","0.004397072829306126"
"4330","0.04972004145383835","0.04972004145383835","0.04972004145383835","1.1255943775177002","1.1255943775177002","1.1255943775177002","1.220076322555542","1.220076322555542","1.220076322555542","0.8215122222900391","0.8215122222900391","0.8215122222900391","0.3884289562702179","0.3884289562702179","0.3884289562702179","0.30691421031951904","0.30691421031951904","0.30691421031951904","0.31417229771614075","0.31417229771614075","0.31417229771614075","0.45113837718963623","0.45113837718963623","0.45113837718963623","0.269522488117218","0.269522488117218","0.269522488117218","0.03465178981423378","0.03465178981423378","0.03465178981423378","0.003291037864983082","0.003291037864983082","0.003291037864983082"
"4340","0.11705398559570312","0.11705398559570312","0.11705398559570312","0.859323263168335","0.859323263168335","0.859323263168335","1.1861711740493774","1.1861711740493774","1.1861711740493774","0.8632896542549133","0.8632896542549133","0.8632896542549133","0.20423650741577148","0.20423650741577148","0.20423650741577148","0.33983415365219116","0.33983415365219116","0.33983415365219116","0.37718698382377625","0.37718698382377625","0.37718698382377625","0.3237636685371399","0.3237636685371399","0.3237636685371399","0.39819955825805664","0.39819955825805664","0.39819955825805664","0.008550235070288181","0.008550235070288181","0.008550235070288181","0.009294791147112846","0.009294791147112846","0.009294791147112846"
"4350","0.15584321320056915","0.15584321320056915","0.15584321320056915","0.8259088397026062","0.8259088397026062","0.8259088397026062","1.3867464065551758","1.3867464065551758","1.3867464065551758","0.8766169548034668","0.8766169548034668","0.8766169548034668","0.28971123695373535","0.28971123695373535","0.28971123695373535","0.47088199853897095","0.47088199853897095","0.47088199853897095","1.014786720275879","1.014786720275879","1.014786720275879","0.19798678159713745","0.19798678159713745","0.19798678159713745","0.4063735604286194","0.4063735604286194","0.4063735604286194","0.02964305318892002","0.02964305318892002","0.02964305318892002","0.0013063178630545735","0.0013063178630545735","0.0013063178630545735"
"4360","0.1029701828956604","0.1029701828956604","0.1029701828956604","1.0233330726623535","1.0233330726623535","1.0233330726623535","0.8318322896957397","0.8318322896957397","0.8318322896957397","0.877099335193634","0.877099335193634","0.877099335193634","0.15859080851078033","0.15859080851078033","0.15859080851078033","0.1249399408698082","0.1249399408698082","0.1249399408698082","0.4440208077430725","0.4440208077430725","0.4440208077430725","0.11539918184280396","0.11539918184280396","0.11539918184280396","0.2668212652206421","0.2668212652206421","0.2668212652206421","","","","","",""
"4370","0.0998089611530304","0.0998089611530304","0.0998089611530304","0.6511546969413757","0.6511546969413757","0.6511546969413757","1.061933994293213","1.061933994293213","1.061933994293213","0.47014591097831726","0.47014591097831726","0.47014591097831726","0.1911945790052414","0.1911945790052414","0.1911945790052414","0.3066067099571228","0.3066067099571228","0.3066067099571228","0.35268038511276245","0.35268038511276245","0.35268038511276245","0.14717280864715576","0.14717280864715576","0.14717280864715576","0.22759373486042023","0.22759373486042023","0.22759373486042023","","","","","",""
"4380","0.015627264976501465","0.015627264976501465","0.015627264976501465","0.8894597291946411","0.8894597291946411","0.8894597291946411","1.043133020401001","1.043133020401001","1.043133020401001","0.6934057474136353","0.6934057474136353","0.6934057474136353","0.18361829221248627","0.18361829221248627","0.18361829221248627","0.1366713047027588","0.1366713047027588","0.1366713047027588","0.711354672908783","0.711354672908783","0.711354672908783","0.25231707096099854","0.25231707096099854","0.25231707096099854","0.39542287588119507","0.39542287588119507","0.39542287588119507","","","","","",""
"4390","0.010371550917625427","0.010371550917625427","0.010371550917625427","0.9478093981742859","0.9478093981742859","0.9478093981742859","1.0712482929229736","1.0712482929229736","1.0712482929229736","0.7300769090652466","0.7300769090652466","0.7300769090652466","0.24213024973869324","0.24213024973869324","0.24213024973869324","0.10842961072921753","0.10842961072921753","0.10842961072921753","0.40967583656311035","0.40967583656311035","0.40967583656311035","0.291429340839386","0.291429340839386","0.291429340839386","0.21678011119365692","0.21678011119365692","0.21678011119365692","","","","","",""
"4400","0.025324158370494843","0.025324158370494843","0.025324158370494843","1.2639538049697876","1.2639538049697876","1.2639538049697876","1.2514084577560425","1.2514084577560425","1.2514084577560425","0.5719094276428223","0.5719094276428223","0.5719094276428223","0.29053664207458496","0.29053664207458496","0.29053664207458496","0.313612163066864","0.313612163066864","0.313612163066864","0.2013440728187561","0.2013440728187561","0.2013440728187561","0.2319820523262024","0.2319820523262024","0.2319820523262024","0.2429804652929306","0.2429804652929306","0.2429804652929306","","","","","",""
"4410","0.09794367849826813","0.09794367849826813","0.09794367849826813","1.2548712491989136","1.2548712491989136","1.2548712491989136","1.149855613708496","1.149855613708496","1.149855613708496","0.949718177318573","0.949718177318573","0.949718177318573","0.13717004656791687","0.13717004656791687","0.13717004656791687","0.1444614827632904","0.1444614827632904","0.1444614827632904","0.24369016289710999","0.24369016289710999","0.24369016289710999","0.2912633717060089","0.2912633717060089","0.2912633717060089","0.2878751754760742","0.2878751754760742","0.2878751754760742","","","","","",""
"4420","0.17753101885318756","0.17753101885318756","0.17753101885318756","0.9255987405776978","0.9255987405776978","0.9255987405776978","0.9779510498046875","0.9779510498046875","0.9779510498046875","0.7993967533111572","0.7993967533111572","0.7993967533111572","0.24256184697151184","0.24256184697151184","0.24256184697151184","0.2796211242675781","0.2796211242675781","0.2796211242675781","0.5886541604995728","0.5886541604995728","0.5886541604995728","0.14676257967948914","0.14676257967948914","0.14676257967948914","0.1896553486585617","0.1896553486585617","0.1896553486585617","","","","","",""
"4430","0.07065028697252274","0.07065028697252274","0.07065028697252274","0.6861453056335449","0.6861453056335449","0.6861453056335449","1.087733268737793","1.087733268737793","1.087733268737793","0.766631543636322","0.766631543636322","0.766631543636322","0.3727753758430481","0.3727753758430481","0.3727753758430481","0.2549649477005005","0.2549649477005005","0.2549649477005005","0.326845645904541","0.326845645904541","0.326845645904541","0.1728052794933319","0.1728052794933319","0.1728052794933319","0.20439469814300537","0.20439469814300537","0.20439469814300537","","","","","",""
"4440","0.05387917906045914","0.05387917906045914","0.05387917906045914","0.8656619787216187","0.8656619787216187","0.8656619787216187","0.7271084785461426","0.7271084785461426","0.7271084785461426","1.0518159866333008","1.0518159866333008","1.0518159866333008","0.26667869091033936","0.26667869091033936","0.26667869091033936","0.09533877670764923","0.09533877670764923","0.09533877670764923","0.2511522173881531","0.2511522173881531","0.2511522173881531","0.22896793484687805","0.22896793484687805","0.22896793484687805","0.14593803882598877","0.14593803882598877","0.14593803882598877","","","","","",""
"4450","0.016120146960020065","0.016120146960020065","0.016120146960020065","0.9328004717826843","0.9328004717826843","0.9328004717826843","0.9711430668830872","0.9711430668830872","0.9711430668830872","1.1426811218261719","1.1426811218261719","1.1426811218261719","0.18945184350013733","0.18945184350013733","0.18945184350013733","0.13681870698928833","0.13681870698928833","0.13681870698928833","0.3129357397556305","0.3129357397556305","0.3129357397556305","0.2636781632900238","0.2636781632900238","0.2636781632900238","0.10923625528812408","0.10923625528812408","0.10923625528812408","","","","","",""
"4460","0.20121851563453674","0.20121851563453674","0.20121851563453674","0.8151086568832397","0.8151086568832397","0.8151086568832397","1.1284480094909668","1.1284480094909668","1.1284480094909668","0.8343108296394348","0.8343108296394348","0.8343108296394348","0.3631834387779236","0.3631834387779236","0.3631834387779236","0.1697939783334732","0.1697939783334732","0.1697939783334732","0.3584739863872528","0.3584739863872528","0.3584739863872528","0.29366353154182434","0.29366353154182434","0.29366353154182434","0.2552056312561035","0.2552056312561035","0.2552056312561035","","","","","",""
"4470","0.035496801137924194","0.035496801137924194","0.035496801137924194","1.1594890356063843","1.1594890356063843","1.1594890356063843","0.9084411263465881","0.9084411263465881","0.9084411263465881","0.8687566518783569","0.8687566518783569","0.8687566518783569","0.2079261690378189","0.2079261690378189","0.2079261690378189","0.11648282408714294","0.11648282408714294","0.11648282408714294","0.3831070065498352","0.3831070065498352","0.3831070065498352","0.46735844016075134","0.46735844016075134","0.46735844016075134","0.13386313617229462","0.13386313617229462","0.13386313617229462","","","","","",""
"4480","0.04149024933576584","0.04149024933576584","0.04149024933576584","0.8673822283744812","0.8673822283744812","0.8673822283744812","0.9601203203201294","0.9601203203201294","0.9601203203201294","0.8993985056877136","0.8993985056877136","0.8993985056877136","0.07346027344465256","0.07346027344465256","0.07346027344465256","0.1587582230567932","0.1587582230567932","0.1587582230567932","0.4215641915798187","0.4215641915798187","0.4215641915798187","0.3143349289894104","0.3143349289894104","0.3143349289894104","0.301046222448349","0.301046222448349","0.301046222448349","","","","","",""
"4490","0.021109813824295998","0.021109813824295998","0.021109813824295998","0.8494187593460083","0.8494187593460083","0.8494187593460083","0.8189946413040161","0.8189946413040161","0.8189946413040161","0.6684671640396118","0.6684671640396118","0.6684671640396118","0.3478277921676636","0.3478277921676636","0.3478277921676636","0.16506461799144745","0.16506461799144745","0.16506461799144745","0.3245834708213806","0.3245834708213806","0.3245834708213806","0.38909268379211426","0.38909268379211426","0.38909268379211426","0.23212574422359467","0.23212574422359467","0.23212574422359467","","","","","",""
"4500","0.09791191667318344","0.09791191667318344","0.09791191667318344","0.809606671333313","0.809606671333313","0.809606671333313","0.9171081781387329","0.9171081781387329","0.9171081781387329","0.7695468664169312","0.7695468664169312","0.7695468664169312","0.34304285049438477","0.34304285049438477","0.34304285049438477","0.36039093136787415","0.36039093136787415","0.36039093136787415","0.3171757459640503","0.3171757459640503","0.3171757459640503","0.38601869344711304","0.38601869344711304","0.38601869344711304","0.34213387966156006","0.34213387966156006","0.34213387966156006","","","","","",""
"4510","0.08395339548587799","0.08395339548587799","0.08395339548587799","0.9236952662467957","0.9236952662467957","0.9236952662467957","1.025803804397583","1.025803804397583","1.025803804397583","0.9756733775138855","0.9756733775138855","0.9756733775138855","0.07817085087299347","0.07817085087299347","0.07817085087299347","0.0266770888119936","0.0266770888119936","0.0266770888119936","0.3436068892478943","0.3436068892478943","0.3436068892478943","0.1503593772649765","0.1503593772649765","0.1503593772649765","0.2600172758102417","0.2600172758102417","0.2600172758102417","","","","","",""
"4520","0.11142236739397049","0.11142236739397049","0.11142236739397049","0.9569547176361084","0.9569547176361084","0.9569547176361084","1.1804088354110718","1.1804088354110718","1.1804088354110718","0.7123856544494629","0.7123856544494629","0.7123856544494629","0.36743396520614624","0.36743396520614624","0.36743396520614624","0.2023458182811737","0.2023458182811737","0.2023458182811737","0.49942925572395325","0.49942925572395325","0.49942925572395325","0.2573736608028412","0.2573736608028412","0.2573736608028412","0.21022681891918182","0.21022681891918182","0.21022681891918182","","","","","",""
"4530","0.014677593484520912","0.014677593484520912","0.014677593484520912","0.7479206323623657","0.7479206323623657","0.7479206323623657","0.9350656867027283","0.9350656867027283","0.9350656867027283","0.7685655951499939","0.7685655951499939","0.7685655951499939","0.15802082419395447","0.15802082419395447","0.15802082419395447","0.15497933328151703","0.15497933328151703","0.15497933328151703","0.25037962198257446","0.25037962198257446","0.25037962198257446","0.2958715856075287","0.2958715856075287","0.2958715856075287","0.18612022697925568","0.18612022697925568","0.18612022697925568","","","","","",""
"4540","0.008945770561695099","0.008945770561695099","0.008945770561695099","0.6934791803359985","0.6934791803359985","0.6934791803359985","1.1594703197479248","1.1594703197479248","1.1594703197479248","0.564160168170929","0.564160168170929","0.564160168170929","0.10803884267807007","0.10803884267807007","0.10803884267807007","0.06735154986381531","0.06735154986381531","0.06735154986381531","0.29546666145324707","0.29546666145324707","0.29546666145324707","0.21314942836761475","0.21314942836761475","0.21314942836761475","0.21230027079582214","0.21230027079582214","0.21230027079582214","","","","","",""
"4550","0.23353810608386993","0.23353810608386993","0.23353810608386993","1.051539421081543","1.051539421081543","1.051539421081543","1.0246425867080688","1.0246425867080688","1.0246425867080688","0.5854578018188477","0.5854578018188477","0.5854578018188477","0.40330469608306885","0.40330469608306885","0.40330469608306885","0.0687040239572525","0.0687040239572525","0.0687040239572525","0.4233261048793793","0.4233261048793793","0.4233261048793793","0.25765636563301086","0.25765636563301086","0.25765636563301086","0.3645579218864441","0.3645579218864441","0.3645579218864441","","","","","",""
"4560","0.013975705951452255","0.013975705951452255","0.013975705951452255","0.7465456128120422","0.7465456128120422","0.7465456128120422","1.1592212915420532","1.1592212915420532","1.1592212915420532","0.6819707155227661","0.6819707155227661","0.6819707155227661","0.2740298807621002","0.2740298807621002","0.2740298807621002","0.09659452736377716","0.09659452736377716","0.09659452736377716","0.3372018337249756","0.3372018337249756","0.3372018337249756","0.20031298696994781","0.20031298696994781","0.20031298696994781","0.14365315437316895","0.14365315437316895","0.14365315437316895","","","","","",""
"4570","0.10393333435058594","0.10393333435058594","0.10393333435058594","0.7805907726287842","0.7805907726287842","0.7805907726287842","1.1360912322998047","1.1360912322998047","1.1360912322998047","0.6790210008621216","0.6790210008621216","0.6790210008621216","0.2439858466386795","0.2439858466386795","0.2439858466386795","0.22502896189689636","0.22502896189689636","0.22502896189689636","0.3661257326602936","0.3661257326602936","0.3661257326602936","0.3990495204925537","0.3990495204925537","0.3990495204925537","0.24685078859329224","0.24685078859329224","0.24685078859329224","","","","","",""
"4580","0.046891942620277405","0.046891942620277405","0.046891942620277405","0.8214100003242493","0.8214100003242493","0.8214100003242493","1.0179738998413086","1.0179738998413086","1.0179738998413086","0.8457953929901123","0.8457953929901123","0.8457953929901123","0.20953235030174255","0.20953235030174255","0.20953235030174255","0.1284560263156891","0.1284560263156891","0.1284560263156891","0.3716113567352295","0.3716113567352295","0.3716113567352295","0.2998201251029968","0.2998201251029968","0.2998201251029968","0.3050292730331421","0.3050292730331421","0.3050292730331421","","","","","",""
"4590","0.09574894607067108","0.09574894607067108","0.09574894607067108","1.0137262344360352","1.0137262344360352","1.0137262344360352","1.0161831378936768","1.0161831378936768","1.0161831378936768","0.7293429970741272","0.7293429970741272","0.7293429970741272","0.5435187220573425","0.5435187220573425","0.5435187220573425","0.10054965317249298","0.10054965317249298","0.10054965317249298","0.5196235775947571","0.5196235775947571","0.5196235775947571","0.6212974786758423","0.6212974786758423","0.6212974786758423","0.26464495062828064","0.26464495062828064","0.26464495062828064","","","","","",""
"4600","0.07798119634389877","0.07798119634389877","0.07798119634389877","0.5371206998825073","0.5371206998825073","0.5371206998825073","1.0266413688659668","1.0266413688659668","1.0266413688659668","0.7091940641403198","0.7091940641403198","0.7091940641403198","0.24089573323726654","0.24089573323726654","0.24089573323726654","0.19678618013858795","0.19678618013858795","0.19678618013858795","0.3482199013233185","0.3482199013233185","0.3482199013233185","0.23392531275749207","0.23392531275749207","0.23392531275749207","0.15627603232860565","0.15627603232860565","0.15627603232860565","","","","","",""
"4610","0.030385883525013924","0.030385883525013924","0.030385883525013924","0.6092953085899353","0.6092953085899353","0.6092953085899353","1.0272953510284424","1.0272953510284424","1.0272953510284424","0.8212311863899231","0.8212311863899231","0.8212311863899231","0.16348214447498322","0.16348214447498322","0.16348214447498322","0.16222041845321655","0.16222041845321655","0.16222041845321655","0.28174474835395813","0.28174474835395813","0.28174474835395813","0.13310843706130981","0.13310843706130981","0.13310843706130981","0.17347899079322815","0.17347899079322815","0.17347899079322815","","","","","",""
"4620","0.013264602050185204","0.013264602050185204","0.013264602050185204","0.6763988733291626","0.6763988733291626","0.6763988733291626","1.0179939270019531","1.0179939270019531","1.0179939270019531","0.8410980105400085","0.8410980105400085","0.8410980105400085","0.3886043131351471","0.3886043131351471","0.3886043131351471","0.10262014716863632","0.10262014716863632","0.10262014716863632","0.21098200976848602","0.21098200976848602","0.21098200976848602","0.2029009312391281","0.2029009312391281","0.2029009312391281","0.07510843873023987","0.07510843873023987","0.07510843873023987","","","","","",""
"4630","0.01858179084956646","0.01858179084956646","0.01858179084956646","0.894888162612915","0.894888162612915","0.894888162612915","0.9815776944160461","0.9815776944160461","0.9815776944160461","0.8711920976638794","0.8711920976638794","0.8711920976638794","0.3113846778869629","0.3113846778869629","0.3113846778869629","0.39933860301971436","0.39933860301971436","0.39933860301971436","0.34309253096580505","0.34309253096580505","0.34309253096580505","0.2172856330871582","0.2172856330871582","0.2172856330871582","0.20752567052841187","0.20752567052841187","0.20752567052841187","","","","","",""
"4640","0.3352695107460022","0.3352695107460022","0.3352695107460022","0.9405619502067566","0.9405619502067566","0.9405619502067566","0.8811503648757935","0.8811503648757935","0.8811503648757935","0.487986296415329","0.487986296415329","0.487986296415329","0.26855185627937317","0.26855185627937317","0.26855185627937317","0.45728570222854614","0.45728570222854614","0.45728570222854614","0.26383477449417114","0.26383477449417114","0.26383477449417114","0.30907970666885376","0.30907970666885376","0.30907970666885376","0.46067455410957336","0.46067455410957336","0.46067455410957336","","","","","",""
"4650","0.053603868931531906","0.053603868931531906","0.053603868931531906","0.7189612984657288","0.7189612984657288","0.7189612984657288","0.9946437478065491","0.9946437478065491","0.9946437478065491","0.8088036775588989","0.8088036775588989","0.8088036775588989","0.13212823867797852","0.13212823867797852","0.13212823867797852","0.1418146789073944","0.1418146789073944","0.1418146789073944","0.21097663044929504","0.21097663044929504","0.21097663044929504","0.1888061910867691","0.1888061910867691","0.1888061910867691","0.28194695711135864","0.28194695711135864","0.28194695711135864","","","","","",""
"4660","0.01357143186032772","0.01357143186032772","0.01357143186032772","1.0750373601913452","1.0750373601913452","1.0750373601913452","0.7597310543060303","0.7597310543060303","0.7597310543060303","0.7509702444076538","0.7509702444076538","0.7509702444076538","0.1529829502105713","0.1529829502105713","0.1529829502105713","0.15692691504955292","0.15692691504955292","0.15692691504955292","0.525941014289856","0.525941014289856","0.525941014289856","0.11922412365674973","0.11922412365674973","0.11922412365674973","0.3789750933647156","0.3789750933647156","0.3789750933647156","","","","","",""
"4670","0.054708462208509445","0.054708462208509445","0.054708462208509445","0.945407509803772","0.945407509803772","0.945407509803772","0.95859694480896","0.95859694480896","0.95859694480896","0.5961843729019165","0.5961843729019165","0.5961843729019165","0.26204633712768555","0.26204633712768555","0.26204633712768555","0.17373549938201904","0.17373549938201904","0.17373549938201904","0.28036630153656006","0.28036630153656006","0.28036630153656006","0.16493436694145203","0.16493436694145203","0.16493436694145203","0.14877720177173615","0.14877720177173615","0.14877720177173615","","","","","",""
"4680","0.004416590556502342","0.004416590556502342","0.004416590556502342","0.7682291269302368","0.7682291269302368","0.7682291269302368","1.1183476448059082","1.1183476448059082","1.1183476448059082","0.8669604063034058","0.8669604063034058","0.8669604063034058","0.34554263949394226","0.34554263949394226","0.34554263949394226","0.12476028501987457","0.12476028501987457","0.12476028501987457","0.5546181797981262","0.5546181797981262","0.5546181797981262","0.19850420951843262","0.19850420951843262","0.19850420951843262","0.2436697632074356","0.2436697632074356","0.2436697632074356","","","","","",""
"4690","0.031802356243133545","0.031802356243133545","0.031802356243133545","0.8692280054092407","0.8692280054092407","0.8692280054092407","0.9130377173423767","0.9130377173423767","0.9130377173423767","0.6707319021224976","0.6707319021224976","0.6707319021224976","0.24617362022399902","0.24617362022399902","0.24617362022399902","0.12189970165491104","0.12189970165491104","0.12189970165491104","0.22523219883441925","0.22523219883441925","0.22523219883441925","0.21402645111083984","0.21402645111083984","0.21402645111083984","0.20460453629493713","0.20460453629493713","0.20460453629493713","","","","","",""
"4700","0.09233588725328445","0.09233588725328445","0.09233588725328445","0.9388519525527954","0.9388519525527954","0.9388519525527954","1.2697466611862183","1.2697466611862183","1.2697466611862183","0.9451855421066284","0.9451855421066284","0.9451855421066284","0.13881394267082214","0.13881394267082214","0.13881394267082214","0.06937859952449799","0.06937859952449799","0.06937859952449799","0.18086212873458862","0.18086212873458862","0.18086212873458862","0.213636115193367","0.213636115193367","0.213636115193367","0.09685896337032318","0.09685896337032318","0.09685896337032318","","","","","",""
"4710","0.03465374559164047","0.03465374559164047","0.03465374559164047","0.8490172624588013","0.8490172624588013","0.8490172624588013","0.7284080982208252","0.7284080982208252","0.7284080982208252","0.38698530197143555","0.38698530197143555","0.38698530197143555","0.20852181315422058","0.20852181315422058","0.20852181315422058","0.19456149637699127","0.19456149637699127","0.19456149637699127","0.30014675855636597","0.30014675855636597","0.30014675855636597","0.28920280933380127","0.28920280933380127","0.28920280933380127","0.2709497809410095","0.2709497809410095","0.2709497809410095","","","","","",""
"4720","0.14466619491577148","0.14466619491577148","0.14466619491577148","0.7583755850791931","0.7583755850791931","0.7583755850791931","0.9737728834152222","0.9737728834152222","0.9737728834152222","0.45761191844940186","0.45761191844940186","0.45761191844940186","0.15329380333423615","0.15329380333423615","0.15329380333423615","0.13290296494960785","0.13290296494960785","0.13290296494960785","0.28614187240600586","0.28614187240600586","0.28614187240600586","0.242852583527565","0.242852583527565","0.242852583527565","0.2528108060359955","0.2528108060359955","0.2528108060359955","","","","","",""
"4730","0.04990147799253464","0.04990147799253464","0.04990147799253464","0.5098456144332886","0.5098456144332886","0.5098456144332886","1.061025619506836","1.061025619506836","1.061025619506836","0.747657060623169","0.747657060623169","0.747657060623169","0.15837380290031433","0.15837380290031433","0.15837380290031433","0.15333330631256104","0.15333330631256104","0.15333330631256104","0.4900122880935669","0.4900122880935669","0.4900122880935669","0.2558271586894989","0.2558271586894989","0.2558271586894989","0.08544040471315384","0.08544040471315384","0.08544040471315384","","","","","",""
"4740","0.02747390605509281","0.02747390605509281","0.02747390605509281","0.8828338980674744","0.8828338980674744","0.8828338980674744","0.7410789728164673","0.7410789728164673","0.7410789728164673","0.5734917521476746","0.5734917521476746","0.5734917521476746","0.2712280750274658","0.2712280750274658","0.2712280750274658","0.1868508756160736","0.1868508756160736","0.1868508756160736","0.548867404460907","0.548867404460907","0.548867404460907","0.18777908384799957","0.18777908384799957","0.18777908384799957","0.2907050848007202","0.2907050848007202","0.2907050848007202","","","","","",""
"4750","0.014045458287000656","0.014045458287000656","0.014045458287000656","0.805449903011322","0.805449903011322","0.805449903011322","1.114747405052185","1.114747405052185","1.114747405052185","0.7166433334350586","0.7166433334350586","0.7166433334350586","0.22668316960334778","0.22668316960334778","0.22668316960334778","0.03345932066440582","0.03345932066440582","0.03345932066440582","0.33714863657951355","0.33714863657951355","0.33714863657951355","0.17133763432502747","0.17133763432502747","0.17133763432502747","0.2920840382575989","0.2920840382575989","0.2920840382575989","","","","","",""
"4760","0.01581757515668869","0.01581757515668869","0.01581757515668869","0.5842030644416809","0.5842030644416809","0.5842030644416809","0.9805257320404053","0.9805257320404053","0.9805257320404053","0.6701902747154236","0.6701902747154236","0.6701902747154236","0.11510252207517624","0.11510252207517624","0.11510252207517624","0.033774182200431824","0.033774182200431824","0.033774182200431824","0.2995184361934662","0.2995184361934662","0.2995184361934662","0.20150524377822876","0.20150524377822876","0.20150524377822876","0.28316766023635864","0.28316766023635864","0.28316766023635864","","","","","",""
"4770","0.040283672511577606","0.040283672511577606","0.040283672511577606","0.6209604144096375","0.6209604144096375","0.6209604144096375","0.6136524677276611","0.6136524677276611","0.6136524677276611","0.8215280175209045","0.8215280175209045","0.8215280175209045","0.1768570989370346","0.1768570989370346","0.1768570989370346","0.10907372087240219","0.10907372087240219","0.10907372087240219","0.5296696424484253","0.5296696424484253","0.5296696424484253","0.3211307227611542","0.3211307227611542","0.3211307227611542","0.19234305620193481","0.19234305620193481","0.19234305620193481","","","","","",""
"4780","0.1771196573972702","0.1771196573972702","0.1771196573972702","0.7348992824554443","0.7348992824554443","0.7348992824554443","1.0442759990692139","1.0442759990692139","1.0442759990692139","0.5672258138656616","0.5672258138656616","0.5672258138656616","0.12150311470031738","0.12150311470031738","0.12150311470031738","0.05710500106215477","0.05710500106215477","0.05710500106215477","0.5660287737846375","0.5660287737846375","0.5660287737846375","0.24869564175605774","0.24869564175605774","0.24869564175605774","0.13476648926734924","0.13476648926734924","0.13476648926734924","","","","","",""
"4790","0.08321406692266464","0.08321406692266464","0.08321406692266464","0.749353289604187","0.749353289604187","0.749353289604187","0.849291980266571","0.849291980266571","0.849291980266571","0.6355391144752502","0.6355391144752502","0.6355391144752502","0.1034272089600563","0.1034272089600563","0.1034272089600563","0.0562746599316597","0.0562746599316597","0.0562746599316597","0.15994180738925934","0.15994180738925934","0.15994180738925934","0.19823552668094635","0.19823552668094635","0.19823552668094635","0.16656748950481415","0.16656748950481415","0.16656748950481415","","","","","",""
"4800","0.04800531268119812","0.04800531268119812","0.04800531268119812","0.8279097676277161","0.8279097676277161","0.8279097676277161","1.0916643142700195","1.0916643142700195","1.0916643142700195","0.9758428931236267","0.9758428931236267","0.9758428931236267","0.12332623451948166","0.12332623451948166","0.12332623451948166","0.2276611328125","0.2276611328125","0.2276611328125","0.3155547082424164","0.3155547082424164","0.3155547082424164","0.3058769404888153","0.3058769404888153","0.3058769404888153","0.2061682641506195","0.2061682641506195","0.2061682641506195","","","","","",""
"4810","0.04162415862083435","0.04162415862083435","0.04162415862083435","0.591816246509552","0.591816246509552","0.591816246509552","0.9904595017433167","0.9904595017433167","0.9904595017433167","0.6931432485580444","0.6931432485580444","0.6931432485580444","0.16870500147342682","0.16870500147342682","0.16870500147342682","0.17669478058815002","0.17669478058815002","0.17669478058815002","0.3958228826522827","0.3958228826522827","0.3958228826522827","0.1543142944574356","0.1543142944574356","0.1543142944574356","0.09655170142650604","0.09655170142650604","0.09655170142650604","","","","","",""
"4820","0.02156464010477066","0.02156464010477066","0.02156464010477066","0.6824760437011719","0.6824760437011719","0.6824760437011719","0.8574137687683105","0.8574137687683105","0.8574137687683105","0.5764927864074707","0.5764927864074707","0.5764927864074707","0.22032999992370605","0.22032999992370605","0.22032999992370605","0.29828792810440063","0.29828792810440063","0.29828792810440063","0.19377300143241882","0.19377300143241882","0.19377300143241882","0.21003130078315735","0.21003130078315735","0.21003130078315735","0.3172113597393036","0.3172113597393036","0.3172113597393036","","","","","",""
"4830","0.02091076411306858","0.02091076411306858","0.02091076411306858","0.4334365427494049","0.4334365427494049","0.4334365427494049","0.9333820939064026","0.9333820939064026","0.9333820939064026","0.4708569049835205","0.4708569049835205","0.4708569049835205","0.18111419677734375","0.18111419677734375","0.18111419677734375","0.15335801243782043","0.15335801243782043","0.15335801243782043","0.29176297783851624","0.29176297783851624","0.29176297783851624","0.23181898891925812","0.23181898891925812","0.23181898891925812","0.13799776136875153","0.13799776136875153","0.13799776136875153","","","","","",""
"4840","0.021992681547999382","0.021992681547999382","0.021992681547999382","0.8612982630729675","0.8612982630729675","0.8612982630729675","1.061938762664795","1.061938762664795","1.061938762664795","0.5235434770584106","0.5235434770584106","0.5235434770584106","0.1426098793745041","0.1426098793745041","0.1426098793745041","0.0730677992105484","0.0730677992105484","0.0730677992105484","0.40635406970977783","0.40635406970977783","0.40635406970977783","0.3839412033557892","0.3839412033557892","0.3839412033557892","0.05636043846607208","0.05636043846607208","0.05636043846607208","","","","","",""
"4850","0.015115687623620033","0.015115687623620033","0.015115687623620033","0.7819495797157288","0.7819495797157288","0.7819495797157288","0.8613666296005249","0.8613666296005249","0.8613666296005249","0.5082557201385498","0.5082557201385498","0.5082557201385498","0.09329651296138763","0.09329651296138763","0.09329651296138763","0.07739241421222687","0.07739241421222687","0.07739241421222687","0.2613130807876587","0.2613130807876587","0.2613130807876587","0.2341844141483307","0.2341844141483307","0.2341844141483307","0.3809143900871277","0.3809143900871277","0.3809143900871277","","","","","",""
"4860","0.08277560770511627","0.08277560770511627","0.08277560770511627","0.8855382800102234","0.8855382800102234","0.8855382800102234","1.0863523483276367","1.0863523483276367","1.0863523483276367","1.108608365058899","1.108608365058899","1.108608365058899","0.1558467447757721","0.1558467447757721","0.1558467447757721","0.0724109560251236","0.0724109560251236","0.0724109560251236","0.2828187346458435","0.2828187346458435","0.2828187346458435","0.31183546781539917","0.31183546781539917","0.31183546781539917","0.1298641562461853","0.1298641562461853","0.1298641562461853","","","","","",""
"4870","0.03396280109882355","0.03396280109882355","0.03396280109882355","0.7825788259506226","0.7825788259506226","0.7825788259506226","1.278180480003357","1.278180480003357","1.278180480003357","0.6959049105644226","0.6959049105644226","0.6959049105644226","0.30454790592193604","0.30454790592193604","0.30454790592193604","0.12314320355653763","0.12314320355653763","0.12314320355653763","0.2974916696548462","0.2974916696548462","0.2974916696548462","0.27217963337898254","0.27217963337898254","0.27217963337898254","0.07161436975002289","0.07161436975002289","0.07161436975002289","","","","","",""
"4880","0.09158235788345337","0.09158235788345337","0.09158235788345337","0.6249510049819946","0.6249510049819946","0.6249510049819946","0.820324182510376","0.820324182510376","0.820324182510376","0.5259974002838135","0.5259974002838135","0.5259974002838135","0.218833327293396","0.218833327293396","0.218833327293396","0.045386284589767456","0.045386284589767456","0.045386284589767456","0.322429895401001","0.322429895401001","0.322429895401001","0.11074043065309525","0.11074043065309525","0.11074043065309525","0.1106383353471756","0.1106383353471756","0.1106383353471756","","","","","",""
"4890","0.14624494314193726","0.14624494314193726","0.14624494314193726","0.48793143033981323","0.48793143033981323","0.48793143033981323","0.6036849021911621","0.6036849021911621","0.6036849021911621","0.5420634746551514","0.5420634746551514","0.5420634746551514","0.04376986622810364","0.04376986622810364","0.04376986622810364","0.0821305438876152","0.0821305438876152","0.0821305438876152","0.29109737277030945","0.29109737277030945","0.29109737277030945","0.18003703653812408","0.18003703653812408","0.18003703653812408","0.1975702941417694","0.1975702941417694","0.1975702941417694","","","","","",""
"4900","0.009556874632835388","0.009556874632835388","0.009556874632835388","1.1367814540863037","1.1367814540863037","1.1367814540863037","0.6978944540023804","0.6978944540023804","0.6978944540023804","0.7652509212493896","0.7652509212493896","0.7652509212493896","0.084439717233181","0.084439717233181","0.084439717233181","0.048125654458999634","0.048125654458999634","0.048125654458999634","0.347619891166687","0.347619891166687","0.347619891166687","0.15059280395507812","0.15059280395507812","0.15059280395507812","0.20339500904083252","0.20339500904083252","0.20339500904083252","","","","","",""
"4910","0.0256802998483181","0.0256802998483181","0.0256802998483181","0.936521589756012","0.936521589756012","0.936521589756012","0.766535758972168","0.766535758972168","0.766535758972168","0.7624068856239319","0.7624068856239319","0.7624068856239319","0.2257556915283203","0.2257556915283203","0.2257556915283203","0.24300630390644073","0.24300630390644073","0.24300630390644073","0.28436827659606934","0.28436827659606934","0.28436827659606934","0.14717644453048706","0.14717644453048706","0.14717644453048706","0.11658260226249695","0.11658260226249695","0.11658260226249695","","","","","",""
"4920","0.06372629851102829","0.06372629851102829","0.06372629851102829","0.7058892250061035","0.7058892250061035","0.7058892250061035","1.0883328914642334","1.0883328914642334","1.0883328914642334","0.66609787940979","0.66609787940979","0.66609787940979","0.22224228084087372","0.22224228084087372","0.22224228084087372","0.029800081625580788","0.029800081625580788","0.029800081625580788","0.3311081826686859","0.3311081826686859","0.3311081826686859","0.2818897068500519","0.2818897068500519","0.2818897068500519","0.23423011600971222","0.23423011600971222","0.23423011600971222","","","","","",""
"4930","0.08836846798658371","0.08836846798658371","0.08836846798658371","1.2633728981018066","1.2633728981018066","1.2633728981018066","1.1011087894439697","1.1011087894439697","1.1011087894439697","0.6471382975578308","0.6471382975578308","0.6471382975578308","0.21415159106254578","0.21415159106254578","0.21415159106254578","0.41089922189712524","0.41089922189712524","0.41089922189712524","0.5372917652130127","0.5372917652130127","0.5372917652130127","0.4151919186115265","0.4151919186115265","0.4151919186115265","0.46482476592063904","0.46482476592063904","0.46482476592063904","","","","","",""
"4940","0.022507742047309875","0.022507742047309875","0.022507742047309875","0.5722346305847168","0.5722346305847168","0.5722346305847168","0.9765619039535522","0.9765619039535522","0.9765619039535522","0.6350103616714478","0.6350103616714478","0.6350103616714478","0.25187841057777405","0.25187841057777405","0.25187841057777405","0.17283916473388672","0.17283916473388672","0.17283916473388672","0.21622903645038605","0.21622903645038605","0.21622903645038605","0.2864265739917755","0.2864265739917755","0.2864265739917755","0.18336986005306244","0.18336986005306244","0.18336986005306244","","","","","",""
"4950","0.06867247819900513","0.06867247819900513","0.06867247819900513","0.5766056776046753","0.5766056776046753","0.5766056776046753","0.9000558853149414","0.9000558853149414","0.9000558853149414","0.6069278120994568","0.6069278120994568","0.6069278120994568","0.20781899988651276","0.20781899988651276","0.20781899988651276","0.18914690613746643","0.18914690613746643","0.18914690613746643","0.23579296469688416","0.23579296469688416","0.23579296469688416","0.20327997207641602","0.20327997207641602","0.20327997207641602","0.2555050551891327","0.2555050551891327","0.2555050551891327","","","","","",""
"4960","0.032287247478961945","0.032287247478961945","0.032287247478961945","0.5699154734611511","0.5699154734611511","0.5699154734611511","0.7430066466331482","0.7430066466331482","0.7430066466331482","0.5215452313423157","0.5215452313423157","0.5215452313423157","0.49351224303245544","0.49351224303245544","0.49351224303245544","0.2714059352874756","0.2714059352874756","0.2714059352874756","0.2922665476799011","0.2922665476799011","0.2922665476799011","0.16760095953941345","0.16760095953941345","0.16760095953941345","0.17948636412620544","0.17948636412620544","0.17948636412620544","","","","","",""
"4970","0.024428902193903923","0.024428902193903923","0.024428902193903923","0.5500751733779907","0.5500751733779907","0.5500751733779907","1.017124891281128","1.017124891281128","1.017124891281128","0.6250756978988647","0.6250756978988647","0.6250756978988647","0.203226238489151","0.203226238489151","0.203226238489151","0.10085836052894592","0.10085836052894592","0.10085836052894592","0.2635449469089508","0.2635449469089508","0.2635449469089508","0.26003700494766235","0.26003700494766235","0.26003700494766235","0.12138107419013977","0.12138107419013977","0.12138107419013977","","","","","",""
"4980","0.05106700584292412","0.05106700584292412","0.05106700584292412","0.6402786374092102","0.6402786374092102","0.6402786374092102","0.7648477554321289","0.7648477554321289","0.7648477554321289","0.3909236192703247","0.3909236192703247","0.3909236192703247","0.20433637499809265","0.20433637499809265","0.20433637499809265","0.05429210886359215","0.05429210886359215","0.05429210886359215","0.3810306191444397","0.3810306191444397","0.3810306191444397","0.23601144552230835","0.23601144552230835","0.23601144552230835","0.2788065969944","0.2788065969944","0.2788065969944","","","","","",""
"4990","0.0020900480449199677","0.0020900480449199677","0.0020900480449199677","0.693947434425354","0.693947434425354","0.693947434425354","0.7616262435913086","0.7616262435913086","0.7616262435913086","0.6191113591194153","0.6191113591194153","0.6191113591194153","0.15699398517608643","0.15699398517608643","0.15699398517608643","0.08904413133859634","0.08904413133859634","0.08904413133859634","0.1046622097492218","0.1046622097492218","0.1046622097492218","0.10393471270799637","0.10393471270799637","0.10393471270799637","0.07287219911813736","0.07287219911813736","0.07287219911813736","","","","","",""
"5000","0.04588128998875618","0.04588128998875618","0.04588128998875618","0.5440567135810852","0.5440567135810852","0.5440567135810852","0.5781765580177307","0.5781765580177307","0.5781765580177307","0.653669536113739","0.653669536113739","0.653669536113739","0.13527284562587738","0.13527284562587738","0.13527284562587738","0.13625356554985046","0.13625356554985046","0.13625356554985046","0.48488977551460266","0.48488977551460266","0.48488977551460266","0.20256148278713226","0.20256148278713226","0.20256148278713226","0.18043720722198486","0.18043720722198486","0.18043720722198486","","","","","",""
"5010","0.03309798240661621","0.03309798240661621","0.03309798240661621","0.7050275802612305","0.7050275802612305","0.7050275802612305","0.8124050498008728","0.8124050498008728","0.8124050498008728","0.4757734537124634","0.4757734537124634","0.4757734537124634","0.12225835025310516","0.12225835025310516","0.12225835025310516","0.02738366276025772","0.02738366276025772","0.02738366276025772","0.24955758452415466","0.24955758452415466","0.24955758452415466","0.14747680723667145","0.14747680723667145","0.14747680723667145","0.1594291776418686","0.1594291776418686","0.1594291776418686","","","","","",""
"5020","0.07873227447271347","0.07873227447271347","0.07873227447271347","0.43893668055534363","0.43893668055534363","0.43893668055534363","0.9545204043388367","0.9545204043388367","0.9545204043388367","0.7854646444320679","0.7854646444320679","0.7854646444320679","0.1950070559978485","0.1950070559978485","0.1950070559978485","0.12059696763753891","0.12059696763753891","0.12059696763753891","0.1989520937204361","0.1989520937204361","0.1989520937204361","0.158817857503891","0.158817857503891","0.158817857503891","0.2589622437953949","0.2589622437953949","0.2589622437953949","","","","","",""
"5030","0.030423307791352272","0.030423307791352272","0.030423307791352272","0.5686604976654053","0.5686604976654053","0.5686604976654053","0.7796523571014404","0.7796523571014404","0.7796523571014404","0.6538577079772949","0.6538577079772949","0.6538577079772949","0.153028666973114","0.153028666973114","0.153028666973114","0.1595565527677536","0.1595565527677536","0.1595565527677536","0.3316648602485657","0.3316648602485657","0.3316648602485657","0.23057740926742554","0.23057740926742554","0.23057740926742554","0.2073988914489746","0.2073988914489746","0.2073988914489746","","","","","",""
"5040","0.046261876821517944","0.046261876821517944","0.046261876821517944","0.5604534149169922","0.5604534149169922","0.5604534149169922","0.883895993232727","0.883895993232727","0.883895993232727","0.5958994030952454","0.5958994030952454","0.5958994030952454","0.2165583074092865","0.2165583074092865","0.2165583074092865","0.08322510123252869","0.08322510123252869","0.08322510123252869","0.24408210813999176","0.24408210813999176","0.24408210813999176","0.16351257264614105","0.16351257264614105","0.16351257264614105","0.1064983457326889","0.1064983457326889","0.1064983457326889","","","","","",""
"5050","0.07160242646932602","0.07160242646932602","0.07160242646932602","0.9034680128097534","0.9034680128097534","0.9034680128097534","0.728594183921814","0.728594183921814","0.728594183921814","0.42918968200683594","0.42918968200683594","0.42918968200683594","0.18484467267990112","0.18484467267990112","0.18484467267990112","0.0801478773355484","0.0801478773355484","0.0801478773355484","0.2744583189487457","0.2744583189487457","0.2744583189487457","0.12544679641723633","0.12544679641723633","0.12544679641723633","0.0997634306550026","0.0997634306550026","0.0997634306550026","","","","","",""
"5060","0.003633996471762657","0.003633996471762657","0.003633996471762657","0.702753484249115","0.702753484249115","0.702753484249115","0.8760037422180176","0.8760037422180176","0.8760037422180176","0.4498205780982971","0.4498205780982971","0.4498205780982971","0.18092794716358185","0.18092794716358185","0.18092794716358185","0.17894971370697021","0.17894971370697021","0.17894971370697021","0.32964026927948","0.32964026927948","0.32964026927948","0.1046329215168953","0.1046329215168953","0.1046329215168953","0.09267602860927582","0.09267602860927582","0.09267602860927582","","","","","",""
"5070","0.00815989263355732","0.00815989263355732","0.00815989263355732","0.60622638463974","0.60622638463974","0.60622638463974","0.9503649473190308","0.9503649473190308","0.9503649473190308","0.6373007297515869","0.6373007297515869","0.6373007297515869","0.4353545308113098","0.4353545308113098","0.4353545308113098","0.10616300255060196","0.10616300255060196","0.10616300255060196","0.22594726085662842","0.22594726085662842","0.22594726085662842","0.12218272686004639","0.12218272686004639","0.12218272686004639","0.24112145602703094","0.24112145602703094","0.24112145602703094","","","","","",""
"5080","0.1325387954711914","0.1325387954711914","0.1325387954711914","0.803657054901123","0.803657054901123","0.803657054901123","1.0342403650283813","1.0342403650283813","1.0342403650283813","0.6850535869598389","0.6850535869598389","0.6850535869598389","0.22249442338943481","0.22249442338943481","0.22249442338943481","0.1077364981174469","0.1077364981174469","0.1077364981174469","0.29761773347854614","0.29761773347854614","0.29761773347854614","0.33793333172798157","0.33793333172798157","0.33793333172798157","0.19384890794754028","0.19384890794754028","0.19384890794754028","","","","","",""
"5090","0.07939330488443375","0.07939330488443375","0.07939330488443375","0.7155451774597168","0.7155451774597168","0.7155451774597168","1.0458508729934692","1.0458508729934692","1.0458508729934692","0.5099089741706848","0.5099089741706848","0.5099089741706848","0.10489889979362488","0.10489889979362488","0.10489889979362488","0.28671908378601074","0.28671908378601074","0.28671908378601074","0.2547493875026703","0.2547493875026703","0.2547493875026703","0.15260595083236694","0.15260595083236694","0.15260595083236694","0.21200048923492432","0.21200048923492432","0.21200048923492432","","","","","",""
"5100","0.07063967734575272","0.07063967734575272","0.07063967734575272","0.5769825577735901","0.5769825577735901","0.5769825577735901","0.8362746834754944","0.8362746834754944","0.8362746834754944","0.344760000705719","0.344760000705719","0.344760000705719","0.14743070304393768","0.14743070304393768","0.14743070304393768","0.031609222292900085","0.031609222292900085","0.031609222292900085","0.2546354830265045","0.2546354830265045","0.2546354830265045","0.09547524154186249","0.09547524154186249","0.09547524154186249","0.244136780500412","0.244136780500412","0.244136780500412","","","","","",""
"5110","0.05248671770095825","0.05248671770095825","0.05248671770095825","0.5225139856338501","0.5225139856338501","0.5225139856338501","0.8733029961585999","0.8733029961585999","0.8733029961585999","0.7241266965866089","0.7241266965866089","0.7241266965866089","0.2301187515258789","0.2301187515258789","0.2301187515258789","0.17530880868434906","0.17530880868434906","0.17530880868434906","0.28881755471229553","0.28881755471229553","0.28881755471229553","0.13043014705181122","0.13043014705181122","0.13043014705181122","0.12670502066612244","0.12670502066612244","0.12670502066612244","","","","","",""
"5120","0.14606693387031555","0.14606693387031555","0.14606693387031555","0.9086839556694031","0.9086839556694031","0.9086839556694031","0.8795505166053772","0.8795505166053772","0.8795505166053772","0.5767590999603271","0.5767590999603271","0.5767590999603271","0.09722962975502014","0.09722962975502014","0.09722962975502014","0.08421216160058975","0.08421216160058975","0.08421216160058975","0.16616962850093842","0.16616962850093842","0.16616962850093842","0.1858302354812622","0.1858302354812622","0.1858302354812622","0.20401132106781006","0.20401132106781006","0.20401132106781006","","","","","",""
"5130","0.08906106650829315","0.08906106650829315","0.08906106650829315","0.5556153059005737","0.5556153059005737","0.5556153059005737","1.0403014421463013","1.0403014421463013","1.0403014421463013","0.7242968082427979","0.7242968082427979","0.7242968082427979","0.060993678867816925","0.060993678867816925","0.060993678867816925","0.10986803472042084","0.10986803472042084","0.10986803472042084","0.3318091630935669","0.3318091630935669","0.3318091630935669","0.07493822276592255","0.07493822276592255","0.07493822276592255","0.21069680154323578","0.21069680154323578","0.21069680154323578","","","","","",""
"5140","0.008455289527773857","0.008455289527773857","0.008455289527773857","0.5455877780914307","0.5455877780914307","0.5455877780914307","0.6369397044181824","0.6369397044181824","0.6369397044181824","0.7230902314186096","0.7230902314186096","0.7230902314186096","0.11951979994773865","0.11951979994773865","0.11951979994773865","0.08878158777952194","0.08878158777952194","0.08878158777952194","0.43708565831184387","0.43708565831184387","0.43708565831184387","0.1535194367170334","0.1535194367170334","0.1535194367170334","0.11522142589092255","0.11522142589092255","0.11522142589092255","","","","","",""
"5150","0.1313801258802414","0.1313801258802414","0.1313801258802414","0.6218765377998352","0.6218765377998352","0.6218765377998352","0.7693459987640381","0.7693459987640381","0.7693459987640381","0.4963250458240509","0.4963250458240509","0.4963250458240509","0.20536142587661743","0.20536142587661743","0.20536142587661743","0.07573163509368896","0.07573163509368896","0.07573163509368896","0.2619379758834839","0.2619379758834839","0.2619379758834839","0.2755741477012634","0.2755741477012634","0.2755741477012634","0.16968582570552826","0.16968582570552826","0.16968582570552826","","","","","",""
"5160","0.01416049338877201","0.01416049338877201","0.01416049338877201","0.6902747750282288","0.6902747750282288","0.6902747750282288","1.0017180442810059","1.0017180442810059","1.0017180442810059","0.45441538095474243","0.45441538095474243","0.45441538095474243","0.1270359307527542","0.1270359307527542","0.1270359307527542","0.12764926254749298","0.12764926254749298","0.12764926254749298","0.5678153038024902","0.5678153038024902","0.5678153038024902","0.16366606950759888","0.16366606950759888","0.16366606950759888","0.18731480836868286","0.18731480836868286","0.18731480836868286","","","","","",""
"5170","0.019214889034628868","0.019214889034628868","0.019214889034628868","0.5195306539535522","0.5195306539535522","0.5195306539535522","0.877415657043457","0.877415657043457","0.877415657043457","0.661859393119812","0.661859393119812","0.661859393119812","0.2463376671075821","0.2463376671075821","0.2463376671075821","0.027163801714777946","0.027163801714777946","0.027163801714777946","0.29372328519821167","0.29372328519821167","0.29372328519821167","0.22649380564689636","0.22649380564689636","0.22649380564689636","0.14537355303764343","0.14537355303764343","0.14537355303764343","","","","","",""
"5180","0.09172041714191437","0.09172041714191437","0.09172041714191437","0.5884549617767334","0.5884549617767334","0.5884549617767334","0.9702811241149902","0.9702811241149902","0.9702811241149902","0.6017134785652161","0.6017134785652161","0.6017134785652161","0.19201838970184326","0.19201838970184326","0.19201838970184326","0.13038261234760284","0.13038261234760284","0.13038261234760284","0.441841185092926","0.441841185092926","0.441841185092926","0.17147798836231232","0.17147798836231232","0.17147798836231232","0.22696992754936218","0.22696992754936218","0.22696992754936218","","","","","",""
"5190","0.007539225742220879","0.007539225742220879","0.007539225742220879","0.6119518876075745","0.6119518876075745","0.6119518876075745","1.0900464057922363","1.0900464057922363","1.0900464057922363","0.8923478126525879","0.8923478126525879","0.8923478126525879","0.31228208541870117","0.31228208541870117","0.31228208541870117","0.10967297852039337","0.10967297852039337","0.10967297852039337","0.46018990874290466","0.46018990874290466","0.46018990874290466","0.40270256996154785","0.40270256996154785","0.40270256996154785","0.029467759653925896","0.029467759653925896","0.029467759653925896","","","","","",""
"5200","0.006791980937123299","0.006791980937123299","0.006791980937123299","0.7458308339118958","0.7458308339118958","0.7458308339118958","0.7770024538040161","0.7770024538040161","0.7770024538040161","0.6456558108329773","0.6456558108329773","0.6456558108329773","0.15987229347229004","0.15987229347229004","0.15987229347229004","0.11533055454492569","0.11533055454492569","0.11533055454492569","0.1683783233165741","0.1683783233165741","0.1683783233165741","0.22823385894298553","0.22823385894298553","0.22823385894298553","0.12182295322418213","0.12182295322418213","0.12182295322418213","","","","","",""
"5210","0.041364215314388275","0.041364215314388275","0.041364215314388275","0.7697564363479614","0.7697564363479614","0.7697564363479614","0.9886472821235657","0.9886472821235657","0.9886472821235657","0.5073989033699036","0.5073989033699036","0.5073989033699036","0.0734163224697113","0.0734163224697113","0.0734163224697113","0.1280551254749298","0.1280551254749298","0.1280551254749298","0.23303130269050598","0.23303130269050598","0.23303130269050598","0.16587068140506744","0.16587068140506744","0.16587068140506744","0.18496447801589966","0.18496447801589966","0.18496447801589966","","","","","",""
"5220","0.08742406964302063","0.08742406964302063","0.08742406964302063","0.5771647095680237","0.5771647095680237","0.5771647095680237","0.9555773138999939","0.9555773138999939","0.9555773138999939","0.9533374309539795","0.9533374309539795","0.9533374309539795","0.3115207850933075","0.3115207850933075","0.3115207850933075","0.0609089657664299","0.0609089657664299","0.0609089657664299","0.4042164087295532","0.4042164087295532","0.4042164087295532","0.7607308626174927","0.7607308626174927","0.7607308626174927","0.7744430303573608","0.7744430303573608","0.7744430303573608","","","","","",""
"5230","0.0036585573107004166","0.0036585573107004166","0.0036585573107004166","0.40841972827911377","0.40841972827911377","0.40841972827911377","0.9538172483444214","0.9538172483444214","0.9538172483444214","0.27420127391815186","0.27420127391815186","0.27420127391815186","0.10967621207237244","0.10967621207237244","0.10967621207237244","0.02061079815030098","0.02061079815030098","0.02061079815030098","0.13650216162204742","0.13650216162204742","0.13650216162204742","0.1836799830198288","0.1836799830198288","0.1836799830198288","0.12239266186952591","0.12239266186952591","0.12239266186952591","","","","","",""
"5240","0.0014594830572605133","0.0014594830572605133","0.0014594830572605133","0.650784969329834","0.650784969329834","0.650784969329834","0.9399570226669312","0.9399570226669312","0.9399570226669312","0.41843941807746887","0.41843941807746887","0.41843941807746887","0.10694556683301926","0.10694556683301926","0.10694556683301926","0.030598683282732964","0.030598683282732964","0.030598683282732964","0.16509036719799042","0.16509036719799042","0.16509036719799042","0.20419876277446747","0.20419876277446747","0.20419876277446747","0.09921387583017349","0.09921387583017349","0.09921387583017349","","","","","",""
"5250","0.053877606987953186","0.053877606987953186","0.053877606987953186","0.6579974889755249","0.6579974889755249","0.6579974889755249","0.7471535801887512","0.7471535801887512","0.7471535801887512","0.5273512601852417","0.5273512601852417","0.5273512601852417","0.10761643946170807","0.10761643946170807","0.10761643946170807","0.07531844079494476","0.07531844079494476","0.07531844079494476","0.2959800362586975","0.2959800362586975","0.2959800362586975","0.2906917631626129","0.2906917631626129","0.2906917631626129","0.29001498222351074","0.29001498222351074","0.29001498222351074","","","","","",""
"5260","0.0022760946303606033","0.0022760946303606033","0.0022760946303606033","0.6794543266296387","0.6794543266296387","0.6794543266296387","1.0184475183486938","1.0184475183486938","1.0184475183486938","1.0113437175750732","1.0113437175750732","1.0113437175750732","0.248713418841362","0.248713418841362","0.248713418841362","0.020262615755200386","0.020262615755200386","0.020262615755200386","0.45302486419677734","0.45302486419677734","0.45302486419677734","0.1919088363647461","0.1919088363647461","0.1919088363647461","0.14297382533550262","0.14297382533550262","0.14297382533550262","","","","","",""
"5270","0.033761993050575256","0.033761993050575256","0.033761993050575256","0.7131077647209167","0.7131077647209167","0.7131077647209167","0.7542182803153992","0.7542182803153992","0.7542182803153992","0.5075544118881226","0.5075544118881226","0.5075544118881226","0.3288208842277527","0.3288208842277527","0.3288208842277527","0.03455691784620285","0.03455691784620285","0.03455691784620285","0.07127595692873001","0.07127595692873001","0.07127595692873001","0.2854588031768799","0.2854588031768799","0.2854588031768799","0.27960795164108276","0.27960795164108276","0.27960795164108276","","","","","",""
"5280","0.007894786074757576","0.007894786074757576","0.007894786074757576","0.6818463802337646","0.6818463802337646","0.6818463802337646","0.8332762122154236","0.8332762122154236","0.8332762122154236","0.8849449753761292","0.8849449753761292","0.8849449753761292","0.05851246416568756","0.05851246416568756","0.05851246416568756","0.05943850427865982","0.05943850427865982","0.05943850427865982","0.287906289100647","0.287906289100647","0.287906289100647","0.04949253797531128","0.04949253797531128","0.04949253797531128","0.09748425334692001","0.09748425334692001","0.09748425334692001","","","","","",""
"5290","0.004916395992040634","0.004916395992040634","0.004916395992040634","1.1176468133926392","1.1176468133926392","1.1176468133926392","0.5025677680969238","0.5025677680969238","0.5025677680969238","0.6168408989906311","0.6168408989906311","0.6168408989906311","0.196602925658226","0.196602925658226","0.196602925658226","0.01715104840695858","0.01715104840695858","0.01715104840695858","0.3575534522533417","0.3575534522533417","0.3575534522533417","0.09772366285324097","0.09772366285324097","0.09772366285324097","0.12117880582809448","0.12117880582809448","0.12117880582809448","","","","","",""
"5300","0.0014532338827848434","0.0014532338827848434","0.0014532338827848434","0.484631210565567","0.484631210565567","0.484631210565567","0.8739664554595947","0.8739664554595947","0.8739664554595947","0.4036824405193329","0.4036824405193329","0.4036824405193329","0.03113439306616783","0.03113439306616783","0.03113439306616783","0.07288100570440292","0.07288100570440292","0.07288100570440292","0.29805222153663635","0.29805222153663635","0.29805222153663635","0.24147193133831024","0.24147193133831024","0.24147193133831024","0.10635282099246979","0.10635282099246979","0.10635282099246979","","","","","",""
"5310","0.017496874555945396","0.017496874555945396","0.017496874555945396","0.6940644383430481","0.6940644383430481","0.6940644383430481","0.5547773241996765","0.5547773241996765","0.5547773241996765","0.2864585518836975","0.2864585518836975","0.2864585518836975","0.24866162240505219","0.24866162240505219","0.24866162240505219","0.09475129097700119","0.09475129097700119","0.09475129097700119","0.23929409682750702","0.23929409682750702","0.23929409682750702","0.13621219992637634","0.13621219992637634","0.13621219992637634","0.09309762716293335","0.09309762716293335","0.09309762716293335","","","","","",""
"5320","0.009021254256367683","0.009021254256367683","0.009021254256367683","0.6572802066802979","0.6572802066802979","0.6572802066802979","0.8940169811248779","0.8940169811248779","0.8940169811248779","0.4787330627441406","0.4787330627441406","0.4787330627441406","0.12247724831104279","0.12247724831104279","0.12247724831104279","0.08731074631214142","0.08731074631214142","0.08731074631214142","0.2109856754541397","0.2109856754541397","0.2109856754541397","0.06734015047550201","0.06734015047550201","0.06734015047550201","0.12340947985649109","0.12340947985649109","0.12340947985649109","","","","","",""
"5330","0.1426360160112381","0.1426360160112381","0.1426360160112381","0.5458905696868896","0.5458905696868896","0.5458905696868896","0.6634775996208191","0.6634775996208191","0.6634775996208191","0.48612576723098755","0.48612576723098755","0.48612576723098755","0.07979415357112885","0.07979415357112885","0.07979415357112885","0.046238865703344345","0.046238865703344345","0.046238865703344345","0.25506392121315","0.25506392121315","0.25506392121315","0.33431732654571533","0.33431732654571533","0.33431732654571533","0.18018285930156708","0.18018285930156708","0.18018285930156708","","","","","",""
"5340","0.03262481838464737","0.03262481838464737","0.03262481838464737","0.7243196964263916","0.7243196964263916","0.7243196964263916","0.8070328235626221","0.8070328235626221","0.8070328235626221","0.395799458026886","0.395799458026886","0.395799458026886","0.19711685180664062","0.19711685180664062","0.19711685180664062","0.06219908595085144","0.06219908595085144","0.06219908595085144","0.1795930564403534","0.1795930564403534","0.1795930564403534","0.11308357119560242","0.11308357119560242","0.11308357119560242","0.0713275894522667","0.0713275894522667","0.0713275894522667","","","","","",""
"5350","0.03054126165807247","0.03054126165807247","0.03054126165807247","0.7648495435714722","0.7648495435714722","0.7648495435714722","0.4736732840538025","0.4736732840538025","0.4736732840538025","0.4388596713542938","0.4388596713542938","0.4388596713542938","0.2304200828075409","0.2304200828075409","0.2304200828075409","0.0953817293047905","0.0953817293047905","0.0953817293047905","0.12927860021591187","0.12927860021591187","0.12927860021591187","0.20990629494190216","0.20990629494190216","0.20990629494190216","0.1460265815258026","0.1460265815258026","0.1460265815258026","","","","","",""
"5360","0.06693783402442932","0.06693783402442932","0.06693783402442932","0.603891134262085","0.603891134262085","0.603891134262085","0.8757145404815674","0.8757145404815674","0.8757145404815674","0.5822579264640808","0.5822579264640808","0.5822579264640808","0.06383869796991348","0.06383869796991348","0.06383869796991348","0.16005706787109375","0.16005706787109375","0.16005706787109375","0.23974190652370453","0.23974190652370453","0.23974190652370453","0.10560061037540436","0.10560061037540436","0.10560061037540436","0.2135831117630005","0.2135831117630005","0.2135831117630005","","","","","",""
"5370","0.06079903990030289","0.06079903990030289","0.06079903990030289","0.5693318247795105","0.5693318247795105","0.5693318247795105","0.9437384009361267","0.9437384009361267","0.9437384009361267","0.48722878098487854","0.48722878098487854","0.48722878098487854","0.11852826178073883","0.11852826178073883","0.11852826178073883","0.11889457702636719","0.11889457702636719","0.11889457702636719","0.28451675176620483","0.28451675176620483","0.28451675176620483","0.08471554517745972","0.08471554517745972","0.08471554517745972","0.08944116532802582","0.08944116532802582","0.08944116532802582","","","","","",""
"5380","0.16336730122566223","0.16336730122566223","0.16336730122566223","0.40121161937713623","0.40121161937713623","0.40121161937713623","0.8524538278579712","0.8524538278579712","0.8524538278579712","0.603435754776001","0.603435754776001","0.603435754776001","0.20711028575897217","0.20711028575897217","0.20711028575897217","0.09100238978862762","0.09100238978862762","0.09100238978862762","0.15247923135757446","0.15247923135757446","0.15247923135757446","0.15097670257091522","0.15097670257091522","0.15097670257091522","0.17130818963050842","0.17130818963050842","0.17130818963050842","","","","","",""
"5390","0.014888515695929527","0.014888515695929527","0.014888515695929527","0.5345519185066223","0.5345519185066223","0.5345519185066223","0.609585165977478","0.609585165977478","0.609585165977478","0.626487672328949","0.626487672328949","0.626487672328949","0.23619312047958374","0.23619312047958374","0.23619312047958374","0.048549383878707886","0.048549383878707886","0.048549383878707886","0.4221457839012146","0.4221457839012146","0.4221457839012146","0.1974702775478363","0.1974702775478363","0.1974702775478363","0.132155179977417","0.132155179977417","0.132155179977417","","","","","",""
"5400","0.02376042678952217","0.02376042678952217","0.02376042678952217","0.5432654023170471","0.5432654023170471","0.5432654023170471","0.6888333559036255","0.6888333559036255","0.6888333559036255","0.6342390775680542","0.6342390775680542","0.6342390775680542","0.06661413609981537","0.06661413609981537","0.06661413609981537","0.09972451627254486","0.09972451627254486","0.09972451627254486","0.1560535579919815","0.1560535579919815","0.1560535579919815","0.25064292550086975","0.25064292550086975","0.25064292550086975","0.17336225509643555","0.17336225509643555","0.17336225509643555","","","","","",""
"5410","0.011411912739276886","0.011411912739276886","0.011411912739276886","0.5266966223716736","0.5266966223716736","0.5266966223716736","0.8022894859313965","0.8022894859313965","0.8022894859313965","0.5280011892318726","0.5280011892318726","0.5280011892318726","0.26466888189315796","0.26466888189315796","0.26466888189315796","0.08522751927375793","0.08522751927375793","0.08522751927375793","0.24092890322208405","0.24092890322208405","0.24092890322208405","0.2546822428703308","0.2546822428703308","0.2546822428703308","0.0647394210100174","0.0647394210100174","0.0647394210100174","","","","","",""
"5420","0.007296381518244743","0.007296381518244743","0.007296381518244743","0.6434954404830933","0.6434954404830933","0.6434954404830933","0.7337563037872314","0.7337563037872314","0.7337563037872314","0.4405418634414673","0.4405418634414673","0.4405418634414673","0.20262694358825684","0.20262694358825684","0.20262694358825684","0.07288479804992676","0.07288479804992676","0.07288479804992676","0.1858692318201065","0.1858692318201065","0.1858692318201065","0.13661757111549377","0.13661757111549377","0.13661757111549377","0.14714819192886353","0.14714819192886353","0.14714819192886353","","","","","",""
"5430","0.003865636885166168","0.003865636885166168","0.003865636885166168","0.6344510316848755","0.6344510316848755","0.6344510316848755","0.588045597076416","0.588045597076416","0.588045597076416","0.30167365074157715","0.30167365074157715","0.30167365074157715","0.0946056991815567","0.0946056991815567","0.0946056991815567","0.025711042806506157","0.025711042806506157","0.025711042806506157","0.13138271868228912","0.13138271868228912","0.13138271868228912","0.2644895911216736","0.2644895911216736","0.2644895911216736","0.16732318699359894","0.16732318699359894","0.16732318699359894","","","","","",""
"5440","0.0295238196849823","0.0295238196849823","0.0295238196849823","0.47451192140579224","0.47451192140579224","0.47451192140579224","0.529000461101532","0.529000461101532","0.529000461101532","0.4884890913963318","0.4884890913963318","0.4884890913963318","0.16638508439064026","0.16638508439064026","0.16638508439064026","0.09628812968730927","0.09628812968730927","0.09628812968730927","0.28338539600372314","0.28338539600372314","0.28338539600372314","0.16705884039402008","0.16705884039402008","0.16705884039402008","0.07011111080646515","0.07011111080646515","0.07011111080646515","","","","","",""
"5450","0.059138983488082886","0.059138983488082886","0.059138983488082886","0.49653559923171997","0.49653559923171997","0.49653559923171997","0.7868726849555969","0.7868726849555969","0.7868726849555969","0.4640359878540039","0.4640359878540039","0.4640359878540039","0.3799530267715454","0.3799530267715454","0.3799530267715454","0.13862596452236176","0.13862596452236176","0.13862596452236176","0.1941317766904831","0.1941317766904831","0.1941317766904831","0.27390581369400024","0.27390581369400024","0.27390581369400024","0.14080141484737396","0.14080141484737396","0.14080141484737396","","","","","",""
"5460","0.07797557860612869","0.07797557860612869","0.07797557860612869","0.7309855222702026","0.7309855222702026","0.7309855222702026","0.6819772720336914","0.6819772720336914","0.6819772720336914","0.42556214332580566","0.42556214332580566","0.42556214332580566","0.10237706452608109","0.10237706452608109","0.10237706452608109","0.04804536700248718","0.04804536700248718","0.04804536700248718","0.44013071060180664","0.44013071060180664","0.44013071060180664","0.3140302896499634","0.3140302896499634","0.3140302896499634","0.10724984854459763","0.10724984854459763","0.10724984854459763","","","","","",""
"5470","0.001317482441663742","0.001317482441663742","0.001317482441663742","0.5083008408546448","0.5083008408546448","0.5083008408546448","0.925529420375824","0.925529420375824","0.925529420375824","0.5016285181045532","0.5016285181045532","0.5016285181045532","0.11660082638263702","0.11660082638263702","0.11660082638263702","0.055658452212810516","0.055658452212810516","0.055658452212810516","0.2584804892539978","0.2584804892539978","0.2584804892539978","0.1182771548628807","0.1182771548628807","0.1182771548628807","0.23141957819461823","0.23141957819461823","0.23141957819461823","","","","","",""
"5480","0.02105456218123436","0.02105456218123436","0.02105456218123436","0.5090144872665405","0.5090144872665405","0.5090144872665405","0.8616483807563782","0.8616483807563782","0.8616483807563782","0.623554527759552","0.623554527759552","0.623554527759552","0.03516160696744919","0.03516160696744919","0.03516160696744919","0.026777995750308037","0.026777995750308037","0.026777995750308037","0.24378325045108795","0.24378325045108795","0.24378325045108795","0.20234616100788116","0.20234616100788116","0.20234616100788116","0.3667287528514862","0.3667287528514862","0.3667287528514862","","","","","",""
"5490","0.0013395696878433228","0.0013395696878433228","0.0013395696878433228","0.6139675378799438","0.6139675378799438","0.6139675378799438","0.5519939661026001","0.5519939661026001","0.5519939661026001","0.5305487513542175","0.5305487513542175","0.5305487513542175","0.06585410982370377","0.06585410982370377","0.06585410982370377","0.05973448231816292","0.05973448231816292","0.05973448231816292","0.30570200085639954","0.30570200085639954","0.30570200085639954","0.13754676282405853","0.13754676282405853","0.13754676282405853","0.13625285029411316","0.13625285029411316","0.13625285029411316","","","","","",""
"5500","0.00294642336666584","0.00294642336666584","0.00294642336666584","0.6280620694160461","0.6280620694160461","0.6280620694160461","0.791467010974884","0.791467010974884","0.791467010974884","0.7735539674758911","0.7735539674758911","0.7735539674758911","0.06872217357158661","0.06872217357158661","0.06872217357158661","0.04243316873908043","0.04243316873908043","0.04243316873908043","0.2098536342382431","0.2098536342382431","0.2098536342382431","0.10043100267648697","0.10043100267648697","0.10043100267648697","0.09985516220331192","0.09985516220331192","0.09985516220331192","","","","","",""
"5510","0.004744768142700195","0.004744768142700195","0.004744768142700195","1.3228654861450195","1.3228654861450195","1.3228654861450195","1.051487684249878","1.051487684249878","1.051487684249878","1.118691325187683","1.118691325187683","1.118691325187683","0.34335142374038696","0.34335142374038696","0.34335142374038696","0.33212125301361084","0.33212125301361084","0.33212125301361084","0.20639117062091827","0.20639117062091827","0.20639117062091827","0.06763826310634613","0.06763826310634613","0.06763826310634613","0.14405056834220886","0.14405056834220886","0.14405056834220886","","","","","",""
"5520","0.0014329757541418076","0.0014329757541418076","0.0014329757541418076","0.48119762539863586","0.48119762539863586","0.48119762539863586","0.7907946705818176","0.7907946705818176","0.7907946705818176","0.7603006958961487","0.7603006958961487","0.7603006958961487","0.051113277673721313","0.051113277673721313","0.051113277673721313","0.030336692929267883","0.030336692929267883","0.030336692929267883","0.18622222542762756","0.18622222542762756","0.18622222542762756","0.16468700766563416","0.16468700766563416","0.16468700766563416","0.23708617687225342","0.23708617687225342","0.23708617687225342","","","","","",""
"5530","0.005349494516849518","0.005349494516849518","0.005349494516849518","0.3753266930580139","0.3753266930580139","0.3753266930580139","0.742720901966095","0.742720901966095","0.742720901966095","0.684838056564331","0.684838056564331","0.684838056564331","0.061122432351112366","0.061122432351112366","0.061122432351112366","0.03832688927650452","0.03832688927650452","0.03832688927650452","0.21044090390205383","0.21044090390205383","0.21044090390205383","0.1460585594177246","0.1460585594177246","0.1460585594177246","0.11493236571550369","0.11493236571550369","0.11493236571550369","","","","","",""
"5540","0.06679736077785492","0.06679736077785492","0.06679736077785492","0.31267791986465454","0.31267791986465454","0.31267791986465454","0.5721986293792725","0.5721986293792725","0.5721986293792725","0.49240267276763916","0.49240267276763916","0.49240267276763916","0.057799674570560455","0.057799674570560455","0.057799674570560455","0.20547905564308167","0.20547905564308167","0.20547905564308167","0.07684573531150818","0.07684573531150818","0.07684573531150818","0.11825757473707199","0.11825757473707199","0.11825757473707199","0.09231888502836227","0.09231888502836227","0.09231888502836227","","","","","",""
"5550","0.011267416179180145","0.011267416179180145","0.011267416179180145","0.6818644404411316","0.6818644404411316","0.6818644404411316","0.7324134707450867","0.7324134707450867","0.7324134707450867","0.8935095071792603","0.8935095071792603","0.8935095071792603","0.08050459623336792","0.08050459623336792","0.08050459623336792","0.013784753158688545","0.013784753158688545","0.013784753158688545","0.25937753915786743","0.25937753915786743","0.25937753915786743","0.2279626727104187","0.2279626727104187","0.2279626727104187","0.20377172529697418","0.20377172529697418","0.20377172529697418","","","","","",""
"5560","0.0021940134465694427","0.0021940134465694427","0.0021940134465694427","0.4580654501914978","0.4580654501914978","0.4580654501914978","0.6144521832466125","0.6144521832466125","0.6144521832466125","0.4097059667110443","0.4097059667110443","0.4097059667110443","0.40155676007270813","0.40155676007270813","0.40155676007270813","0.03828013315796852","0.03828013315796852","0.03828013315796852","0.1609005630016327","0.1609005630016327","0.1609005630016327","0.21583127975463867","0.21583127975463867","0.21583127975463867","0.04453257843852043","0.04453257843852043","0.04453257843852043","","","","","",""
"5570","0.0029606856405735016","0.0029606856405735016","0.0029606856405735016","0.5129229426383972","0.5129229426383972","0.5129229426383972","0.6198279857635498","0.6198279857635498","0.6198279857635498","0.6795878410339355","0.6795878410339355","0.6795878410339355","0.21785569190979004","0.21785569190979004","0.21785569190979004","0.08824826776981354","0.08824826776981354","0.08824826776981354","0.26358136534690857","0.26358136534690857","0.26358136534690857","0.11467036604881287","0.11467036604881287","0.11467036604881287","0.09552418440580368","0.09552418440580368","0.09552418440580368","","","","","",""
"5580","0.00189189612865448","0.00189189612865448","0.00189189612865448","0.5386114716529846","0.5386114716529846","0.5386114716529846","0.6462835073471069","0.6462835073471069","0.6462835073471069","0.47073686122894287","0.47073686122894287","0.47073686122894287","0.10297699272632599","0.10297699272632599","0.10297699272632599","0.01648539863526821","0.01648539863526821","0.01648539863526821","0.2240235060453415","0.2240235060453415","0.2240235060453415","0.14915704727172852","0.14915704727172852","0.14915704727172852","0.06469596922397614","0.06469596922397614","0.06469596922397614","","","","","",""
"5590","0.03889504820108414","0.03889504820108414","0.03889504820108414","0.5016155242919922","0.5016155242919922","0.5016155242919922","0.5659908652305603","0.5659908652305603","0.5659908652305603","0.3695544898509979","0.3695544898509979","0.3695544898509979","0.12266822904348373","0.12266822904348373","0.12266822904348373","0.02674075961112976","0.02674075961112976","0.02674075961112976","0.12077219039201736","0.12077219039201736","0.12077219039201736","0.09892405569553375","0.09892405569553375","0.09892405569553375","0.0653255507349968","0.0653255507349968","0.0653255507349968","","","","","",""
"5600","0.02156108431518078","0.02156108431518078","0.02156108431518078","0.465593159198761","0.465593159198761","0.465593159198761","0.7144581079483032","0.7144581079483032","0.7144581079483032","0.4732050895690918","0.4732050895690918","0.4732050895690918","0.18405169248580933","0.18405169248580933","0.18405169248580933","0.0836978629231453","0.0836978629231453","0.0836978629231453","0.2891157865524292","0.2891157865524292","0.2891157865524292","0.1315270960330963","0.1315270960330963","0.1315270960330963","0.09215684980154037","0.09215684980154037","0.09215684980154037","","","","","",""
"5610","0.05036057531833649","0.05036057531833649","0.05036057531833649","0.8421311974525452","0.8421311974525452","0.8421311974525452","0.8363829255104065","0.8363829255104065","0.8363829255104065","0.44137734174728394","0.44137734174728394","0.44137734174728394","0.19892460107803345","0.19892460107803345","0.19892460107803345","0.03235967457294464","0.03235967457294464","0.03235967457294464","0.14212553203105927","0.14212553203105927","0.14212553203105927","0.1586855947971344","0.1586855947971344","0.1586855947971344","0.2116980105638504","0.2116980105638504","0.2116980105638504","","","","","",""
"5620","0.04914402961730957","0.04914402961730957","0.04914402961730957","0.42160525918006897","0.42160525918006897","0.42160525918006897","0.4735499918460846","0.4735499918460846","0.4735499918460846","0.40748316049575806","0.40748316049575806","0.40748316049575806","0.1101379320025444","0.1101379320025444","0.1101379320025444","0.04324282705783844","0.04324282705783844","0.04324282705783844","0.27199506759643555","0.27199506759643555","0.27199506759643555","0.06526784598827362","0.06526784598827362","0.06526784598827362","0.062486909329891205","0.062486909329891205","0.062486909329891205","","","","","",""
"5630","0.0005716085433959961","0.0005716085433959961","0.0005716085433959961","0.8006235957145691","0.8006235957145691","0.8006235957145691","0.9390522241592407","0.9390522241592407","0.9390522241592407","0.5462648868560791","0.5462648868560791","0.5462648868560791","0.09529474377632141","0.09529474377632141","0.09529474377632141","0.047920599579811096","0.047920599579811096","0.047920599579811096","0.11302842944860458","0.11302842944860458","0.11302842944860458","0.25188755989074707","0.25188755989074707","0.25188755989074707","0.12103882431983948","0.12103882431983948","0.12103882431983948","","","","","",""
"5640","0.017191961407661438","0.017191961407661438","0.017191961407661438","0.48224180936813354","0.48224180936813354","0.48224180936813354","0.7218694686889648","0.7218694686889648","0.7218694686889648","0.5202898979187012","0.5202898979187012","0.5202898979187012","0.24003392457962036","0.24003392457962036","0.24003392457962036","0.038358815014362335","0.038358815014362335","0.038358815014362335","0.13819897174835205","0.13819897174835205","0.13819897174835205","0.2646189332008362","0.2646189332008362","0.2646189332008362","0.07775711268186569","0.07775711268186569","0.07775711268186569","","","","","",""
"5650","0.007013007998466492","0.007013007998466492","0.007013007998466492","0.5562140941619873","0.5562140941619873","0.5562140941619873","0.6871362924575806","0.6871362924575806","0.6871362924575806","0.7361937165260315","0.7361937165260315","0.7361937165260315","0.1745949536561966","0.1745949536561966","0.1745949536561966","0.06462541967630386","0.06462541967630386","0.06462541967630386","0.16497954726219177","0.16497954726219177","0.16497954726219177","0.07041597366333008","0.07041597366333008","0.07041597366333008","0.09526403248310089","0.09526403248310089","0.09526403248310089","","","","","",""
"5660","0.006388425827026367","0.006388425827026367","0.006388425827026367","0.6125733256340027","0.6125733256340027","0.6125733256340027","0.732835054397583","0.732835054397583","0.732835054397583","0.36681506037712097","0.36681506037712097","0.36681506037712097","0.14041495323181152","0.14041495323181152","0.14041495323181152","0.029278673231601715","0.029278673231601715","0.029278673231601715","0.17183160781860352","0.17183160781860352","0.17183160781860352","0.13975659012794495","0.13975659012794495","0.13975659012794495","0.17835651338100433","0.17835651338100433","0.17835651338100433","","","","","",""
"5670","0.004838360473513603","0.004838360473513603","0.004838360473513603","0.6972455382347107","0.6972455382347107","0.6972455382347107","0.7654126882553101","0.7654126882553101","0.7654126882553101","0.43395334482192993","0.43395334482192993","0.43395334482192993","0.2101084142923355","0.2101084142923355","0.2101084142923355","0.010726762935519218","0.010726762935519218","0.010726762935519218","0.3513043522834778","0.3513043522834778","0.3513043522834778","0.10799284279346466","0.10799284279346466","0.10799284279346466","0.12192630767822266","0.12192630767822266","0.12192630767822266","","","","","",""
"5680","0.0007734764367341995","0.0007734764367341995","0.0007734764367341995","0.5707383155822754","0.5707383155822754","0.5707383155822754","0.8347235918045044","0.8347235918045044","0.8347235918045044","0.4315696954727173","0.4315696954727173","0.4315696954727173","0.23320125043392181","0.23320125043392181","0.23320125043392181","0.040283989161252975","0.040283989161252975","0.040283989161252975","0.4908941388130188","0.4908941388130188","0.4908941388130188","0.3035734295845032","0.3035734295845032","0.3035734295845032","0.0329526886343956","0.0329526886343956","0.0329526886343956","","","","","",""
"5690","0.004652880132198334","0.004652880132198334","0.004652880132198334","0.6043503880500793","0.6043503880500793","0.6043503880500793","0.5960422158241272","0.5960422158241272","0.5960422158241272","0.380773663520813","0.380773663520813","0.380773663520813","0.08114646375179291","0.08114646375179291","0.08114646375179291","0.08038558810949326","0.08038558810949326","0.08038558810949326","0.14788378775119781","0.14788378775119781","0.14788378775119781","0.12982580065727234","0.12982580065727234","0.12982580065727234","0.08859407901763916","0.08859407901763916","0.08859407901763916","","","","","",""
"5700","0.02701372653245926","0.02701372653245926","0.02701372653245926","0.4456830620765686","0.4456830620765686","0.4456830620765686","0.8576982617378235","0.8576982617378235","0.8576982617378235","0.5956014394760132","0.5956014394760132","0.5956014394760132","0.12860719859600067","0.12860719859600067","0.12860719859600067","0.05561128258705139","0.05561128258705139","0.05561128258705139","0.3625375032424927","0.3625375032424927","0.3625375032424927","0.12064603716135025","0.12064603716135025","0.12064603716135025","0.051645390689373016","0.051645390689373016","0.051645390689373016","","","","","",""
"5710","0.006050340831279755","0.006050340831279755","0.006050340831279755","0.4186628460884094","0.4186628460884094","0.4186628460884094","1.1028218269348145","1.1028218269348145","1.1028218269348145","0.38114023208618164","0.38114023208618164","0.38114023208618164","0.0363076850771904","0.0363076850771904","0.0363076850771904","0.03648097813129425","0.03648097813129425","0.03648097813129425","0.24055269360542297","0.24055269360542297","0.24055269360542297","0.0339399129152298","0.0339399129152298","0.0339399129152298","0.137871652841568","0.137871652841568","0.137871652841568","","","","","",""
"5720","0.027548449113965034","0.027548449113965034","0.027548449113965034","0.541603147983551","0.541603147983551","0.541603147983551","0.5578218102455139","0.5578218102455139","0.5578218102455139","0.5264847278594971","0.5264847278594971","0.5264847278594971","0.10635292530059814","0.10635292530059814","0.10635292530059814","0.05031536892056465","0.05031536892056465","0.05031536892056465","0.08547572046518326","0.08547572046518326","0.08547572046518326","0.10004176199436188","0.10004176199436188","0.10004176199436188","0.02506142482161522","0.02506142482161522","0.02506142482161522","","","","","",""
"5730","0.05866019055247307","0.05866019055247307","0.05866019055247307","0.5001447796821594","0.5001447796821594","0.5001447796821594","0.7129526138305664","0.7129526138305664","0.7129526138305664","0.4441341459751129","0.4441341459751129","0.4441341459751129","0.016471434384584427","0.016471434384584427","0.016471434384584427","0.03378429263830185","0.03378429263830185","0.03378429263830185","0.1797589361667633","0.1797589361667633","0.1797589361667633","0.07608901709318161","0.07608901709318161","0.07608901709318161","0.07753447443246841","0.07753447443246841","0.07753447443246841","","","","","",""
"5740","0.007362889125943184","0.007362889125943184","0.007362889125943184","0.26867905259132385","0.26867905259132385","0.26867905259132385","0.562701940536499","0.562701940536499","0.562701940536499","0.5021053552627563","0.5021053552627563","0.5021053552627563","0.12618602812290192","0.12618602812290192","0.12618602812290192","0.054557859897613525","0.054557859897613525","0.054557859897613525","0.13112826645374298","0.13112826645374298","0.13112826645374298","0.11965107172727585","0.11965107172727585","0.11965107172727585","0.11479339748620987","0.11479339748620987","0.11479339748620987","","","","","",""
"5750","0.053663551807403564","0.053663551807403564","0.053663551807403564","0.34664180874824524","0.34664180874824524","0.34664180874824524","0.6899080872535706","0.6899080872535706","0.6899080872535706","0.33244216442108154","0.33244216442108154","0.33244216442108154","0.19175198674201965","0.19175198674201965","0.19175198674201965","0.019359853118658066","0.019359853118658066","0.019359853118658066","0.062467060983181","0.062467060983181","0.062467060983181","0.24525825679302216","0.24525825679302216","0.24525825679302216","0.09789741039276123","0.09789741039276123","0.09789741039276123","","","","","",""
"5760","0.0010318569839000702","0.0010318569839000702","0.0010318569839000702","0.5518288016319275","0.5518288016319275","0.5518288016319275","0.7013475894927979","0.7013475894927979","0.7013475894927979","0.42686647176742554","0.42686647176742554","0.42686647176742554","0.2383366823196411","0.2383366823196411","0.2383366823196411","0.061301339417696","0.061301339417696","0.061301339417696","0.3520793318748474","0.3520793318748474","0.3520793318748474","0.1263122707605362","0.1263122707605362","0.1263122707605362","0.11807756870985031","0.11807756870985031","0.11807756870985031","","","","","",""
"5770","0.0005802642554044724","0.0005802642554044724","0.0005802642554044724","0.2981029748916626","0.2981029748916626","0.2981029748916626","0.8088629245758057","0.8088629245758057","0.8088629245758057","0.3537878692150116","0.3537878692150116","0.3537878692150116","0.20147113502025604","0.20147113502025604","0.20147113502025604","0.05922621488571167","0.05922621488571167","0.05922621488571167","0.10645538568496704","0.10645538568496704","0.10645538568496704","0.1315068155527115","0.1315068155527115","0.1315068155527115","0.06065122038125992","0.06065122038125992","0.06065122038125992","","","","","",""
"5780","0.013021545484662056","0.013021545484662056","0.013021545484662056","0.3799901008605957","0.3799901008605957","0.3799901008605957","1.0293126106262207","1.0293126106262207","1.0293126106262207","0.6057074069976807","0.6057074069976807","0.6057074069976807","0.1143912672996521","0.1143912672996521","0.1143912672996521","0.04050255939364433","0.04050255939364433","0.04050255939364433","0.3219681680202484","0.3219681680202484","0.3219681680202484","0.17802506685256958","0.17802506685256958","0.17802506685256958","0.04101782292127609","0.04101782292127609","0.04101782292127609","","","","","",""
"5790","0.003137139603495598","0.003137139603495598","0.003137139603495598","0.6307618618011475","0.6307618618011475","0.6307618618011475","0.6973201036453247","0.6973201036453247","0.6973201036453247","0.5736932754516602","0.5736932754516602","0.5736932754516602","0.06558899581432343","0.06558899581432343","0.06558899581432343","0.012132406234741211","0.012132406234741211","0.012132406234741211","0.35657331347465515","0.35657331347465515","0.35657331347465515","0.23553045094013214","0.23553045094013214","0.23553045094013214","0.07833561301231384","0.07833561301231384","0.07833561301231384","","","","","",""
"5800","0.0016489425906911492","0.0016489425906911492","0.0016489425906911492","0.19914475083351135","0.19914475083351135","0.19914475083351135","0.49544253945350647","0.49544253945350647","0.49544253945350647","0.7303723692893982","0.7303723692893982","0.7303723692893982","0.09256342053413391","0.09256342053413391","0.09256342053413391","0.2327834963798523","0.2327834963798523","0.2327834963798523","1.1008100509643555","1.1008100509643555","1.1008100509643555","0.06526557356119156","0.06526557356119156","0.06526557356119156","0.7455679178237915","0.7455679178237915","0.7455679178237915","","","","","",""
"5810","0.08402527868747711","0.08402527868747711","0.08402527868747711","0.6213297843933105","0.6213297843933105","0.6213297843933105","0.7144627571105957","0.7144627571105957","0.7144627571105957","0.5700671672821045","0.5700671672821045","0.5700671672821045","0.09442408382892609","0.09442408382892609","0.09442408382892609","0.023501252755522728","0.023501252755522728","0.023501252755522728","0.06737580895423889","0.06737580895423889","0.06737580895423889","0.151428684592247","0.151428684592247","0.151428684592247","0.27050089836120605","0.27050089836120605","0.27050089836120605","","","","","",""
"5820","0.015506232157349586","0.015506232157349586","0.015506232157349586","0.583075761795044","0.583075761795044","0.583075761795044","0.6102195978164673","0.6102195978164673","0.6102195978164673","0.2751138210296631","0.2751138210296631","0.2751138210296631","0.30464792251586914","0.30464792251586914","0.30464792251586914","0.016831083223223686","0.016831083223223686","0.016831083223223686","0.04647640138864517","0.04647640138864517","0.04647640138864517","0.06712688505649567","0.06712688505649567","0.06712688505649567","0.05102355778217316","0.05102355778217316","0.05102355778217316","","","","","",""
"5830","0.023764673620462418","0.023764673620462418","0.023764673620462418","0.2475893199443817","0.2475893199443817","0.2475893199443817","0.8030760884284973","0.8030760884284973","0.8030760884284973","0.35961177945137024","0.35961177945137024","0.35961177945137024","0.05689668655395508","0.05689668655395508","0.05689668655395508","0.13943880796432495","0.13943880796432495","0.13943880796432495","0.14028309285640717","0.14028309285640717","0.14028309285640717","0.08967482298612595","0.08967482298612595","0.08967482298612595","0.12668181955814362","0.12668181955814362","0.12668181955814362","","","","","",""
"5840","0.005368448793888092","0.005368448793888092","0.005368448793888092","0.3653036952018738","0.3653036952018738","0.3653036952018738","0.6122856140136719","0.6122856140136719","0.6122856140136719","0.6732838749885559","0.6732838749885559","0.6732838749885559","0.07989369332790375","0.07989369332790375","0.07989369332790375","0.009817559272050858","0.009817559272050858","0.009817559272050858","0.0533783957362175","0.0533783957362175","0.0533783957362175","0.11050474643707275","0.11050474643707275","0.11050474643707275","0.187601238489151","0.187601238489151","0.187601238489151","","","","","",""
"5850","0.0038819871842861176","0.0038819871842861176","0.0038819871842861176","0.5262721180915833","0.5262721180915833","0.5262721180915833","0.7156655788421631","0.7156655788421631","0.7156655788421631","0.6709675192832947","0.6709675192832947","0.6709675192832947","0.047705408185720444","0.047705408185720444","0.047705408185720444","0.04023858159780502","0.04023858159780502","0.04023858159780502","0.45153215527534485","0.45153215527534485","0.45153215527534485","0.14062783122062683","0.14062783122062683","0.14062783122062683","0.05843845754861832","0.05843845754861832","0.05843845754861832","","","","","",""
"5860","0.023745233193039894","0.023745233193039894","0.023745233193039894","0.4532734155654907","0.4532734155654907","0.4532734155654907","0.554240345954895","0.554240345954895","0.554240345954895","0.5044478178024292","0.5044478178024292","0.5044478178024292","0.18526199460029602","0.18526199460029602","0.18526199460029602","0.04988612234592438","0.04988612234592438","0.04988612234592438","0.20125903189182281","0.20125903189182281","0.20125903189182281","0.21005508303642273","0.21005508303642273","0.21005508303642273","0.0850481241941452","0.0850481241941452","0.0850481241941452","","","","","",""
"5870","0.013828130438923836","0.013828130438923836","0.013828130438923836","0.5764654874801636","0.5764654874801636","0.5764654874801636","0.5825502872467041","0.5825502872467041","0.5825502872467041","0.4654184579849243","0.4654184579849243","0.4654184579849243","0.05312813073396683","0.05312813073396683","0.05312813073396683","0.08866670727729797","0.08866670727729797","0.08866670727729797","0.1124369353055954","0.1124369353055954","0.1124369353055954","0.06948147714138031","0.06948147714138031","0.06948147714138031","0.05084419250488281","0.05084419250488281","0.05084419250488281","","","","","",""
"5880","0.004972320050001144","0.004972320050001144","0.004972320050001144","0.3300837278366089","0.3300837278366089","0.3300837278366089","0.8636171817779541","0.8636171817779541","0.8636171817779541","0.571810781955719","0.571810781955719","0.571810781955719","0.0601080060005188","0.0601080060005188","0.0601080060005188","0.1249832957983017","0.1249832957983017","0.1249832957983017","0.15379132330417633","0.15379132330417633","0.15379132330417633","0.25180143117904663","0.25180143117904663","0.25180143117904663","0.06872783601284027","0.06872783601284027","0.06872783601284027","","","","","",""
"5890","0.11701111495494843","0.11701111495494843","0.11701111495494843","0.6011942625045776","0.6011942625045776","0.6011942625045776","0.8206629753112793","0.8206629753112793","0.8206629753112793","0.5179826021194458","0.5179826021194458","0.5179826021194458","0.10350784659385681","0.10350784659385681","0.10350784659385681","0.003221120685338974","0.003221120685338974","0.003221120685338974","0.20710770785808563","0.20710770785808563","0.20710770785808563","0.17863836884498596","0.17863836884498596","0.17863836884498596","0.12121216952800751","0.12121216952800751","0.12121216952800751","","","","","",""
"5900","0.005443735048174858","0.005443735048174858","0.005443735048174858","0.47486209869384766","0.47486209869384766","0.47486209869384766","0.7202543616294861","0.7202543616294861","0.7202543616294861","0.4790172874927521","0.4790172874927521","0.4790172874927521","0.07157763838768005","0.07157763838768005","0.07157763838768005","0.040306057780981064","0.040306057780981064","0.040306057780981064","0.2078908532857895","0.2078908532857895","0.2078908532857895","0.09365867078304291","0.09365867078304291","0.09365867078304291","0.08637577295303345","0.08637577295303345","0.08637577295303345","","","","","",""
"5910","0.00009257346391677856","0.00009257346391677856","0.00009257346391677856","0.275748610496521","0.275748610496521","0.275748610496521","0.6307551860809326","0.6307551860809326","0.6307551860809326","0.42238926887512207","0.42238926887512207","0.42238926887512207","0.23734475672245026","0.23734475672245026","0.23734475672245026","0.052057258784770966","0.052057258784770966","0.052057258784770966","0.14278149604797363","0.14278149604797363","0.14278149604797363","0.059269554913043976","0.059269554913043976","0.059269554913043976","0.025025874376296997","0.025025874376296997","0.025025874376296997","","","","","",""
"5920","0.050907157361507416","0.050907157361507416","0.050907157361507416","0.3446624279022217","0.3446624279022217","0.3446624279022217","0.9692363739013672","0.9692363739013672","0.9692363739013672","0.4141361713409424","0.4141361713409424","0.4141361713409424","0.06764894723892212","0.06764894723892212","0.06764894723892212","0.030161762610077858","0.030161762610077858","0.030161762610077858","0.35678648948669434","0.35678648948669434","0.35678648948669434","0.13907268643379211","0.13907268643379211","0.13907268643379211","0.18270091712474823","0.18270091712474823","0.18270091712474823","","","","","",""
"5930","0.018345149233937263","0.018345149233937263","0.018345149233937263","0.48978403210639954","0.48978403210639954","0.48978403210639954","0.909177839756012","0.909177839756012","0.909177839756012","0.433366060256958","0.433366060256958","0.433366060256958","0.17504222691059113","0.17504222691059113","0.17504222691059113","0.03689499944448471","0.03689499944448471","0.03689499944448471","0.23295250535011292","0.23295250535011292","0.23295250535011292","0.03871343284845352","0.03871343284845352","0.03871343284845352","0.05814648047089577","0.05814648047089577","0.05814648047089577","","","","","",""
"5940","0.017981797456741333","0.017981797456741333","0.017981797456741333","0.47727808356285095","0.47727808356285095","0.47727808356285095","0.7254310250282288","0.7254310250282288","0.7254310250282288","0.38896849751472473","0.38896849751472473","0.38896849751472473","0.079830102622509","0.079830102622509","0.079830102622509","0.011618394404649734","0.011618394404649734","0.011618394404649734","0.1163637563586235","0.1163637563586235","0.1163637563586235","0.08531250804662704","0.08531250804662704","0.08531250804662704","0.0733528658747673","0.0733528658747673","0.0733528658747673","","","","","",""
"5950","0.07059264928102493","0.07059264928102493","0.07059264928102493","0.6112185716629028","0.6112185716629028","0.6112185716629028","0.790450930595398","0.790450930595398","0.790450930595398","0.3664442002773285","0.3664442002773285","0.3664442002773285","0.041008345782756805","0.041008345782756805","0.041008345782756805","0.060824085026979446","0.060824085026979446","0.060824085026979446","0.2386757731437683","0.2386757731437683","0.2386757731437683","0.0670274943113327","0.0670274943113327","0.0670274943113327","0.023307401686906815","0.023307401686906815","0.023307401686906815","","","","","",""
"5960","0.03835570067167282","0.03835570067167282","0.03835570067167282","0.4710424244403839","0.4710424244403839","0.4710424244403839","0.5668549537658691","0.5668549537658691","0.5668549537658691","0.3832416534423828","0.3832416534423828","0.3832416534423828","0.10305967926979065","0.10305967926979065","0.10305967926979065","0.07876076549291611","0.07876076549291611","0.07876076549291611","0.06385335326194763","0.06385335326194763","0.06385335326194763","0.11807305365800858","0.11807305365800858","0.11807305365800858","0.0243275947868824","0.0243275947868824","0.0243275947868824","","","","","",""
"5970","0.007885241881012917","0.007885241881012917","0.007885241881012917","0.4286344051361084","0.4286344051361084","0.4286344051361084","0.6132670044898987","0.6132670044898987","0.6132670044898987","0.29744136333465576","0.29744136333465576","0.29744136333465576","0.10308409482240677","0.10308409482240677","0.10308409482240677","0.029524367302656174","0.029524367302656174","0.029524367302656174","0.1794310361146927","0.1794310361146927","0.1794310361146927","0.047105420380830765","0.047105420380830765","0.047105420380830765","0.09000835567712784","0.09000835567712784","0.09000835567712784","","","","","",""
"5980","0.016379110515117645","0.016379110515117645","0.016379110515117645","0.6669482588768005","0.6669482588768005","0.6669482588768005","0.5198661684989929","0.5198661684989929","0.5198661684989929","0.39986497163772583","0.39986497163772583","0.39986497163772583","0.04335416108369827","0.04335416108369827","0.04335416108369827","0.058322735130786896","0.058322735130786896","0.058322735130786896","0.1158742755651474","0.1158742755651474","0.1158742755651474","0.1259477138519287","0.1259477138519287","0.1259477138519287","0.05735178664326668","0.05735178664326668","0.05735178664326668","","","","","",""
"5990","0.05278371274471283","0.05278371274471283","0.05278371274471283","0.201243057847023","0.201243057847023","0.201243057847023","0.4773462116718292","0.4773462116718292","0.4773462116718292","0.419483482837677","0.419483482837677","0.419483482837677","0.19196712970733643","0.19196712970733643","0.19196712970733643","0.13633325695991516","0.13633325695991516","0.13633325695991516","0.09505648910999298","0.09505648910999298","0.09505648910999298","0.06091822683811188","0.06091822683811188","0.06091822683811188","0.057945236563682556","0.057945236563682556","0.057945236563682556","","","","","",""
"6000","0.02777985855937004","0.02777985855937004","0.02777985855937004","0.4442020356655121","0.4442020356655121","0.4442020356655121","0.7071906328201294","0.7071906328201294","0.7071906328201294","0.45553722977638245","0.45553722977638245","0.45553722977638245","0.20301249623298645","0.20301249623298645","0.20301249623298645","0.03912196680903435","0.03912196680903435","0.03912196680903435","0.2954811155796051","0.2954811155796051","0.2954811155796051","0.060623422265052795","0.060623422265052795","0.060623422265052795","0.18831215798854828","0.18831215798854828","0.18831215798854828","","","","","",""
"6010","0.1310291886329651","0.1310291886329651","0.1310291886329651","0.4819639325141907","0.4819639325141907","0.4819639325141907","0.6351877450942993","0.6351877450942993","0.6351877450942993","0.7004222869873047","0.7004222869873047","0.7004222869873047","0.15853387117385864","0.15853387117385864","0.15853387117385864","0.03263077139854431","0.03263077139854431","0.03263077139854431","0.37195658683776855","0.37195658683776855","0.37195658683776855","0.04691794514656067","0.04691794514656067","0.04691794514656067","0.03525004908442497","0.03525004908442497","0.03525004908442497","","","","","",""
"6020","0.003396298736333847","0.003396298736333847","0.003396298736333847","0.4345448613166809","0.4345448613166809","0.4345448613166809","0.6428863406181335","0.6428863406181335","0.6428863406181335","0.28700804710388184","0.28700804710388184","0.28700804710388184","0.07499151676893234","0.07499151676893234","0.07499151676893234","0.010921940207481384","0.010921940207481384","0.010921940207481384","0.2222515195608139","0.2222515195608139","0.2222515195608139","0.1199973002076149","0.1199973002076149","0.1199973002076149","0.13474297523498535","0.13474297523498535","0.13474297523498535","","","","","",""
"6030","0.04719272255897522","0.04719272255897522","0.04719272255897522","0.28507131338119507","0.28507131338119507","0.28507131338119507","0.6947252750396729","0.6947252750396729","0.6947252750396729","0.40200167894363403","0.40200167894363403","0.40200167894363403","0.16341255605220795","0.16341255605220795","0.16341255605220795","0.06641086935997009","0.06641086935997009","0.06641086935997009","0.16659408807754517","0.16659408807754517","0.16659408807754517","0.07140745967626572","0.07140745967626572","0.07140745967626572","0.08829080313444138","0.08829080313444138","0.08829080313444138","","","","","",""
"6040","0.09331101179122925","0.09331101179122925","0.09331101179122925","0.4158446788787842","0.4158446788787842","0.4158446788787842","0.650769829750061","0.650769829750061","0.650769829750061","0.2046797275543213","0.2046797275543213","0.2046797275543213","0.08024709671735764","0.08024709671735764","0.08024709671735764","0.04505275934934616","0.04505275934934616","0.04505275934934616","0.1080043688416481","0.1080043688416481","0.1080043688416481","0.09431634843349457","0.09431634843349457","0.09431634843349457","0.17234131693840027","0.17234131693840027","0.17234131693840027","","","","","",""
"6050","0.0050405897200107574","0.0050405897200107574","0.0050405897200107574","0.26466700434684753","0.26466700434684753","0.26466700434684753","0.5671212673187256","0.5671212673187256","0.5671212673187256","0.3582029342651367","0.3582029342651367","0.3582029342651367","0.01907445304095745","0.01907445304095745","0.01907445304095745","0.008881337940692902","0.008881337940692902","0.008881337940692902","0.18448406457901","0.18448406457901","0.18448406457901","0.06478621065616608","0.06478621065616608","0.06478621065616608","0.04083891212940216","0.04083891212940216","0.04083891212940216","","","","","",""
"6060","0.002844473347067833","0.002844473347067833","0.002844473347067833","0.5309451818466187","0.5309451818466187","0.5309451818466187","0.7503006458282471","0.7503006458282471","0.7503006458282471","0.38966238498687744","0.38966238498687744","0.38966238498687744","0.09291289746761322","0.09291289746761322","0.09291289746761322","0.01776111125946045","0.01776111125946045","0.01776111125946045","0.14232419431209564","0.14232419431209564","0.14232419431209564","0.06413298845291138","0.06413298845291138","0.06413298845291138","0.06719661504030228","0.06719661504030228","0.06719661504030228","","","","","",""
"6070","0.027150506153702736","0.027150506153702736","0.027150506153702736","0.5306016802787781","0.5306016802787781","0.5306016802787781","0.8444716334342957","0.8444716334342957","0.8444716334342957","0.3189556896686554","0.3189556896686554","0.3189556896686554","0.004304349422454834","0.004304349422454834","0.004304349422454834","0.18865510821342468","0.18865510821342468","0.18865510821342468","0.12577615678310394","0.12577615678310394","0.12577615678310394","0.1933022141456604","0.1933022141456604","0.1933022141456604","0.06864043325185776","0.06864043325185776","0.06864043325185776","","","","","",""
"6080","0.0011875126510858536","0.0011875126510858536","0.0011875126510858536","0.5144182443618774","0.5144182443618774","0.5144182443618774","0.9336132407188416","0.9336132407188416","0.9336132407188416","0.3874496817588806","0.3874496817588806","0.3874496817588806","0.0481056272983551","0.0481056272983551","0.0481056272983551","0.031046457588672638","0.031046457588672638","0.031046457588672638","0.1640297919511795","0.1640297919511795","0.1640297919511795","0.17006003856658936","0.17006003856658936","0.17006003856658936","0.14915154874324799","0.14915154874324799","0.14915154874324799","","","","","",""
"6090","0.010956520214676857","0.010956520214676857","0.010956520214676857","0.47908928990364075","0.47908928990364075","0.47908928990364075","0.8465336561203003","0.8465336561203003","0.8465336561203003","0.8093315362930298","0.8093315362930298","0.8093315362930298","0.2818277180194855","0.2818277180194855","0.2818277180194855","0.05834817886352539","0.05834817886352539","0.05834817886352539","0.32130953669548035","0.32130953669548035","0.32130953669548035","0.09379015862941742","0.09379015862941742","0.09379015862941742","0.10845838487148285","0.10845838487148285","0.10845838487148285","","","","","",""
"6100","0.006190873682498932","0.006190873682498932","0.006190873682498932","0.3267780542373657","0.3267780542373657","0.3267780542373657","0.4764123857021332","0.4764123857021332","0.4764123857021332","0.44940385222435","0.44940385222435","0.44940385222435","0.058528654277324677","0.058528654277324677","0.058528654277324677","0.02783329226076603","0.02783329226076603","0.02783329226076603","0.08847415447235107","0.08847415447235107","0.08847415447235107","0.14483816921710968","0.14483816921710968","0.14483816921710968","0.12053965032100677","0.12053965032100677","0.12053965032100677","","","","","",""
"6110","0.13214413821697235","0.13214413821697235","0.13214413821697235","0.3869706392288208","0.3869706392288208","0.3869706392288208","0.5008139610290527","0.5008139610290527","0.5008139610290527","0.5670911073684692","0.5670911073684692","0.5670911073684692","0.030607489868998528","0.030607489868998528","0.030607489868998528","0.13523493707180023","0.13523493707180023","0.13523493707180023","0.1453826129436493","0.1453826129436493","0.1453826129436493","0.11130530387163162","0.11130530387163162","0.11130530387163162","0.18508826196193695","0.18508826196193695","0.18508826196193695","","","","","",""
"6120","0.001685258001089096","0.001685258001089096","0.001685258001089096","0.37361592054367065","0.37361592054367065","0.37361592054367065","0.6036810874938965","0.6036810874938965","0.6036810874938965","0.3418020009994507","0.3418020009994507","0.3418020009994507","0.10893024504184723","0.10893024504184723","0.10893024504184723","0.009980088099837303","0.009980088099837303","0.009980088099837303","0.17430958151817322","0.17430958151817322","0.17430958151817322","0.06336577236652374","0.06336577236652374","0.06336577236652374","0.03510390222072601","0.03510390222072601","0.03510390222072601","","","","","",""
"6130","0.016011230647563934","0.016011230647563934","0.016011230647563934","0.3805401623249054","0.3805401623249054","0.3805401623249054","0.6537670493125916","0.6537670493125916","0.6537670493125916","0.3759724795818329","0.3759724795818329","0.3759724795818329","0.07979800552129745","0.07979800552129745","0.07979800552129745","0.01447172649204731","0.01447172649204731","0.01447172649204731","0.06669162213802338","0.06669162213802338","0.06669162213802338","0.045069530606269836","0.045069530606269836","0.045069530606269836","0.15635806322097778","0.15635806322097778","0.15635806322097778","","","","","",""
"6140","0.09911574423313141","0.09911574423313141","0.09911574423313141","0.1762247085571289","0.1762247085571289","0.1762247085571289","0.6978732347488403","0.6978732347488403","0.6978732347488403","0.425572007894516","0.425572007894516","0.425572007894516","0.193893164396286","0.193893164396286","0.193893164396286","0.00539809837937355","0.00539809837937355","0.00539809837937355","0.2079484462738037","0.2079484462738037","0.2079484462738037","0.09087233245372772","0.09087233245372772","0.09087233245372772","0.028652241453528404","0.028652241453528404","0.028652241453528404","","","","","",""
"6150","0.003032611683011055","0.003032611683011055","0.003032611683011055","0.46633386611938477","0.46633386611938477","0.46633386611938477","0.6698790788650513","0.6698790788650513","0.6698790788650513","0.34517601132392883","0.34517601132392883","0.34517601132392883","0.02897908166050911","0.02897908166050911","0.02897908166050911","0.009468989446759224","0.009468989446759224","0.009468989446759224","0.08181829005479813","0.08181829005479813","0.08181829005479813","0.1562119424343109","0.1562119424343109","0.1562119424343109","0.05565789341926575","0.05565789341926575","0.05565789341926575","","","","","",""
"6160","0.0175175704061985","0.0175175704061985","0.0175175704061985","0.1398783177137375","0.1398783177137375","0.1398783177137375","0.5419508814811707","0.5419508814811707","0.5419508814811707","0.4016345143318176","0.4016345143318176","0.4016345143318176","0.0730796605348587","0.0730796605348587","0.0730796605348587","0.019598450511693954","0.019598450511693954","0.019598450511693954","0.1431390941143036","0.1431390941143036","0.1431390941143036","0.06420733779668808","0.06420733779668808","0.06420733779668808","0.05872735008597374","0.05872735008597374","0.05872735008597374","","","","","",""
"6170","0.032938819378614426","0.032938819378614426","0.032938819378614426","0.3591724634170532","0.3591724634170532","0.3591724634170532","0.5122853517532349","0.5122853517532349","0.5122853517532349","0.31084418296813965","0.31084418296813965","0.31084418296813965","0.06383343786001205","0.06383343786001205","0.06383343786001205","0.03493192791938782","0.03493192791938782","0.03493192791938782","0.21409307420253754","0.21409307420253754","0.21409307420253754","0.23376475274562836","0.23376475274562836","0.23376475274562836","0.11142108589410782","0.11142108589410782","0.11142108589410782","","","","","",""
"6180","0.00031189434230327606","0.00031189434230327606","0.00031189434230327606","0.37817105650901794","0.37817105650901794","0.37817105650901794","0.6229720115661621","0.6229720115661621","0.6229720115661621","0.24275687336921692","0.24275687336921692","0.24275687336921692","0.0677156001329422","0.0677156001329422","0.0677156001329422","0.03785153105854988","0.03785153105854988","0.03785153105854988","0.2006692886352539","0.2006692886352539","0.2006692886352539","0.16138656437397003","0.16138656437397003","0.16138656437397003","0.10932831466197968","0.10932831466197968","0.10932831466197968","","","","","",""
"6190","0.009660540148615837","0.009660540148615837","0.009660540148615837","0.4121832847595215","0.4121832847595215","0.4121832847595215","0.6320416927337646","0.6320416927337646","0.6320416927337646","0.59624183177948","0.59624183177948","0.59624183177948","0.02072523906826973","0.02072523906826973","0.02072523906826973","0.09462762624025345","0.09462762624025345","0.09462762624025345","0.09803669154644012","0.09803669154644012","0.09803669154644012","0.17300938069820404","0.17300938069820404","0.17300938069820404","0.03640424832701683","0.03640424832701683","0.03640424832701683","","","","","",""
"6200","0.0037621241062879562","0.0037621241062879562","0.0037621241062879562","0.46177220344543457","0.46177220344543457","0.46177220344543457","0.6261459589004517","0.6261459589004517","0.6261459589004517","0.3599202036857605","0.3599202036857605","0.3599202036857605","0.04062916338443756","0.04062916338443756","0.04062916338443756","0.038837652653455734","0.038837652653455734","0.038837652653455734","0.09362039715051651","0.09362039715051651","0.09362039715051651","0.11775311827659607","0.11775311827659607","0.11775311827659607","0.036226242780685425","0.036226242780685425","0.036226242780685425","","","","","",""
"6210","0.0011595133692026138","0.0011595133692026138","0.0011595133692026138","0.4615193009376526","0.4615193009376526","0.4615193009376526","0.6940667033195496","0.6940667033195496","0.6940667033195496","0.33738863468170166","0.33738863468170166","0.33738863468170166","0.08122850209474564","0.08122850209474564","0.08122850209474564","0.01620306260883808","0.01620306260883808","0.01620306260883808","0.03807162493467331","0.03807162493467331","0.03807162493467331","0.05557408183813095","0.05557408183813095","0.05557408183813095","0.06748706847429276","0.06748706847429276","0.06748706847429276","","","","","",""
"6220","0.0011409111320972443","0.0011409111320972443","0.0011409111320972443","0.5745730400085449","0.5745730400085449","0.5745730400085449","0.5595074892044067","0.5595074892044067","0.5595074892044067","0.5092315673828125","0.5092315673828125","0.5092315673828125","0.08427774161100388","0.08427774161100388","0.08427774161100388","0.07221352308988571","0.07221352308988571","0.07221352308988571","0.13436290621757507","0.13436290621757507","0.13436290621757507","0.05359971150755882","0.05359971150755882","0.05359971150755882","0.09325151890516281","0.09325151890516281","0.09325151890516281","","","","","",""
"6230","0.0011557694524526596","0.0011557694524526596","0.0011557694524526596","0.544251024723053","0.544251024723053","0.544251024723053","0.7517234086990356","0.7517234086990356","0.7517234086990356","0.31776922941207886","0.31776922941207886","0.31776922941207886","0.045040957629680634","0.045040957629680634","0.045040957629680634","0.023618431761860847","0.023618431761860847","0.023618431761860847","0.11771884560585022","0.11771884560585022","0.11771884560585022","0.023219719529151917","0.023219719529151917","0.023219719529151917","0.018107421696186066","0.018107421696186066","0.018107421696186066","","","","","",""
"6240","0.000832555815577507","0.000832555815577507","0.000832555815577507","0.5711897611618042","0.5711897611618042","0.5711897611618042","0.6225987672805786","0.6225987672805786","0.6225987672805786","0.6363666653633118","0.6363666653633118","0.6363666653633118","0.029597382992506027","0.029597382992506027","0.029597382992506027","0.0323849581182003","0.0323849581182003","0.0323849581182003","0.24621321260929108","0.24621321260929108","0.24621321260929108","0.19975781440734863","0.19975781440734863","0.19975781440734863","0.12083965539932251","0.12083965539932251","0.12083965539932251","","","","","",""
"6250","0.13615180552005768","0.13615180552005768","0.13615180552005768","0.42841213941574097","0.42841213941574097","0.42841213941574097","0.5673218369483948","0.5673218369483948","0.5673218369483948","0.40035149455070496","0.40035149455070496","0.40035149455070496","0.03207536041736603","0.03207536041736603","0.03207536041736603","0.03159718960523605","0.03159718960523605","0.03159718960523605","0.0758061408996582","0.0758061408996582","0.0758061408996582","0.028362303972244263","0.028362303972244263","0.028362303972244263","0.10383491963148117","0.10383491963148117","0.10383491963148117","","","","","",""
"6260","0.0010294858366250992","0.0010294858366250992","0.0010294858366250992","0.4048672914505005","0.4048672914505005","0.4048672914505005","0.4774784445762634","0.4774784445762634","0.4774784445762634","0.5724467039108276","0.5724467039108276","0.5724467039108276","0.08604840189218521","0.08604840189218521","0.08604840189218521","0.0413532629609108","0.0413532629609108","0.0413532629609108","0.16881020367145538","0.16881020367145538","0.16881020367145538","0.14499656856060028","0.14499656856060028","0.14499656856060028","0.1491185426712036","0.1491185426712036","0.1491185426712036","","","","","",""
"6270","0.0012684687972068787","0.0012684687972068787","0.0012684687972068787","0.34995174407958984","0.34995174407958984","0.34995174407958984","0.6367846131324768","0.6367846131324768","0.6367846131324768","0.31470105051994324","0.31470105051994324","0.31470105051994324","0.14875301718711853","0.14875301718711853","0.14875301718711853","0.02782408893108368","0.02782408893108368","0.02782408893108368","0.1525733470916748","0.1525733470916748","0.1525733470916748","0.10390670597553253","0.10390670597553253","0.10390670597553253","0.030548162758350372","0.030548162758350372","0.030548162758350372","","","","","",""
"6280","0.005978209897875786","0.005978209897875786","0.005978209897875786","0.2656700611114502","0.2656700611114502","0.2656700611114502","0.5442451238632202","0.5442451238632202","0.5442451238632202","0.2675814628601074","0.2675814628601074","0.2675814628601074","0.06546586751937866","0.06546586751937866","0.06546586751937866","0.051494061946868896","0.051494061946868896","0.051494061946868896","0.12937870621681213","0.12937870621681213","0.12937870621681213","0.10218646377325058","0.10218646377325058","0.10218646377325058","0.0680910050868988","0.0680910050868988","0.0680910050868988","","","","","",""
"6290","0.004504317417740822","0.004504317417740822","0.004504317417740822","0.3682505786418915","0.3682505786418915","0.3682505786418915","0.6004891991615295","0.6004891991615295","0.6004891991615295","0.4711909890174866","0.4711909890174866","0.4711909890174866","0.03686637058854103","0.03686637058854103","0.03686637058854103","0.04079991206526756","0.04079991206526756","0.04079991206526756","0.1108492910861969","0.1108492910861969","0.1108492910861969","0.16701607406139374","0.16701607406139374","0.16701607406139374","0.1016775593161583","0.1016775593161583","0.1016775593161583","","","","","",""
"6300","0.0013617705553770065","0.0013617705553770065","0.0013617705553770065","0.15539543330669403","0.15539543330669403","0.15539543330669403","0.822623610496521","0.822623610496521","0.822623610496521","0.3954924941062927","0.3954924941062927","0.3954924941062927","0.06425508856773376","0.06425508856773376","0.06425508856773376","0.029560549184679985","0.029560549184679985","0.029560549184679985","0.17322209477424622","0.17322209477424622","0.17322209477424622","0.05618250370025635","0.05618250370025635","0.05618250370025635","0.1316433995962143","0.1316433995962143","0.1316433995962143","","","","","",""
"6310","0.0009272359311580658","0.0009272359311580658","0.0009272359311580658","0.36841291189193726","0.36841291189193726","0.36841291189193726","0.6191836595535278","0.6191836595535278","0.6191836595535278","0.3017120659351349","0.3017120659351349","0.3017120659351349","0.15514321625232697","0.15514321625232697","0.15514321625232697","0.0055335164070129395","0.0055335164070129395","0.0055335164070129395","0.14973857998847961","0.14973857998847961","0.14973857998847961","0.12904691696166992","0.12904691696166992","0.12904691696166992","0.011606002226471901","0.011606002226471901","0.011606002226471901","","","","","",""
"6320","0.01072659157216549","0.01072659157216549","0.01072659157216549","0.4882647395133972","0.4882647395133972","0.4882647395133972","0.7229433059692383","0.7229433059692383","0.7229433059692383","0.3504491150379181","0.3504491150379181","0.3504491150379181","0.07941491901874542","0.07941491901874542","0.07941491901874542","0.028095221146941185","0.028095221146941185","0.028095221146941185","0.07230384647846222","0.07230384647846222","0.07230384647846222","0.07712794840335846","0.07712794840335846","0.07712794840335846","0.014721335843205452","0.014721335843205452","0.014721335843205452","","","","","",""
"6330","0.0007441379129886627","0.0007441379129886627","0.0007441379129886627","0.4994325041770935","0.4994325041770935","0.4994325041770935","0.5608403086662292","0.5608403086662292","0.5608403086662292","0.41821354627609253","0.41821354627609253","0.41821354627609253","0.22972550988197327","0.22972550988197327","0.22972550988197327","0.00573628768324852","0.00573628768324852","0.00573628768324852","0.07571130245923996","0.07571130245923996","0.07571130245923996","0.13658371567726135","0.13658371567726135","0.13658371567726135","0.08112359046936035","0.08112359046936035","0.08112359046936035","","","","","",""
"6340","0.00013009458780288696","0.00013009458780288696","0.00013009458780288696","0.4509600102901459","0.4509600102901459","0.4509600102901459","0.6770351529121399","0.6770351529121399","0.6770351529121399","0.2507352828979492","0.2507352828979492","0.2507352828979492","0.05829539895057678","0.05829539895057678","0.05829539895057678","0.051699914038181305","0.051699914038181305","0.051699914038181305","0.09325627982616425","0.09325627982616425","0.09325627982616425","0.04744461923837662","0.04744461923837662","0.04744461923837662","0.022849736735224724","0.022849736735224724","0.022849736735224724","","","","","",""
"6350","0.00045133568346500397","0.00045133568346500397","0.00045133568346500397","0.3522084355354309","0.3522084355354309","0.3522084355354309","0.8395850658416748","0.8395850658416748","0.8395850658416748","0.18392957746982574","0.18392957746982574","0.18392957746982574","0.13811282813549042","0.13811282813549042","0.13811282813549042","0.025883952155709267","0.025883952155709267","0.025883952155709267","0.18433493375778198","0.18433493375778198","0.18433493375778198","0.06959991157054901","0.06959991157054901","0.06959991157054901","0.1317991316318512","0.1317991316318512","0.1317991316318512","","","","","",""
"6360","0.0014468804001808167","0.0014468804001808167","0.0014468804001808167","0.39070484042167664","0.39070484042167664","0.39070484042167664","0.7431144118309021","0.7431144118309021","0.7431144118309021","0.4534953832626343","0.4534953832626343","0.4534953832626343","0.15455351769924164","0.15455351769924164","0.15455351769924164","0.019110357388854027","0.019110357388854027","0.019110357388854027","0.08071322739124298","0.08071322739124298","0.08071322739124298","0.07911639660596848","0.07911639660596848","0.07911639660596848","0.12689624726772308","0.12689624726772308","0.12689624726772308","","","","","",""
"6370","0.009461365640163422","0.009461365640163422","0.009461365640163422","0.2604809105396271","0.2604809105396271","0.2604809105396271","0.6551293134689331","0.6551293134689331","0.6551293134689331","0.5505497455596924","0.5505497455596924","0.5505497455596924","0.07980417460203171","0.07980417460203171","0.07980417460203171","0.03581874445080757","0.03581874445080757","0.03581874445080757","0.3378182053565979","0.3378182053565979","0.3378182053565979","0.16482876241207123","0.16482876241207123","0.16482876241207123","0.09219419211149216","0.09219419211149216","0.09219419211149216","","","","","",""
"6380","0.010294255800545216","0.010294255800545216","0.010294255800545216","0.33704015612602234","0.33704015612602234","0.33704015612602234","0.750766932964325","0.750766932964325","0.750766932964325","0.6307088732719421","0.6307088732719421","0.6307088732719421","0.07101701200008392","0.07101701200008392","0.07101701200008392","0.28127437829971313","0.28127437829971313","0.28127437829971313","0.5363255739212036","0.5363255739212036","0.5363255739212036","0.08192963153123856","0.08192963153123856","0.08192963153123856","0.1864439696073532","0.1864439696073532","0.1864439696073532","","","","","",""
"6390","0.0036031045019626617","0.0036031045019626617","0.0036031045019626617","0.2770412266254425","0.2770412266254425","0.2770412266254425","0.8536810278892517","0.8536810278892517","0.8536810278892517","0.3356534540653229","0.3356534540653229","0.3356534540653229","0.03556720167398453","0.03556720167398453","0.03556720167398453","0.06717123836278915","0.06717123836278915","0.06717123836278915","0.1294797956943512","0.1294797956943512","0.1294797956943512","0.040491774678230286","0.040491774678230286","0.040491774678230286","0.16129270195960999","0.16129270195960999","0.16129270195960999","","","","","",""
"6400","0.003722177818417549","0.003722177818417549","0.003722177818417549","0.29150089621543884","0.29150089621543884","0.29150089621543884","0.6106997728347778","0.6106997728347778","0.6106997728347778","0.3066352605819702","0.3066352605819702","0.3066352605819702","0.10678991675376892","0.10678991675376892","0.10678991675376892","0.0071831680834293365","0.0071831680834293365","0.0071831680834293365","0.1630849987268448","0.1630849987268448","0.1630849987268448","0.06836332380771637","0.06836332380771637","0.06836332380771637","0.07512291520833969","0.07512291520833969","0.07512291520833969","","","","","",""
"6410","0.0004811994731426239","0.0004811994731426239","0.0004811994731426239","0.3956841826438904","0.3956841826438904","0.3956841826438904","0.6327828168869019","0.6327828168869019","0.6327828168869019","0.41118907928466797","0.41118907928466797","0.41118907928466797","0.2164802998304367","0.2164802998304367","0.2164802998304367","0.035756662487983704","0.035756662487983704","0.035756662487983704","0.16947372257709503","0.16947372257709503","0.16947372257709503","0.06548964977264404","0.06548964977264404","0.06548964977264404","0.10848630964756012","0.10848630964756012","0.10848630964756012","","","","","",""
"6420","0.006744666025042534","0.006744666025042534","0.006744666025042534","0.3064820468425751","0.3064820468425751","0.3064820468425751","0.7237514853477478","0.7237514853477478","0.7237514853477478","0.3103659749031067","0.3103659749031067","0.3103659749031067","0.06152395159006119","0.06152395159006119","0.06152395159006119","0.04011159390211105","0.04011159390211105","0.04011159390211105","0.17278043925762177","0.17278043925762177","0.17278043925762177","0.05041127651929855","0.05041127651929855","0.05041127651929855","0.0784141793847084","0.0784141793847084","0.0784141793847084","","","","","",""
"6430","0.005257127806544304","0.005257127806544304","0.005257127806544304","0.45334798097610474","0.45334798097610474","0.45334798097610474","0.7266573905944824","0.7266573905944824","0.7266573905944824","0.3782883882522583","0.3782883882522583","0.3782883882522583","0.10507719218730927","0.10507719218730927","0.10507719218730927","0.020532552152872086","0.020532552152872086","0.020532552152872086","0.2275225669145584","0.2275225669145584","0.2275225669145584","0.09616227447986603","0.09616227447986603","0.09616227447986603","0.03329287841916084","0.03329287841916084","0.03329287841916084","","","","","",""
"6440","0.031176382675766945","0.031176382675766945","0.031176382675766945","0.49915823340415955","0.49915823340415955","0.49915823340415955","0.5921509861946106","0.5921509861946106","0.5921509861946106","0.3996996283531189","0.3996996283531189","0.3996996283531189","0.14915098249912262","0.14915098249912262","0.14915098249912262","0.053367286920547485","0.053367286920547485","0.053367286920547485","0.15331900119781494","0.15331900119781494","0.15331900119781494","0.056160807609558105","0.056160807609558105","0.056160807609558105","0.10848166048526764","0.10848166048526764","0.10848166048526764","","","","","",""
"6450","0.0017412621527910233","0.0017412621527910233","0.0017412621527910233","0.5239843130111694","0.5239843130111694","0.5239843130111694","0.6114487051963806","0.6114487051963806","0.6114487051963806","0.2965549826622009","0.2965549826622009","0.2965549826622009","0.08459313958883286","0.08459313958883286","0.08459313958883286","0.06111305207014084","0.06111305207014084","0.06111305207014084","0.1065412238240242","0.1065412238240242","0.1065412238240242","0.07143547385931015","0.07143547385931015","0.07143547385931015","0.02954559028148651","0.02954559028148651","0.02954559028148651","","","","","",""
"6460","0.0005714148283004761","0.0005714148283004761","0.0005714148283004761","0.29230353236198425","0.29230353236198425","0.29230353236198425","0.712715208530426","0.712715208530426","0.712715208530426","0.15184399485588074","0.15184399485588074","0.15184399485588074","0.06470344960689545","0.06470344960689545","0.06470344960689545","0.052293889224529266","0.052293889224529266","0.052293889224529266","0.1655902862548828","0.1655902862548828","0.1655902862548828","0.025962980464100838","0.025962980464100838","0.025962980464100838","0.02193642221391201","0.02193642221391201","0.02193642221391201","","","","","",""
"6470","0.00023269839584827423","0.00023269839584827423","0.00023269839584827423","0.5060833096504211","0.5060833096504211","0.5060833096504211","0.6286109089851379","0.6286109089851379","0.6286109089851379","0.2018168419599533","0.2018168419599533","0.2018168419599533","0.012916883453726768","0.012916883453726768","0.012916883453726768","0.04596027731895447","0.04596027731895447","0.04596027731895447","0.13452671468257904","0.13452671468257904","0.13452671468257904","0.07633618265390396","0.07633618265390396","0.07633618265390396","0.24041667580604553","0.24041667580604553","0.24041667580604553","","","","","",""
"6480","0.00047994405031204224","0.00047994405031204224","0.00047994405031204224","0.39512574672698975","0.39512574672698975","0.39512574672698975","0.46918898820877075","0.46918898820877075","0.46918898820877075","0.3656938970088959","0.3656938970088959","0.3656938970088959","0.224442258477211","0.224442258477211","0.224442258477211","0.021651625633239746","0.021651625633239746","0.021651625633239746","0.13001501560211182","0.13001501560211182","0.13001501560211182","0.11361377686262131","0.11361377686262131","0.11361377686262131","0.14331500232219696","0.14331500232219696","0.14331500232219696","","","","","",""
"6490","0.0003098640590906143","0.0003098640590906143","0.0003098640590906143","0.23201721906661987","0.23201721906661987","0.23201721906661987","0.7156633138656616","0.7156633138656616","0.7156633138656616","0.4094316363334656","0.4094316363334656","0.4094316363334656","0.1333387792110443","0.1333387792110443","0.1333387792110443","0.00747697614133358","0.00747697614133358","0.00747697614133358","0.050218336284160614","0.050218336284160614","0.050218336284160614","0.047145117074251175","0.047145117074251175","0.047145117074251175","0.05609291046857834","0.05609291046857834","0.05609291046857834","","","","","",""
"6500","0.0038118381053209305","0.0038118381053209305","0.0038118381053209305","0.32259401679039","0.32259401679039","0.32259401679039","0.6397317051887512","0.6397317051887512","0.6397317051887512","0.29881682991981506","0.29881682991981506","0.29881682991981506","0.04118247702717781","0.04118247702717781","0.04118247702717781","0.027599042281508446","0.027599042281508446","0.027599042281508446","0.1107422411441803","0.1107422411441803","0.1107422411441803","0.030009593814611435","0.030009593814611435","0.030009593814611435","0.04507695883512497","0.04507695883512497","0.04507695883512497","","","","","",""
"6510","0.0030942726880311966","0.0030942726880311966","0.0030942726880311966","0.2831113338470459","0.2831113338470459","0.2831113338470459","0.6576945185661316","0.6576945185661316","0.6576945185661316","0.40441054105758667","0.40441054105758667","0.40441054105758667","0.06463471055030823","0.06463471055030823","0.06463471055030823","0.033803246915340424","0.033803246915340424","0.033803246915340424","0.09186641126871109","0.09186641126871109","0.09186641126871109","0.15244442224502563","0.15244442224502563","0.15244442224502563","0.04435158148407936","0.04435158148407936","0.04435158148407936","","","","","",""
"6520","0.0005497019737958908","0.0005497019737958908","0.0005497019737958908","0.11135955154895782","0.11135955154895782","0.11135955154895782","0.6219280958175659","0.6219280958175659","0.6219280958175659","0.32637032866477966","0.32637032866477966","0.32637032866477966","0.048131514340639114","0.048131514340639114","0.048131514340639114","0.008137144148349762","0.008137144148349762","0.008137144148349762","0.07124465703964233","0.07124465703964233","0.07124465703964233","0.17445707321166992","0.17445707321166992","0.17445707321166992","0.029660075902938843","0.029660075902938843","0.029660075902938843","","","","","",""
"6530","0.02105921320617199","0.02105921320617199","0.02105921320617199","0.28348007798194885","0.28348007798194885","0.28348007798194885","0.648825466632843","0.648825466632843","0.648825466632843","0.20659038424491882","0.20659038424491882","0.20659038424491882","0.038023896515369415","0.038023896515369415","0.038023896515369415","0.0215787161141634","0.0215787161141634","0.0215787161141634","0.24334575235843658","0.24334575235843658","0.24334575235843658","0.08931201696395874","0.08931201696395874","0.08931201696395874","0.0707317590713501","0.0707317590713501","0.0707317590713501","","","","","",""
"6540","0.013407731428742409","0.013407731428742409","0.013407731428742409","0.40668004751205444","0.40668004751205444","0.40668004751205444","0.5551716089248657","0.5551716089248657","0.5551716089248657","0.3875604569911957","0.3875604569911957","0.3875604569911957","0.029204871505498886","0.029204871505498886","0.029204871505498886","0.027470383793115616","0.027470383793115616","0.027470383793115616","0.06843649595975876","0.06843649595975876","0.06843649595975876","0.038970060646533966","0.038970060646533966","0.038970060646533966","0.12192092090845108","0.12192092090845108","0.12192092090845108","","","","","",""
"6550","0.0009219944477081299","0.0009219944477081299","0.0009219944477081299","0.2635640799999237","0.2635640799999237","0.2635640799999237","0.8040332794189453","0.8040332794189453","0.8040332794189453","0.2781316936016083","0.2781316936016083","0.2781316936016083","0.013836976140737534","0.013836976140737534","0.013836976140737534","0.01096937246620655","0.01096937246620655","0.01096937246620655","0.080436572432518","0.080436572432518","0.080436572432518","0.22523392736911774","0.22523392736911774","0.22523392736911774","0.04139797389507294","0.04139797389507294","0.04139797389507294","","","","","",""
"6560","0.0008614882826805115","0.0008614882826805115","0.0008614882826805115","0.40322962403297424","0.40322962403297424","0.40322962403297424","0.6157838702201843","0.6157838702201843","0.6157838702201843","0.48570001125335693","0.48570001125335693","0.48570001125335693","0.05971739441156387","0.05971739441156387","0.05971739441156387","0.016981856897473335","0.016981856897473335","0.016981856897473335","0.1471225470304489","0.1471225470304489","0.1471225470304489","0.11241087317466736","0.11241087317466736","0.11241087317466736","0.011445797979831696","0.011445797979831696","0.011445797979831696","","","","","",""
"6570","0.00024222396314144135","0.00024222396314144135","0.00024222396314144135","0.2250189185142517","0.2250189185142517","0.2250189185142517","0.49031344056129456","0.49031344056129456","0.49031344056129456","0.38778626918792725","0.38778626918792725","0.38778626918792725","0.09893413633108139","0.09893413633108139","0.09893413633108139","0.07492300122976303","0.07492300122976303","0.07492300122976303","0.10684403032064438","0.10684403032064438","0.10684403032064438","0.0699969008564949","0.0699969008564949","0.0699969008564949","0.04016581177711487","0.04016581177711487","0.04016581177711487","","","","","",""
"6580","0.0005334801971912384","0.0005334801971912384","0.0005334801971912384","0.49163731932640076","0.49163731932640076","0.49163731932640076","0.6873793601989746","0.6873793601989746","0.6873793601989746","0.5341900587081909","0.5341900587081909","0.5341900587081909","0.17184500396251678","0.17184500396251678","0.17184500396251678","0.017253322526812553","0.017253322526812553","0.017253322526812553","0.09933382272720337","0.09933382272720337","0.09933382272720337","0.16564328968524933","0.16564328968524933","0.16564328968524933","0.033453673124313354","0.033453673124313354","0.033453673124313354","","","","","",""
"6590","0.009432917460799217","0.009432917460799217","0.009432917460799217","0.5914588570594788","0.5914588570594788","0.5914588570594788","0.7367676496505737","0.7367676496505737","0.7367676496505737","0.5102511048316956","0.5102511048316956","0.5102511048316956","0.05619122087955475","0.05619122087955475","0.05619122087955475","0.0356779471039772","0.0356779471039772","0.0356779471039772","0.06754346191883087","0.06754346191883087","0.06754346191883087","0.16166265308856964","0.16166265308856964","0.16166265308856964","0.05991297960281372","0.05991297960281372","0.05991297960281372","","","","","",""
"6600","0.0008423365652561188","0.0008423365652561188","0.0008423365652561188","0.3174523115158081","0.3174523115158081","0.3174523115158081","0.535370945930481","0.535370945930481","0.535370945930481","0.24665458500385284","0.24665458500385284","0.24665458500385284","0.15599940717220306","0.15599940717220306","0.15599940717220306","0.0028649456799030304","0.0028649456799030304","0.0028649456799030304","0.055940862745046616","0.055940862745046616","0.055940862745046616","0.12010969966650009","0.12010969966650009","0.12010969966650009","0.02036990411579609","0.02036990411579609","0.02036990411579609","","","","","",""
"6610","0.0011423435062170029","0.0011423435062170029","0.0011423435062170029","0.1412685364484787","0.1412685364484787","0.1412685364484787","0.6804981231689453","0.6804981231689453","0.6804981231689453","0.4731559455394745","0.4731559455394745","0.4731559455394745","0.041288889944553375","0.041288889944553375","0.041288889944553375","0.02153492346405983","0.02153492346405983","0.02153492346405983","0.09790060669183731","0.09790060669183731","0.09790060669183731","0.1270323395729065","0.1270323395729065","0.1270323395729065","0.12198837846517563","0.12198837846517563","0.12198837846517563","","","","","",""
"6620","0.0003329496830701828","0.0003329496830701828","0.0003329496830701828","0.2787485718727112","0.2787485718727112","0.2787485718727112","0.6273421049118042","0.6273421049118042","0.6273421049118042","0.7168859839439392","0.7168859839439392","0.7168859839439392","0.06327927857637405","0.06327927857637405","0.06327927857637405","0.0459853820502758","0.0459853820502758","0.0459853820502758","0.16316057741641998","0.16316057741641998","0.16316057741641998","0.041232626885175705","0.041232626885175705","0.041232626885175705","0.013183807954192162","0.013183807954192162","0.013183807954192162","","","","","",""
"6630","0.0024740993976593018","0.0024740993976593018","0.0024740993976593018","0.4221138656139374","0.4221138656139374","0.4221138656139374","0.5337345004081726","0.5337345004081726","0.5337345004081726","0.2998184263706207","0.2998184263706207","0.2998184263706207","0.0682297796010971","0.0682297796010971","0.0682297796010971","0.008835215121507645","0.008835215121507645","0.008835215121507645","0.06753119081258774","0.06753119081258774","0.06753119081258774","0.0310133658349514","0.0310133658349514","0.0310133658349514","0.10304256528615952","0.10304256528615952","0.10304256528615952","","","","","",""
"6640","0.043754931539297104","0.043754931539297104","0.043754931539297104","0.18133582174777985","0.18133582174777985","0.18133582174777985","0.5404149293899536","0.5404149293899536","0.5404149293899536","0.18215498328208923","0.18215498328208923","0.18215498328208923","0.01229865476489067","0.01229865476489067","0.01229865476489067","0.006406433880329132","0.006406433880329132","0.006406433880329132","0.25959551334381104","0.25959551334381104","0.25959551334381104","0.15169647336006165","0.15169647336006165","0.15169647336006165","0.03074752166867256","0.03074752166867256","0.03074752166867256","","","","","",""
"6650","0.002515774220228195","0.002515774220228195","0.002515774220228195","0.3413905203342438","0.3413905203342438","0.3413905203342438","0.36005905270576477","0.36005905270576477","0.36005905270576477","0.36513397097587585","0.36513397097587585","0.36513397097587585","0.03306698426604271","0.03306698426604271","0.03306698426604271","0.009841205552220345","0.009841205552220345","0.009841205552220345","0.09763563424348831","0.09763563424348831","0.09763563424348831","0.08454734832048416","0.08454734832048416","0.08454734832048416","0.04231689125299454","0.04231689125299454","0.04231689125299454","","","","","",""
"6660","0.03385200351476669","0.03385200351476669","0.03385200351476669","0.4637610912322998","0.4637610912322998","0.4637610912322998","0.6068049669265747","0.6068049669265747","0.6068049669265747","0.3944297432899475","0.3944297432899475","0.3944297432899475","0.06101439893245697","0.06101439893245697","0.06101439893245697","0.029308900237083435","0.029308900237083435","0.029308900237083435","0.02632957696914673","0.02632957696914673","0.02632957696914673","0.057383157312870026","0.057383157312870026","0.057383157312870026","0.06813810020685196","0.06813810020685196","0.06813810020685196","","","","","",""
"6670","0.0009325345163233578","0.0009325345163233578","0.0009325345163233578","0.7102100253105164","0.7102100253105164","0.7102100253105164","0.48981624841690063","0.48981624841690063","0.48981624841690063","0.15418341755867004","0.15418341755867004","0.15418341755867004","0.3248608112335205","0.3248608112335205","0.3248608112335205","0.028225693851709366","0.028225693851709366","0.028225693851709366","0.6151329874992371","0.6151329874992371","0.6151329874992371","0.17510397732257843","0.17510397732257843","0.17510397732257843","0.11684038490056992","0.11684038490056992","0.11684038490056992","","","","","",""
"6680","0.005301736295223236","0.005301736295223236","0.005301736295223236","0.5375478267669678","0.5375478267669678","0.5375478267669678","0.5340548157691956","0.5340548157691956","0.5340548157691956","0.3002275824546814","0.3002275824546814","0.3002275824546814","0.06710875034332275","0.06710875034332275","0.06710875034332275","0.03523365408182144","0.03523365408182144","0.03523365408182144","0.07698389142751694","0.07698389142751694","0.07698389142751694","0.01870761625468731","0.01870761625468731","0.01870761625468731","0.018831834197044373","0.018831834197044373","0.018831834197044373","","","","","",""
"6690","0.0009552817791700363","0.0009552817791700363","0.0009552817791700363","0.3227396011352539","0.3227396011352539","0.3227396011352539","0.5976033806800842","0.5976033806800842","0.5976033806800842","0.2508297562599182","0.2508297562599182","0.2508297562599182","0.004113802686333656","0.004113802686333656","0.004113802686333656","0.016563953831791878","0.016563953831791878","0.016563953831791878","0.025662831962108612","0.025662831962108612","0.025662831962108612","0.08770924061536789","0.08770924061536789","0.08770924061536789","0.009281523525714874","0.009281523525714874","0.009281523525714874","","","","","",""
"6700","0.000617150217294693","0.000617150217294693","0.000617150217294693","0.29882219433784485","0.29882219433784485","0.29882219433784485","0.7294567227363586","0.7294567227363586","0.7294567227363586","0.21660949289798737","0.21660949289798737","0.21660949289798737","0.08367285132408142","0.08367285132408142","0.08367285132408142","0.03415517508983612","0.03415517508983612","0.03415517508983612","0.12250503897666931","0.12250503897666931","0.12250503897666931","0.009757300838828087","0.009757300838828087","0.009757300838828087","0.021947428584098816","0.021947428584098816","0.021947428584098816","","","","","",""
"6710","0.0009766798466444016","0.0009766798466444016","0.0009766798466444016","0.3867693543434143","0.3867693543434143","0.3867693543434143","0.7276928424835205","0.7276928424835205","0.7276928424835205","0.2892993092536926","0.2892993092536926","0.2892993092536926","0.021588418632745743","0.021588418632745743","0.021588418632745743","0.05403677374124527","0.05403677374124527","0.05403677374124527","0.11004728078842163","0.11004728078842163","0.11004728078842163","0.1073559895157814","0.1073559895157814","0.1073559895157814","0.1205773800611496","0.1205773800611496","0.1205773800611496","","","","","",""
"6720","0.00012338533997535706","0.00012338533997535706","0.00012338533997535706","0.5255542993545532","0.5255542993545532","0.5255542993545532","0.38224053382873535","0.38224053382873535","0.38224053382873535","0.36358267068862915","0.36358267068862915","0.36358267068862915","0.2440519481897354","0.2440519481897354","0.2440519481897354","0.026993516832590103","0.026993516832590103","0.026993516832590103","0.07599741220474243","0.07599741220474243","0.07599741220474243","0.06894010305404663","0.06894010305404663","0.06894010305404663","0.059530556201934814","0.059530556201934814","0.059530556201934814","","","","","",""
"6730","0.0006217323243618011","0.0006217323243618011","0.0006217323243618011","0.39365798234939575","0.39365798234939575","0.39365798234939575","0.4576440751552582","0.4576440751552582","0.4576440751552582","0.47875964641571045","0.47875964641571045","0.47875964641571045","0.007574945688247681","0.007574945688247681","0.007574945688247681","0.007662611082196236","0.007662611082196236","0.007662611082196236","0.15215493738651276","0.15215493738651276","0.15215493738651276","0.027228064835071564","0.027228064835071564","0.027228064835071564","0.06669765710830688","0.06669765710830688","0.06669765710830688","","","","","",""
"6740","0.001099245622754097","0.001099245622754097","0.001099245622754097","0.2934584319591522","0.2934584319591522","0.2934584319591522","0.6355114579200745","0.6355114579200745","0.6355114579200745","0.21386170387268066","0.21386170387268066","0.21386170387268066","0.040612950921058655","0.040612950921058655","0.040612950921058655","0.021158555522561073","0.021158555522561073","0.021158555522561073","0.16483047604560852","0.16483047604560852","0.16483047604560852","0.031046219170093536","0.031046219170093536","0.031046219170093536","0.014617560431361198","0.014617560431361198","0.014617560431361198","","","","","",""
"6750","0.0033534783869981766","0.0033534783869981766","0.0033534783869981766","0.22373591363430023","0.22373591363430023","0.22373591363430023","0.38293108344078064","0.38293108344078064","0.38293108344078064","0.32671058177948","0.32671058177948","0.32671058177948","0.04891994968056679","0.04891994968056679","0.04891994968056679","0.060052961111068726","0.060052961111068726","0.060052961111068726","0.12780188024044037","0.12780188024044037","0.12780188024044037","0.0850931778550148","0.0850931778550148","0.0850931778550148","0.07938426733016968","0.07938426733016968","0.07938426733016968","","","","","",""
"6760","0.00020455755293369293","0.00020455755293369293","0.00020455755293369293","0.17616447806358337","0.17616447806358337","0.17616447806358337","0.8313921689987183","0.8313921689987183","0.8313921689987183","0.21673035621643066","0.21673035621643066","0.21673035621643066","0.018863243982195854","0.018863243982195854","0.018863243982195854","0.04270201921463013","0.04270201921463013","0.04270201921463013","0.17639410495758057","0.17639410495758057","0.17639410495758057","0.04253947734832764","0.04253947734832764","0.04253947734832764","0.05451293662190437","0.05451293662190437","0.05451293662190437","","","","","",""
"6770","0.0007968619465827942","0.0007968619465827942","0.0007968619465827942","0.3768653869628906","0.3768653869628906","0.3768653869628906","0.4620482623577118","0.4620482623577118","0.4620482623577118","0.15609708428382874","0.15609708428382874","0.15609708428382874","0.013078320771455765","0.013078320771455765","0.013078320771455765","0.03948394954204559","0.03948394954204559","0.03948394954204559","0.09121934324502945","0.09121934324502945","0.09121934324502945","0.07032784819602966","0.07032784819602966","0.07032784819602966","0.18434816598892212","0.18434816598892212","0.18434816598892212","","","","","",""
"6780","0.00009738840162754059","0.00009738840162754059","0.00009738840162754059","0.19836881756782532","0.19836881756782532","0.19836881756782532","0.5512296557426453","0.5512296557426453","0.5512296557426453","0.2054251730442047","0.2054251730442047","0.2054251730442047","0.010713310912251472","0.010713310912251472","0.010713310912251472","0.0021784845739603043","0.0021784845739603043","0.0021784845739603043","0.08969558030366898","0.08969558030366898","0.08969558030366898","0.0870518907904625","0.0870518907904625","0.0870518907904625","0.03131238743662834","0.03131238743662834","0.03131238743662834","","","","","",""
"6790","0.015853969380259514","0.015853969380259514","0.015853969380259514","0.4373631477355957","0.4373631477355957","0.4373631477355957","0.5051761865615845","0.5051761865615845","0.5051761865615845","0.11725345999002457","0.11725345999002457","0.11725345999002457","0.1225457489490509","0.1225457489490509","0.1225457489490509","0.025040730834007263","0.025040730834007263","0.025040730834007263","0.12492361664772034","0.12492361664772034","0.12492361664772034","0.08494943380355835","0.08494943380355835","0.08494943380355835","0.0302986241877079","0.0302986241877079","0.0302986241877079","","","","","",""
"6800","0.09991057962179184","0.09991057962179184","0.09991057962179184","0.24646712839603424","0.24646712839603424","0.24646712839603424","0.5266944169998169","0.5266944169998169","0.5266944169998169","0.10895298421382904","0.10895298421382904","0.10895298421382904","0.07739695906639099","0.07739695906639099","0.07739695906639099","0.006758606061339378","0.006758606061339378","0.006758606061339378","0.057434093207120895","0.057434093207120895","0.057434093207120895","0.08532100915908813","0.08532100915908813","0.08532100915908813","0.0323629230260849","0.0323629230260849","0.0323629230260849","","","","","",""
"6810","0.00005531683564186096","0.00005531683564186096","0.00005531683564186096","0.20568527281284332","0.20568527281284332","0.20568527281284332","0.7384313941001892","0.7384313941001892","0.7384313941001892","0.409213125705719","0.409213125705719","0.409213125705719","0.07334493845701218","0.07334493845701218","0.07334493845701218","0.007132371887564659","0.007132371887564659","0.007132371887564659","0.05347229540348053","0.05347229540348053","0.05347229540348053","0.022678688168525696","0.022678688168525696","0.022678688168525696","0.04766803979873657","0.04766803979873657","0.04766803979873657","","","","","",""
"6820","0.01664164289832115","0.01664164289832115","0.01664164289832115","0.4009304344654083","0.4009304344654083","0.4009304344654083","0.4157588481903076","0.4157588481903076","0.4157588481903076","0.311140239238739","0.311140239238739","0.311140239238739","0.004478737711906433","0.004478737711906433","0.004478737711906433","0.008994899690151215","0.008994899690151215","0.008994899690151215","0.17847886681556702","0.17847886681556702","0.17847886681556702","0.009540980681777","0.009540980681777","0.009540980681777","0.011533550918102264","0.011533550918102264","0.011533550918102264","","","","","",""
"6830","0.0011269394308328629","0.0011269394308328629","0.0011269394308328629","0.23725193738937378","0.23725193738937378","0.23725193738937378","0.6015204787254333","0.6015204787254333","0.6015204787254333","0.30963924527168274","0.30963924527168274","0.30963924527168274","0.052682455629110336","0.052682455629110336","0.052682455629110336","0.01128164492547512","0.01128164492547512","0.01128164492547512","0.1285681426525116","0.1285681426525116","0.1285681426525116","0.0497085377573967","0.0497085377573967","0.0497085377573967","0.07184949517250061","0.07184949517250061","0.07184949517250061","","","","","",""
"6840","0.0004541408270597458","0.0004541408270597458","0.0004541408270597458","0.2495144009590149","0.2495144009590149","0.2495144009590149","0.5162384510040283","0.5162384510040283","0.5162384510040283","0.21011701226234436","0.21011701226234436","0.21011701226234436","0.018942486494779587","0.018942486494779587","0.018942486494779587","0.002297043800354004","0.002297043800354004","0.002297043800354004","0.033557549118995667","0.033557549118995667","0.033557549118995667","0.03808773681521416","0.03808773681521416","0.03808773681521416","0.04704118147492409","0.04704118147492409","0.04704118147492409","","","","","",""
"6850","0.0006581097841262817","0.0006581097841262817","0.0006581097841262817","0.18248307704925537","0.18248307704925537","0.18248307704925537","0.42765116691589355","0.42765116691589355","0.42765116691589355","0.2243814319372177","0.2243814319372177","0.2243814319372177","0.026644449681043625","0.026644449681043625","0.026644449681043625","0.003319626674056053","0.003319626674056053","0.003319626674056053","0.16322697699069977","0.16322697699069977","0.16322697699069977","0.09449052810668945","0.09449052810668945","0.09449052810668945","0.01961052604019642","0.01961052604019642","0.01961052604019642","","","","","",""
"6860","0.0004581734538078308","0.0004581734538078308","0.0004581734538078308","0.24005520343780518","0.24005520343780518","0.24005520343780518","0.5512088537216187","0.5512088537216187","0.5512088537216187","0.4697023332118988","0.4697023332118988","0.4697023332118988","0.0339331217110157","0.0339331217110157","0.0339331217110157","0.027782460674643517","0.027782460674643517","0.027782460674643517","0.05951286479830742","0.05951286479830742","0.05951286479830742","0.030637109652161598","0.030637109652161598","0.030637109652161598","0.02397191897034645","0.02397191897034645","0.02397191897034645","","","","","",""
"6870","0.0013426747173070908","0.0013426747173070908","0.0013426747173070908","0.3870336711406708","0.3870336711406708","0.3870336711406708","0.6272947192192078","0.6272947192192078","0.6272947192192078","0.27445316314697266","0.27445316314697266","0.27445316314697266","0.043601296842098236","0.043601296842098236","0.043601296842098236","0.008123129606246948","0.008123129606246948","0.008123129606246948","0.061092011630535126","0.061092011630535126","0.061092011630535126","0.07154430449008942","0.07154430449008942","0.07154430449008942","0.07961437106132507","0.07961437106132507","0.07961437106132507","","","","","",""
"6880","0.00042713992297649384","0.00042713992297649384","0.00042713992297649384","0.22663287818431854","0.22663287818431854","0.22663287818431854","0.6627728343009949","0.6627728343009949","0.6627728343009949","0.1735747754573822","0.1735747754573822","0.1735747754573822","0.03926147520542145","0.03926147520542145","0.03926147520542145","0.02169092558324337","0.02169092558324337","0.02169092558324337","0.09518638253211975","0.09518638253211975","0.09518638253211975","0.03408113121986389","0.03408113121986389","0.03408113121986389","0.041818901896476746","0.041818901896476746","0.041818901896476746","","","","","",""
"6890","0.014669017866253853","0.014669017866253853","0.014669017866253853","0.24317514896392822","0.24317514896392822","0.24317514896392822","0.6052846312522888","0.6052846312522888","0.6052846312522888","0.19954605400562286","0.19954605400562286","0.19954605400562286","0.14200223982334137","0.14200223982334137","0.14200223982334137","0.016939157620072365","0.016939157620072365","0.016939157620072365","0.12647241353988647","0.12647241353988647","0.12647241353988647","0.10903073847293854","0.10903073847293854","0.10903073847293854","0.019120458513498306","0.019120458513498306","0.019120458513498306","","","","","",""
"6900","0.0001483578234910965","0.0001483578234910965","0.0001483578234910965","0.08033482730388641","0.08033482730388641","0.08033482730388641","0.5401344299316406","0.5401344299316406","0.5401344299316406","0.3528633117675781","0.3528633117675781","0.3528633117675781","0.01759311556816101","0.01759311556816101","0.01759311556816101","0.002943996340036392","0.002943996340036392","0.002943996340036392","0.14246580004692078","0.14246580004692078","0.14246580004692078","0.07837793976068497","0.07837793976068497","0.07837793976068497","0.09348712861537933","0.09348712861537933","0.09348712861537933","","","","","",""
"6910","0.00032673217356204987","0.00032673217356204987","0.00032673217356204987","0.4479353129863739","0.4479353129863739","0.4479353129863739","0.6421183347702026","0.6421183347702026","0.6421183347702026","0.24249693751335144","0.24249693751335144","0.24249693751335144","0.07746267318725586","0.07746267318725586","0.07746267318725586","0.013432754203677177","0.013432754203677177","0.013432754203677177","0.014723043888807297","0.014723043888807297","0.014723043888807297","0.0843123272061348","0.0843123272061348","0.0843123272061348","0.05036108195781708","0.05036108195781708","0.05036108195781708","","","","","",""
"6920","0.003430379554629326","0.003430379554629326","0.003430379554629326","0.21982835233211517","0.21982835233211517","0.21982835233211517","0.6423594355583191","0.6423594355583191","0.6423594355583191","0.30205389857292175","0.30205389857292175","0.30205389857292175","0.03864402323961258","0.03864402323961258","0.03864402323961258","0.005472196266055107","0.005472196266055107","0.005472196266055107","0.11744730174541473","0.11744730174541473","0.11744730174541473","0.04787421599030495","0.04787421599030495","0.04787421599030495","0.028267130255699158","0.028267130255699158","0.028267130255699158","","","","","",""
"6930","0.01016925647854805","0.01016925647854805","0.01016925647854805","0.1868898868560791","0.1868898868560791","0.1868898868560791","0.786270260810852","0.786270260810852","0.786270260810852","0.4521934986114502","0.4521934986114502","0.4521934986114502","0.11701222509145737","0.11701222509145737","0.11701222509145737","0.046018991619348526","0.046018991619348526","0.046018991619348526","0.07190615683794022","0.07190615683794022","0.07190615683794022","0.028737664222717285","0.028737664222717285","0.028737664222717285","0.0060575418174266815","0.0060575418174266815","0.0060575418174266815","","","","","",""
"6940","0.050792112946510315","0.050792112946510315","0.050792112946510315","0.35946542024612427","0.35946542024612427","0.35946542024612427","0.36167991161346436","0.36167991161346436","0.36167991161346436","0.2248767614364624","0.2248767614364624","0.2248767614364624","0.1667252480983734","0.1667252480983734","0.1667252480983734","0.04732397198677063","0.04732397198677063","0.04732397198677063","0.1170467734336853","0.1170467734336853","0.1170467734336853","0.17142388224601746","0.17142388224601746","0.17142388224601746","0.055651601403951645","0.055651601403951645","0.055651601403951645","","","","","",""
"6950","0.019425028935074806","0.019425028935074806","0.019425028935074806","0.30624884366989136","0.30624884366989136","0.30624884366989136","0.5519810318946838","0.5519810318946838","0.5519810318946838","0.32096877694129944","0.32096877694129944","0.32096877694129944","0.21223609149456024","0.21223609149456024","0.21223609149456024","0.04323863983154297","0.04323863983154297","0.04323863983154297","0.07110756635665894","0.07110756635665894","0.07110756635665894","0.021722519770264626","0.021722519770264626","0.021722519770264626","0.021582897752523422","0.021582897752523422","0.021582897752523422","","","","","",""
"6960","0.0019097725162282586","0.0019097725162282586","0.0019097725162282586","0.8482605814933777","0.8482605814933777","0.8482605814933777","1.185758113861084","1.185758113861084","1.185758113861084","0.25622981786727905","0.25622981786727905","0.25622981786727905","0.2881200313568115","0.2881200313568115","0.2881200313568115","0.023995263502001762","0.023995263502001762","0.023995263502001762","0.5444788932800293","0.5444788932800293","0.5444788932800293","0.00980030931532383","0.00980030931532383","0.00980030931532383","0.11084545403718948","0.11084545403718948","0.11084545403718948","","","","","",""
"6970","0.0003969985991716385","0.0003969985991716385","0.0003969985991716385","0.27005040645599365","0.27005040645599365","0.27005040645599365","0.4941762089729309","0.4941762089729309","0.4941762089729309","0.5647169351577759","0.5647169351577759","0.5647169351577759","0.046790625900030136","0.046790625900030136","0.046790625900030136","0.00676950067281723","0.00676950067281723","0.00676950067281723","0.11029009521007538","0.11029009521007538","0.11029009521007538","0.2241491973400116","0.2241491973400116","0.2241491973400116","0.021869931370019913","0.021869931370019913","0.021869931370019913","","","","","",""
"6980","0.02598702535033226","0.02598702535033226","0.02598702535033226","0.37095752358436584","0.37095752358436584","0.37095752358436584","0.5868164300918579","0.5868164300918579","0.5868164300918579","0.30699679255485535","0.30699679255485535","0.30699679255485535","0.039914555847644806","0.039914555847644806","0.039914555847644806","0.08162680268287659","0.08162680268287659","0.08162680268287659","0.11269287765026093","0.11269287765026093","0.11269287765026093","0.08686559647321701","0.08686559647321701","0.08686559647321701","0.029504865407943726","0.029504865407943726","0.029504865407943726","","","","","",""
"6990","0.0006093122065067291","0.0006093122065067291","0.0006093122065067291","0.34125858545303345","0.34125858545303345","0.34125858545303345","0.6371994614601135","0.6371994614601135","0.6371994614601135","0.37472236156463623","0.37472236156463623","0.37472236156463623","0.023443713784217834","0.023443713784217834","0.023443713784217834","0.0018050186336040497","0.0018050186336040497","0.0018050186336040497","0.25020256638526917","0.25020256638526917","0.25020256638526917","0.11853600293397903","0.11853600293397903","0.11853600293397903","0.09738792479038239","0.09738792479038239","0.09738792479038239","","","","","",""
"7000","0.001697467640042305","0.001697467640042305","0.001697467640042305","0.261829674243927","0.261829674243927","0.261829674243927","0.5915024876594543","0.5915024876594543","0.5915024876594543","0.23658305406570435","0.23658305406570435","0.23658305406570435","0.007558252662420273","0.007558252662420273","0.007558252662420273","0.018308691680431366","0.018308691680431366","0.018308691680431366","0.050422124564647675","0.050422124564647675","0.050422124564647675","0.016334330663084984","0.016334330663084984","0.016334330663084984","0.026585908606648445","0.026585908606648445","0.026585908606648445","","","","","",""
"7010","0.00022433698177337646","0.00022433698177337646","0.00022433698177337646","0.4704228937625885","0.4704228937625885","0.4704228937625885","0.5622196793556213","0.5622196793556213","0.5622196793556213","0.39964520931243896","0.39964520931243896","0.39964520931243896","0.11518023908138275","0.11518023908138275","0.11518023908138275","0.02315608784556389","0.02315608784556389","0.02315608784556389","0.13172590732574463","0.13172590732574463","0.13172590732574463","0.07066009193658829","0.07066009193658829","0.07066009193658829","0.04853295534849167","0.04853295534849167","0.04853295534849167","","","","","",""
"7020","0.0013557691127061844","0.0013557691127061844","0.0013557691127061844","0.16574186086654663","0.16574186086654663","0.16574186086654663","0.5047144889831543","0.5047144889831543","0.5047144889831543","0.2724493145942688","0.2724493145942688","0.2724493145942688","0.03420447185635567","0.03420447185635567","0.03420447185635567","0.02740219049155712","0.02740219049155712","0.02740219049155712","0.11025569587945938","0.11025569587945938","0.11025569587945938","0.058364853262901306","0.058364853262901306","0.058364853262901306","0.041002921760082245","0.041002921760082245","0.041002921760082245","","","","","",""
"7030","0.002430984750390053","0.002430984750390053","0.002430984750390053","0.25606676936149597","0.25606676936149597","0.25606676936149597","0.4611603617668152","0.4611603617668152","0.4611603617668152","0.24889513850212097","0.24889513850212097","0.24889513850212097","0.05032305419445038","0.05032305419445038","0.05032305419445038","0.007237156853079796","0.007237156853079796","0.007237156853079796","0.033589720726013184","0.033589720726013184","0.033589720726013184","0.027630042284727097","0.027630042284727097","0.027630042284727097","0.06253671646118164","0.06253671646118164","0.06253671646118164","","","","","",""
"7040","0.015227308496832848","0.015227308496832848","0.015227308496832848","0.09753294289112091","0.09753294289112091","0.09753294289112091","0.5695278644561768","0.5695278644561768","0.5695278644561768","0.37166422605514526","0.37166422605514526","0.37166422605514526","0.008907429873943329","0.008907429873943329","0.008907429873943329","0.001518145203590393","0.001518145203590393","0.001518145203590393","0.0906875729560852","0.0906875729560852","0.0906875729560852","0.01860099285840988","0.01860099285840988","0.01860099285840988","0.01033313013613224","0.01033313013613224","0.01033313013613224","","","","","",""
"7050","0.0004335083067417145","0.0004335083067417145","0.0004335083067417145","0.3014266788959503","0.3014266788959503","0.3014266788959503","0.8005272150039673","0.8005272150039673","0.8005272150039673","0.21408557891845703","0.21408557891845703","0.21408557891845703","0.021640241146087646","0.021640241146087646","0.021640241146087646","0.004518462345004082","0.004518462345004082","0.004518462345004082","0.04703301563858986","0.04703301563858986","0.04703301563858986","0.14572009444236755","0.14572009444236755","0.14572009444236755","0.05540497601032257","0.05540497601032257","0.05540497601032257","","","","","",""
"7060","0.000581914559006691","0.000581914559006691","0.000581914559006691","0.1937786042690277","0.1937786042690277","0.1937786042690277","0.3832906484603882","0.3832906484603882","0.3832906484603882","0.3021862208843231","0.3021862208843231","0.3021862208843231","0.06657680869102478","0.06657680869102478","0.06657680869102478","0.005162376910448074","0.005162376910448074","0.005162376910448074","0.11844709515571594","0.11844709515571594","0.11844709515571594","0.05921898037195206","0.05921898037195206","0.05921898037195206","0.021753162145614624","0.021753162145614624","0.021753162145614624","","","","","",""
"7070","0.000994764268398285","0.000994764268398285","0.000994764268398285","0.27951255440711975","0.27951255440711975","0.27951255440711975","0.5067190527915955","0.5067190527915955","0.5067190527915955","0.19821953773498535","0.19821953773498535","0.19821953773498535","0.06586107611656189","0.06586107611656189","0.06586107611656189","0.022531742230057716","0.022531742230057716","0.022531742230057716","0.09487108141183853","0.09487108141183853","0.09487108141183853","0.13935059309005737","0.13935059309005737","0.13935059309005737","0.027530323714017868","0.027530323714017868","0.027530323714017868","","","","","",""
"7080","0.00030527263879776","0.00030527263879776","0.00030527263879776","0.18652260303497314","0.18652260303497314","0.18652260303497314","0.5014064311981201","0.5014064311981201","0.5014064311981201","0.22135956585407257","0.22135956585407257","0.22135956585407257","0.04428797960281372","0.04428797960281372","0.04428797960281372","0.003614453598856926","0.003614453598856926","0.003614453598856926","0.14437323808670044","0.14437323808670044","0.14437323808670044","0.040982067584991455","0.040982067584991455","0.040982067584991455","0.010503457859158516","0.010503457859158516","0.010503457859158516","","","","","",""
"7090","0.0011478029191493988","0.0011478029191493988","0.0011478029191493988","0.43487900495529175","0.43487900495529175","0.43487900495529175","0.6932692527770996","0.6932692527770996","0.6932692527770996","0.27039316296577454","0.27039316296577454","0.27039316296577454","0.019303450360894203","0.019303450360894203","0.019303450360894203","0.07682190090417862","0.07682190090417862","0.07682190090417862","0.09816005825996399","0.09816005825996399","0.09816005825996399","0.09560269117355347","0.09560269117355347","0.09560269117355347","0.011491794139146805","0.011491794139146805","0.011491794139146805","","","","","",""
"7100","0.06924276053905487","0.06924276053905487","0.06924276053905487","0.23702070116996765","0.23702070116996765","0.23702070116996765","0.6412680149078369","0.6412680149078369","0.6412680149078369","0.27635470032691956","0.27635470032691956","0.27635470032691956","0.04673181474208832","0.04673181474208832","0.04673181474208832","0.015391094610095024","0.015391094610095024","0.015391094610095024","0.031027309596538544","0.031027309596538544","0.031027309596538544","0.1081942617893219","0.1081942617893219","0.1081942617893219","0.1257784515619278","0.1257784515619278","0.1257784515619278","","","","","",""
"7110","0.0003169924020767212","0.0003169924020767212","0.0003169924020767212","0.6021832823753357","0.6021832823753357","0.6021832823753357","0.5883143544197083","0.5883143544197083","0.5883143544197083","0.16343224048614502","0.16343224048614502","0.16343224048614502","0.019512351602315903","0.019512351602315903","0.019512351602315903","0.0016174260526895523","0.0016174260526895523","0.0016174260526895523","0.06970585882663727","0.06970585882663727","0.06970585882663727","0.012154430150985718","0.012154430150985718","0.012154430150985718","0.038986146450042725","0.038986146450042725","0.038986146450042725","","","","","",""
"7120","0.0067812781780958176","0.0067812781780958176","0.0067812781780958176","0.14337265491485596","0.14337265491485596","0.14337265491485596","0.7553204298019409","0.7553204298019409","0.7553204298019409","0.290719211101532","0.290719211101532","0.290719211101532","0.02584514580667019","0.02584514580667019","0.02584514580667019","0.0052033886313438416","0.0052033886313438416","0.0052033886313438416","0.05711009353399277","0.05711009353399277","0.05711009353399277","0.15029406547546387","0.15029406547546387","0.15029406547546387","0.11389274150133133","0.11389274150133133","0.11389274150133133","","","","","",""
"7130","0.08080846071243286","0.08080846071243286","0.08080846071243286","0.132449209690094","0.132449209690094","0.132449209690094","0.6015389561653137","0.6015389561653137","0.6015389561653137","0.34360435605049133","0.34360435605049133","0.34360435605049133","0.019557807594537735","0.019557807594537735","0.019557807594537735","0.01573513261973858","0.01573513261973858","0.01573513261973858","0.09557401388883591","0.09557401388883591","0.09557401388883591","0.0055357106029987335","0.0055357106029987335","0.0055357106029987335","0.027153605595231056","0.027153605595231056","0.027153605595231056","","","","","",""
"7140","0.0007357019931077957","0.0007357019931077957","0.0007357019931077957","0.34626832604408264","0.34626832604408264","0.34626832604408264","0.3813554644584656","0.3813554644584656","0.3813554644584656","0.25498417019844055","0.25498417019844055","0.25498417019844055","0.07482772320508957","0.07482772320508957","0.07482772320508957","0.17641176283359528","0.17641176283359528","0.17641176283359528","0.06737366318702698","0.06737366318702698","0.06737366318702698","0.03369949012994766","0.03369949012994766","0.03369949012994766","0.006725182756781578","0.006725182756781578","0.006725182756781578","","","","","",""
"7150","0.0009580515325069427","0.0009580515325069427","0.0009580515325069427","0.42438948154449463","0.42438948154449463","0.42438948154449463","0.6499404907226562","0.6499404907226562","0.6499404907226562","0.14961989223957062","0.14961989223957062","0.14961989223957062","0.019038885831832886","0.019038885831832886","0.019038885831832886","0.009146776050329208","0.009146776050329208","0.009146776050329208","0.05774052441120148","0.05774052441120148","0.05774052441120148","0.0351380929350853","0.0351380929350853","0.0351380929350853","0.02514244243502617","0.02514244243502617","0.02514244243502617","","","","","",""
"7160","0.00015960074961185455","0.00015960074961185455","0.00015960074961185455","0.16923947632312775","0.16923947632312775","0.16923947632312775","0.6444648504257202","0.6444648504257202","0.6444648504257202","0.15876555442810059","0.15876555442810059","0.15876555442810059","0.04877110570669174","0.04877110570669174","0.04877110570669174","0.027111003175377846","0.027111003175377846","0.027111003175377846","0.03894922137260437","0.03894922137260437","0.03894922137260437","0.023741336539387703","0.023741336539387703","0.023741336539387703","0.11670982837677002","0.11670982837677002","0.11670982837677002","","","","","",""
"7170","0.0027489271014928818","0.0027489271014928818","0.0027489271014928818","0.2501489818096161","0.2501489818096161","0.2501489818096161","0.4897260069847107","0.4897260069847107","0.4897260069847107","0.42996928095817566","0.42996928095817566","0.42996928095817566","0.07232646644115448","0.07232646644115448","0.07232646644115448","0.002619728446006775","0.002619728446006775","0.002619728446006775","0.16385823488235474","0.16385823488235474","0.16385823488235474","0.04006369784474373","0.04006369784474373","0.04006369784474373","0.022648584097623825","0.022648584097623825","0.022648584097623825","","","","","",""
"7180","0.010477228090167046","0.010477228090167046","0.010477228090167046","0.3652493357658386","0.3652493357658386","0.3652493357658386","0.6745042204856873","0.6745042204856873","0.6745042204856873","0.31046995520591736","0.31046995520591736","0.31046995520591736","0.0670057088136673","0.0670057088136673","0.0670057088136673","0.006335608661174774","0.006335608661174774","0.006335608661174774","0.03750628978013992","0.03750628978013992","0.03750628978013992","0.11052694916725159","0.11052694916725159","0.11052694916725159","0.013267086818814278","0.013267086818814278","0.013267086818814278","","","","","",""
"7190","0.0006717517971992493","0.0006717517971992493","0.0006717517971992493","0.27065151929855347","0.27065151929855347","0.27065151929855347","0.6652092933654785","0.6652092933654785","0.6652092933654785","0.3435598909854889","0.3435598909854889","0.3435598909854889","0.0629647970199585","0.0629647970199585","0.0629647970199585","0.010504011064767838","0.010504011064767838","0.010504011064767838","0.027918929234147072","0.027918929234147072","0.027918929234147072","0.027149846777319908","0.027149846777319908","0.027149846777319908","0.025174874812364578","0.025174874812364578","0.025174874812364578","","","","","",""
"7200","0.0010800603777170181","0.0010800603777170181","0.0010800603777170181","0.32771429419517517","0.32771429419517517","0.32771429419517517","0.4338098168373108","0.4338098168373108","0.4338098168373108","0.24289265275001526","0.24289265275001526","0.24289265275001526","0.015091033652424812","0.015091033652424812","0.015091033652424812","0.007199060171842575","0.007199060171842575","0.007199060171842575","0.029050802811980247","0.029050802811980247","0.029050802811980247","0.0712684690952301","0.0712684690952301","0.0712684690952301","0.04024878144264221","0.04024878144264221","0.04024878144264221","","","","","",""
"7210","0.09000575542449951","0.09000575542449951","0.09000575542449951","0.21992702782154083","0.21992702782154083","0.21992702782154083","0.5558891892433167","0.5558891892433167","0.5558891892433167","0.3597199022769928","0.3597199022769928","0.3597199022769928","0.038374580442905426","0.038374580442905426","0.038374580442905426","0.001530999317765236","0.001530999317765236","0.001530999317765236","0.22529879212379456","0.22529879212379456","0.22529879212379456","0.08050695061683655","0.08050695061683655","0.08050695061683655","0.1745414435863495","0.1745414435863495","0.1745414435863495","","","","","",""
"7220","0.0019418969750404358","0.0019418969750404358","0.0019418969750404358","0.2964855134487152","0.2964855134487152","0.2964855134487152","0.41812002658843994","0.41812002658843994","0.41812002658843994","0.20457731187343597","0.20457731187343597","0.20457731187343597","0.009379521012306213","0.009379521012306213","0.009379521012306213","0.005939710885286331","0.005939710885286331","0.005939710885286331","0.01989404484629631","0.01989404484629631","0.01989404484629631","0.008892165496945381","0.008892165496945381","0.008892165496945381","0.012630557641386986","0.012630557641386986","0.012630557641386986","","","","","",""
"7230","0.0019204895943403244","0.0019204895943403244","0.0019204895943403244","0.28026068210601807","0.28026068210601807","0.28026068210601807","0.5926489233970642","0.5926489233970642","0.5926489233970642","0.2702784836292267","0.2702784836292267","0.2702784836292267","0.026476174592971802","0.026476174592971802","0.026476174592971802","0.008503412827849388","0.008503412827849388","0.008503412827849388","0.03735767677426338","0.03735767677426338","0.03735767677426338","0.09191681444644928","0.09191681444644928","0.09191681444644928","0.00919022224843502","0.00919022224843502","0.00919022224843502","","","","","",""
"7240","0.00034436024725437164","0.00034436024725437164","0.00034436024725437164","0.3630031943321228","0.3630031943321228","0.3630031943321228","0.4582086205482483","0.4582086205482483","0.4582086205482483","0.4710093140602112","0.4710093140602112","0.4710093140602112","0.03461979702115059","0.03461979702115059","0.03461979702115059","0.041335828602313995","0.041335828602313995","0.041335828602313995","0.0892781913280487","0.0892781913280487","0.0892781913280487","0.08965922147035599","0.08965922147035599","0.08965922147035599","0.01156240701675415","0.01156240701675415","0.01156240701675415","","","","","",""
"7250","0.019525965675711632","0.019525965675711632","0.019525965675711632","0.46211180090904236","0.46211180090904236","0.46211180090904236","0.9999600648880005","0.9999600648880005","0.9999600648880005","0.21224164962768555","0.21224164962768555","0.21224164962768555","0.017508745193481445","0.017508745193481445","0.017508745193481445","0.03174186870455742","0.03174186870455742","0.03174186870455742","0.2081802636384964","0.2081802636384964","0.2081802636384964","0.05022961273789406","0.05022961273789406","0.05022961273789406","0.007686757016927004","0.007686757016927004","0.007686757016927004","","","","","",""
"7260","0.00009582750499248505","0.00009582750499248505","0.00009582750499248505","0.3438454270362854","0.3438454270362854","0.3438454270362854","0.6121146082878113","0.6121146082878113","0.6121146082878113","0.32018908858299255","0.32018908858299255","0.32018908858299255","0.06608586758375168","0.06608586758375168","0.06608586758375168","0.01086105965077877","0.01086105965077877","0.01086105965077877","0.014873702079057693","0.014873702079057693","0.014873702079057693","0.01566585712134838","0.01566585712134838","0.01566585712134838","0.045197732746601105","0.045197732746601105","0.045197732746601105","","","","","",""
"7270","0.0005673207342624664","0.0005673207342624664","0.0005673207342624664","0.2115544080734253","0.2115544080734253","0.2115544080734253","0.4832655191421509","0.4832655191421509","0.4832655191421509","0.20006364583969116","0.20006364583969116","0.20006364583969116","0.030497904866933823","0.030497904866933823","0.030497904866933823","0.01744021847844124","0.01744021847844124","0.01744021847844124","0.06071482226252556","0.06071482226252556","0.06071482226252556","0.0416564866900444","0.0416564866900444","0.0416564866900444","0.013091925531625748","0.013091925531625748","0.013091925531625748","","","","","",""
"7280","0.0010618995875120163","0.0010618995875120163","0.0010618995875120163","0.12232901155948639","0.12232901155948639","0.12232901155948639","0.5561261177062988","0.5561261177062988","0.5561261177062988","0.20963804423809052","0.20963804423809052","0.20963804423809052","0.013792507350444794","0.013792507350444794","0.013792507350444794","0.041498392820358276","0.041498392820358276","0.041498392820358276","0.02273149974644184","0.02273149974644184","0.02273149974644184","0.06708864867687225","0.06708864867687225","0.06708864867687225","0.05009094253182411","0.05009094253182411","0.05009094253182411","","","","","",""
"7290","0.015683220699429512","0.015683220699429512","0.015683220699429512","0.28500431776046753","0.28500431776046753","0.28500431776046753","0.527699887752533","0.527699887752533","0.527699887752533","0.1851070523262024","0.1851070523262024","0.1851070523262024","0.058593787252902985","0.058593787252902985","0.058593787252902985","0.0006717313081026077","0.0006717313081026077","0.0006717313081026077","0.12207859754562378","0.12207859754562378","0.12207859754562378","0.02340860292315483","0.02340860292315483","0.02340860292315483","0.028320562094449997","0.028320562094449997","0.028320562094449997","","","","","",""
"7300","0.0015757251530885696","0.0015757251530885696","0.0015757251530885696","0.15600033104419708","0.15600033104419708","0.15600033104419708","0.6893566846847534","0.6893566846847534","0.6893566846847534","0.3098965883255005","0.3098965883255005","0.3098965883255005","0.041710857301950455","0.041710857301950455","0.041710857301950455","0.002007611095905304","0.002007611095905304","0.002007611095905304","0.06912294775247574","0.06912294775247574","0.06912294775247574","0.03862748667597771","0.03862748667597771","0.03862748667597771","0.03420455753803253","0.03420455753803253","0.03420455753803253","","","","","",""
"7310","0.0005727745592594147","0.0005727745592594147","0.0005727745592594147","0.19322891533374786","0.19322891533374786","0.19322891533374786","0.7004715204238892","0.7004715204238892","0.7004715204238892","0.37046700716018677","0.37046700716018677","0.37046700716018677","0.06081042438745499","0.06081042438745499","0.06081042438745499","0.02542917989194393","0.02542917989194393","0.02542917989194393","0.03930284082889557","0.03930284082889557","0.03930284082889557","0.03317929059267044","0.03317929059267044","0.03317929059267044","0.010429956018924713","0.010429956018924713","0.010429956018924713","","","","","",""
"7320","0.05226489156484604","0.05226489156484604","0.05226489156484604","0.18260256946086884","0.18260256946086884","0.18260256946086884","0.5963972806930542","0.5963972806930542","0.5963972806930542","0.3221994638442993","0.3221994638442993","0.3221994638442993","0.026182273402810097","0.026182273402810097","0.026182273402810097","0.009255899116396904","0.009255899116396904","0.009255899116396904","0.0839478075504303","0.0839478075504303","0.0839478075504303","0.08141514658927917","0.08141514658927917","0.08141514658927917","0.009084176272153854","0.009084176272153854","0.009084176272153854","","","","","",""
"7330","0.00042481906712055206","0.00042481906712055206","0.00042481906712055206","0.2562754154205322","0.2562754154205322","0.2562754154205322","0.6332874298095703","0.6332874298095703","0.6332874298095703","0.4072932302951813","0.4072932302951813","0.4072932302951813","0.01951984316110611","0.01951984316110611","0.01951984316110611","0.003682393580675125","0.003682393580675125","0.003682393580675125","0.10807128250598907","0.10807128250598907","0.10807128250598907","0.1257612258195877","0.1257612258195877","0.1257612258195877","0.031322162598371506","0.031322162598371506","0.031322162598371506","","","","","",""
"7340","0.005243450403213501","0.005243450403213501","0.005243450403213501","0.2414078712463379","0.2414078712463379","0.2414078712463379","0.42555686831474304","0.42555686831474304","0.42555686831474304","0.23915928602218628","0.23915928602218628","0.23915928602218628","0.07914940267801285","0.07914940267801285","0.07914940267801285","0.03040272369980812","0.03040272369980812","0.03040272369980812","0.10390761494636536","0.10390761494636536","0.10390761494636536","0.15230792760849","0.15230792760849","0.15230792760849","0.03979621082544327","0.03979621082544327","0.03979621082544327","","","","","",""
"7350","0.004487955942749977","0.004487955942749977","0.004487955942749977","0.2689419090747833","0.2689419090747833","0.2689419090747833","0.535060703754425","0.535060703754425","0.535060703754425","0.25467342138290405","0.25467342138290405","0.25467342138290405","0.04770152270793915","0.04770152270793915","0.04770152270793915","0.021725023165345192","0.021725023165345192","0.021725023165345192","0.15291434526443481","0.15291434526443481","0.15291434526443481","0.026662752032279968","0.026662752032279968","0.026662752032279968","0.004300964996218681","0.004300964996218681","0.004300964996218681","","","","","",""
"7360","0.00010591931641101837","0.00010591931641101837","0.00010591931641101837","0.20279139280319214","0.20279139280319214","0.20279139280319214","0.6459686160087585","0.6459686160087585","0.6459686160087585","0.12963341176509857","0.12963341176509857","0.12963341176509857","0.003350278362631798","0.003350278362631798","0.003350278362631798","0.023960184305906296","0.023960184305906296","0.023960184305906296","0.2318301796913147","0.2318301796913147","0.2318301796913147","0.015314340591430664","0.015314340591430664","0.015314340591430664","0.0349213182926178","0.0349213182926178","0.0349213182926178","","","","","",""
"7370","0.0006122998893260956","0.0006122998893260956","0.0006122998893260956","0.2776515483856201","0.2776515483856201","0.2776515483856201","0.38200169801712036","0.38200169801712036","0.38200169801712036","0.27716919779777527","0.27716919779777527","0.27716919779777527","0.021749716252088547","0.021749716252088547","0.021749716252088547","0.0030115507543087006","0.0030115507543087006","0.0030115507543087006","0.06011271849274635","0.06011271849274635","0.06011271849274635","0.04708331078290939","0.04708331078290939","0.04708331078290939","0.07244852930307388","0.07244852930307388","0.07244852930307388","","","","","",""
"7380","0.0001344289630651474","0.0001344289630651474","0.0001344289630651474","0.4853140413761139","0.4853140413761139","0.4853140413761139","0.4325639307498932","0.4325639307498932","0.4325639307498932","0.23134566843509674","0.23134566843509674","0.23134566843509674","0.05634775757789612","0.05634775757789612","0.05634775757789612","0.001758124679327011","0.001758124679327011","0.001758124679327011","0.07700200378894806","0.07700200378894806","0.07700200378894806","0.05958161875605583","0.05958161875605583","0.05958161875605583","0.08367293328046799","0.08367293328046799","0.08367293328046799","","","","","",""
"7390","0.03895176574587822","0.03895176574587822","0.03895176574587822","0.3697102665901184","0.3697102665901184","0.3697102665901184","0.6437979936599731","0.6437979936599731","0.6437979936599731","0.3766750991344452","0.3766750991344452","0.3766750991344452","0.031587742269039154","0.031587742269039154","0.031587742269039154","0.0034200269728899","0.0034200269728899","0.0034200269728899","0.07310716807842255","0.07310716807842255","0.07310716807842255","0.16343994438648224","0.16343994438648224","0.16343994438648224","0.05530313402414322","0.05530313402414322","0.05530313402414322","","","","","",""
"7400","0.003101637586951256","0.003101637586951256","0.003101637586951256","0.21710526943206787","0.21710526943206787","0.21710526943206787","0.33526813983917236","0.33526813983917236","0.33526813983917236","0.3320696949958801","0.3320696949958801","0.3320696949958801","0.0036195144057273865","0.0036195144057273865","0.0036195144057273865","0.011893870308995247","0.011893870308995247","0.011893870308995247","0.02933373861014843","0.02933373861014843","0.02933373861014843","0.1048639565706253","0.1048639565706253","0.1048639565706253","0.02382339909672737","0.02382339909672737","0.02382339909672737","","","","","",""
"7410","0.00007040239870548248","0.00007040239870548248","0.00007040239870548248","0.24338850378990173","0.24338850378990173","0.24338850378990173","0.6126173734664917","0.6126173734664917","0.6126173734664917","0.28634169697761536","0.28634169697761536","0.28634169697761536","0.050921402871608734","0.050921402871608734","0.050921402871608734","0.03883932903409004","0.03883932903409004","0.03883932903409004","0.0875348448753357","0.0875348448753357","0.0875348448753357","0.008555794134736061","0.008555794134736061","0.008555794134736061","0.06176082417368889","0.06176082417368889","0.06176082417368889","","","","","",""
"7420","0.07426896691322327","0.07426896691322327","0.07426896691322327","0.32357335090637207","0.32357335090637207","0.32357335090637207","0.9450534582138062","0.9450534582138062","0.9450534582138062","0.11755800247192383","0.11755800247192383","0.11755800247192383","0.010833192616701126","0.010833192616701126","0.010833192616701126","0.025247648358345032","0.025247648358345032","0.025247648358345032","0.10414687544107437","0.10414687544107437","0.10414687544107437","0.08888223767280579","0.08888223767280579","0.08888223767280579","0.006746269762516022","0.006746269762516022","0.006746269762516022","","","","","",""
"7430","0.06955388188362122","0.06955388188362122","0.06955388188362122","0.4420473873615265","0.4420473873615265","0.4420473873615265","0.500100314617157","0.500100314617157","0.500100314617157","0.3184601962566376","0.3184601962566376","0.3184601962566376","0.06787705421447754","0.06787705421447754","0.06787705421447754","0.0020040124654769897","0.0020040124654769897","0.0020040124654769897","0.06216176599264145","0.06216176599264145","0.06216176599264145","0.05662839114665985","0.05662839114665985","0.05662839114665985","0.0395020917057991","0.0395020917057991","0.0395020917057991","","","","","",""
"7440","0.00010820291936397552","0.00010820291936397552","0.00010820291936397552","0.24427442252635956","0.24427442252635956","0.24427442252635956","0.5995992422103882","0.5995992422103882","0.5995992422103882","0.20915649831295013","0.20915649831295013","0.20915649831295013","0.030200013890862465","0.030200013890862465","0.030200013890862465","0.0037041939795017242","0.0037041939795017242","0.0037041939795017242","0.05560104548931122","0.05560104548931122","0.05560104548931122","0.006126312538981438","0.006126312538981438","0.006126312538981438","0.07235655933618546","0.07235655933618546","0.07235655933618546","","","","","",""
"7450","0.00027425214648246765","0.00027425214648246765","0.00027425214648246765","0.20653477311134338","0.20653477311134338","0.20653477311134338","0.4658234119415283","0.4658234119415283","0.4658234119415283","0.17209187150001526","0.17209187150001526","0.17209187150001526","0.026183530688285828","0.026183530688285828","0.026183530688285828","0.010954752564430237","0.010954752564430237","0.010954752564430237","0.07484140247106552","0.07484140247106552","0.07484140247106552","0.14225591719150543","0.14225591719150543","0.14225591719150543","0.07781516015529633","0.07781516015529633","0.07781516015529633","","","","","",""
"7460","0.050449687987565994","0.050449687987565994","0.050449687987565994","0.5606955289840698","0.5606955289840698","0.5606955289840698","0.4872155785560608","0.4872155785560608","0.4872155785560608","0.35311901569366455","0.35311901569366455","0.35311901569366455","0.09664137661457062","0.09664137661457062","0.09664137661457062","0.07287967205047607","0.07287967205047607","0.07287967205047607","0.06369210034608841","0.06369210034608841","0.06369210034608841","0.007865272462368011","0.007865272462368011","0.007865272462368011","0.07808153331279755","0.07808153331279755","0.07808153331279755","","","","","",""
"7470","0.016757315024733543","0.016757315024733543","0.016757315024733543","0.4237869381904602","0.4237869381904602","0.4237869381904602","0.3939354419708252","0.3939354419708252","0.3939354419708252","0.3039587736129761","0.3039587736129761","0.3039587736129761","0.010546712204813957","0.010546712204813957","0.010546712204813957","0.009653136134147644","0.009653136134147644","0.009653136134147644","0.09549643844366074","0.09549643844366074","0.09549643844366074","0.04383492469787598","0.04383492469787598","0.04383492469787598","0.013048913329839706","0.013048913329839706","0.013048913329839706","","","","","",""
"7480","0.0003472808748483658","0.0003472808748483658","0.0003472808748483658","0.21706341207027435","0.21706341207027435","0.21706341207027435","0.4669666290283203","0.4669666290283203","0.4669666290283203","0.18510545790195465","0.18510545790195465","0.18510545790195465","0.006301868706941605","0.006301868706941605","0.006301868706941605","0.09734325110912323","0.09734325110912323","0.09734325110912323","0.10271082073450089","0.10271082073450089","0.10271082073450089","0.035681433975696564","0.035681433975696564","0.035681433975696564","0.02565416321158409","0.02565416321158409","0.02565416321158409","","","","","",""
"7490","0.0369291678071022","0.0369291678071022","0.0369291678071022","0.3480839431285858","0.3480839431285858","0.3480839431285858","0.5059987306594849","0.5059987306594849","0.5059987306594849","0.20513783395290375","0.20513783395290375","0.20513783395290375","0.07511179149150848","0.07511179149150848","0.07511179149150848","0.04389017075300217","0.04389017075300217","0.04389017075300217","0.2708341181278229","0.2708341181278229","0.2708341181278229","0.022548820823431015","0.022548820823431015","0.022548820823431015","0.07399038970470428","0.07399038970470428","0.07399038970470428","","","","","",""
"7500","0.0053595732897520065","0.0053595732897520065","0.0053595732897520065","0.0926540195941925","0.0926540195941925","0.0926540195941925","0.6509284377098083","0.6509284377098083","0.6509284377098083","0.22243016958236694","0.22243016958236694","0.22243016958236694","0.009034456685185432","0.009034456685185432","0.009034456685185432","0.001620585098862648","0.001620585098862648","0.001620585098862648","0.07422006875276566","0.07422006875276566","0.07422006875276566","0.11613033711910248","0.11613033711910248","0.11613033711910248","0.024517009034752846","0.024517009034752846","0.024517009034752846","","","","","",""
"7510","0.0031244084239006042","0.0031244084239006042","0.0031244084239006042","0.15793146193027496","0.15793146193027496","0.15793146193027496","0.4284152388572693","0.4284152388572693","0.4284152388572693","0.3753061294555664","0.3753061294555664","0.3753061294555664","0.03254178166389465","0.03254178166389465","0.03254178166389465","0.0019781719893217087","0.0019781719893217087","0.0019781719893217087","0.09946705400943756","0.09946705400943756","0.09946705400943756","0.06277839839458466","0.06277839839458466","0.06277839839458466","0.01172986626625061","0.01172986626625061","0.01172986626625061","","","","","",""
"7520","0.0017542578279972076","0.0017542578279972076","0.0017542578279972076","0.12642495334148407","0.12642495334148407","0.12642495334148407","0.5152246952056885","0.5152246952056885","0.5152246952056885","0.164148211479187","0.164148211479187","0.164148211479187","0.08585070073604584","0.08585070073604584","0.08585070073604584","0.008580472320318222","0.008580472320318222","0.008580472320318222","0.019288307055830956","0.019288307055830956","0.019288307055830956","0.018514113500714302","0.018514113500714302","0.018514113500714302","0.02554154582321644","0.02554154582321644","0.02554154582321644","","","","","",""
"7530","0.005755322054028511","0.005755322054028511","0.005755322054028511","0.32105547189712524","0.32105547189712524","0.32105547189712524","0.3843107223510742","0.3843107223510742","0.3843107223510742","0.2807110846042633","0.2807110846042633","0.2807110846042633","0.07539040595293045","0.07539040595293045","0.07539040595293045","0.006292043253779411","0.006292043253779411","0.006292043253779411","0.02749641053378582","0.02749641053378582","0.02749641053378582","0.06473937630653381","0.06473937630653381","0.06473937630653381","0.041160985827445984","0.041160985827445984","0.041160985827445984","","","","","",""
"7540","0.017352472990751266","0.017352472990751266","0.017352472990751266","0.31931665539741516","0.31931665539741516","0.31931665539741516","0.325164258480072","0.325164258480072","0.325164258480072","0.5330710411071777","0.5330710411071777","0.5330710411071777","0.05939006060361862","0.05939006060361862","0.05939006060361862","0.05547570437192917","0.05547570437192917","0.05547570437192917","0.11879421770572662","0.11879421770572662","0.11879421770572662","0.2597789168357849","0.2597789168357849","0.2597789168357849","0.06146692484617233","0.06146692484617233","0.06146692484617233","","","","","",""
"7550","0.00040011852979660034","0.00040011852979660034","0.00040011852979660034","0.10798637568950653","0.10798637568950653","0.10798637568950653","0.45502036809921265","0.45502036809921265","0.45502036809921265","0.07343708723783493","0.07343708723783493","0.07343708723783493","0.0024816524237394333","0.0024816524237394333","0.0024816524237394333","0.005921890959143639","0.005921890959143639","0.005921890959143639","0.026207493618130684","0.026207493618130684","0.026207493618130684","0.005168767645955086","0.005168767645955086","0.005168767645955086","0.1002153754234314","0.1002153754234314","0.1002153754234314","","","","","",""
"7560","0.0001235082745552063","0.0001235082745552063","0.0001235082745552063","0.3350347578525543","0.3350347578525543","0.3350347578525543","0.49504029750823975","0.49504029750823975","0.49504029750823975","0.2666551172733307","0.2666551172733307","0.2666551172733307","0.04876428842544556","0.04876428842544556","0.04876428842544556","0.00811665691435337","0.00811665691435337","0.00811665691435337","0.06410134583711624","0.06410134583711624","0.06410134583711624","0.056003641337156296","0.056003641337156296","0.056003641337156296","0.00818871334195137","0.00818871334195137","0.00818871334195137","","","","","",""
"7570","0.02368422970175743","0.02368422970175743","0.02368422970175743","0.3116626441478729","0.3116626441478729","0.3116626441478729","0.45934900641441345","0.45934900641441345","0.45934900641441345","0.2942677438259125","0.2942677438259125","0.2942677438259125","0.008775955066084862","0.008775955066084862","0.008775955066084862","0.0038779955357313156","0.0038779955357313156","0.0038779955357313156","0.06875501573085785","0.06875501573085785","0.06875501573085785","0.1329040825366974","0.1329040825366974","0.1329040825366974","0.03146703541278839","0.03146703541278839","0.03146703541278839","","","","","",""
"7580","0.00015303492546081543","0.00015303492546081543","0.00015303492546081543","0.27710601687431335","0.27710601687431335","0.27710601687431335","0.6550970077514648","0.6550970077514648","0.6550970077514648","0.28947535157203674","0.28947535157203674","0.28947535157203674","0.02106681652367115","0.02106681652367115","0.02106681652367115","0.01322421059012413","0.01322421059012413","0.01322421059012413","0.13988584280014038","0.13988584280014038","0.13988584280014038","0.02940615825355053","0.02940615825355053","0.02940615825355053","0.010378990322351456","0.010378990322351456","0.010378990322351456","","","","","",""
"7590","0.01409120298922062","0.01409120298922062","0.01409120298922062","0.17330791056156158","0.17330791056156158","0.17330791056156158","0.5474312901496887","0.5474312901496887","0.5474312901496887","0.158574178814888","0.158574178814888","0.158574178814888","0.03324226662516594","0.03324226662516594","0.03324226662516594","0.010114580392837524","0.010114580392837524","0.010114580392837524","0.06738762557506561","0.06738762557506561","0.06738762557506561","0.057036444544792175","0.057036444544792175","0.057036444544792175","0.006716201081871986","0.006716201081871986","0.006716201081871986","","","","","",""
"7600","0.00037334859371185303","0.00037334859371185303","0.00037334859371185303","0.11377448588609695","0.11377448588609695","0.11377448588609695","0.5876038074493408","0.5876038074493408","0.5876038074493408","0.3239787220954895","0.3239787220954895","0.3239787220954895","0.02607150562107563","0.02607150562107563","0.02607150562107563","0.011226572096347809","0.011226572096347809","0.011226572096347809","0.0628674179315567","0.0628674179315567","0.0628674179315567","0.06515094637870789","0.06515094637870789","0.06515094637870789","0.04662606120109558","0.04662606120109558","0.04662606120109558","","","","","",""
"7610","0.00032203085720539093","0.00032203085720539093","0.00032203085720539093","0.4077063202857971","0.4077063202857971","0.4077063202857971","0.4213044047355652","0.4213044047355652","0.4213044047355652","0.23150202631950378","0.23150202631950378","0.23150202631950378","0.038110874593257904","0.038110874593257904","0.038110874593257904","0.020213419571518898","0.020213419571518898","0.020213419571518898","0.06325681507587433","0.06325681507587433","0.06325681507587433","0.004383297637104988","0.004383297637104988","0.004383297637104988","0.006676707416772842","0.006676707416772842","0.006676707416772842","","","","","",""
"7620","0.00047880224883556366","0.00047880224883556366","0.00047880224883556366","0.23742519319057465","0.23742519319057465","0.23742519319057465","0.6863762140274048","0.6863762140274048","0.6863762140274048","0.16275498270988464","0.16275498270988464","0.16275498270988464","0.01226179488003254","0.01226179488003254","0.01226179488003254","0.0020497851073741913","0.0020497851073741913","0.0020497851073741913","0.2505605220794678","0.2505605220794678","0.2505605220794678","0.03897187113761902","0.03897187113761902","0.03897187113761902","0.004233548417687416","0.004233548417687416","0.004233548417687416","","","","","",""
"7630","0.00011621229350566864","0.00011621229350566864","0.00011621229350566864","0.4265199303627014","0.4265199303627014","0.4265199303627014","0.5407621264457703","0.5407621264457703","0.5407621264457703","0.21377819776535034","0.21377819776535034","0.21377819776535034","0.14275985956192017","0.14275985956192017","0.14275985956192017","0.004757707938551903","0.004757707938551903","0.004757707938551903","0.11346723884344101","0.11346723884344101","0.11346723884344101","0.008699620142579079","0.008699620142579079","0.008699620142579079","0.00781792402267456","0.00781792402267456","0.00781792402267456","","","","","",""
"7640","0.0000909995287656784","0.0000909995287656784","0.0000909995287656784","0.11229878664016724","0.11229878664016724","0.11229878664016724","0.6310866475105286","0.6310866475105286","0.6310866475105286","0.15554368495941162","0.15554368495941162","0.15554368495941162","0.03578631207346916","0.03578631207346916","0.03578631207346916","0.014938551932573318","0.014938551932573318","0.014938551932573318","0.03325710818171501","0.03325710818171501","0.03325710818171501","0.16148632764816284","0.16148632764816284","0.16148632764816284","0.03740663081407547","0.03740663081407547","0.03740663081407547","","","","","",""
"7650","0.0001351386308670044","0.0001351386308670044","0.0001351386308670044","0.23679311573505402","0.23679311573505402","0.23679311573505402","0.39387181401252747","0.39387181401252747","0.39387181401252747","0.2849102318286896","0.2849102318286896","0.2849102318286896","0.004471808671951294","0.004471808671951294","0.004471808671951294","0.020189115777611732","0.020189115777611732","0.020189115777611732","0.07763649523258209","0.07763649523258209","0.07763649523258209","0.00525948591530323","0.00525948591530323","0.00525948591530323","0.005649160593748093","0.005649160593748093","0.005649160593748093","","","","","",""
"7660","0.00017111003398895264","0.00017111003398895264","0.00017111003398895264","0.21416613459587097","0.21416613459587097","0.21416613459587097","0.5012496709823608","0.5012496709823608","0.5012496709823608","0.26594725251197815","0.26594725251197815","0.26594725251197815","0.04969984292984009","0.04969984292984009","0.04969984292984009","0.04905213415622711","0.04905213415622711","0.04905213415622711","0.07643230259418488","0.07643230259418488","0.07643230259418488","0.08322829008102417","0.08322829008102417","0.08322829008102417","0.04401089996099472","0.04401089996099472","0.04401089996099472","","","","","",""
"7670","0.0001654643565416336","0.0001654643565416336","0.0001654643565416336","0.18708272278308868","0.18708272278308868","0.18708272278308868","0.3586546778678894","0.3586546778678894","0.3586546778678894","0.2367168813943863","0.2367168813943863","0.2367168813943863","0.005170127376914024","0.005170127376914024","0.005170127376914024","0.017999151721596718","0.017999151721596718","0.017999151721596718","0.167246013879776","0.167246013879776","0.167246013879776","0.06785279512405396","0.06785279512405396","0.06785279512405396","0.006557455286383629","0.006557455286383629","0.006557455286383629","","","","","",""
"7680","0.005185728892683983","0.005185728892683983","0.005185728892683983","0.12064268440008163","0.12064268440008163","0.12064268440008163","0.4846172332763672","0.4846172332763672","0.4846172332763672","0.28098589181900024","0.28098589181900024","0.28098589181900024","0.05503253638744354","0.05503253638744354","0.05503253638744354","0.0013152267783880234","0.0013152267783880234","0.0013152267783880234","0.06783138960599899","0.06783138960599899","0.06783138960599899","0.05756010115146637","0.05756010115146637","0.05756010115146637","0.06906024366617203","0.06906024366617203","0.06906024366617203","","","","","",""
"7690","0.0007152743637561798","0.0007152743637561798","0.0007152743637561798","0.23567834496498108","0.23567834496498108","0.23567834496498108","0.46829286217689514","0.46829286217689514","0.46829286217689514","0.2030133754014969","0.2030133754014969","0.2030133754014969","0.005045393481850624","0.005045393481850624","0.005045393481850624","0.01697085238993168","0.01697085238993168","0.01697085238993168","0.1558312326669693","0.1558312326669693","0.1558312326669693","0.020038099959492683","0.020038099959492683","0.020038099959492683","0.01853128708899021","0.01853128708899021","0.01853128708899021","","","","","",""
"7700","0.0012179724872112274","0.0012179724872112274","0.0012179724872112274","0.4042012393474579","0.4042012393474579","0.4042012393474579","0.7008724212646484","0.7008724212646484","0.7008724212646484","0.13419240713119507","0.13419240713119507","0.13419240713119507","0.13287529349327087","0.13287529349327087","0.13287529349327087","0.048932306468486786","0.048932306468486786","0.048932306468486786","0.03265603631734848","0.03265603631734848","0.03265603631734848","0.13060829043388367","0.13060829043388367","0.13060829043388367","0.08875491470098495","0.08875491470098495","0.08875491470098495","","","","","",""
"7710","0.0005892254412174225","0.0005892254412174225","0.0005892254412174225","0.172949880361557","0.172949880361557","0.172949880361557","0.6041791439056396","0.6041791439056396","0.6041791439056396","0.12495443224906921","0.12495443224906921","0.12495443224906921","0.05021406710147858","0.05021406710147858","0.05021406710147858","0.004977293312549591","0.004977293312549591","0.004977293312549591","0.06250135600566864","0.06250135600566864","0.06250135600566864","0.04313274100422859","0.04313274100422859","0.04313274100422859","0.05559348687529564","0.05559348687529564","0.05559348687529564","","","","","",""
"7720","0.04777465760707855","0.04777465760707855","0.04777465760707855","0.5031557679176331","0.5031557679176331","0.5031557679176331","0.31997552514076233","0.31997552514076233","0.31997552514076233","0.15345452725887299","0.15345452725887299","0.15345452725887299","0.014201212674379349","0.014201212674379349","0.014201212674379349","0.009716393426060677","0.009716393426060677","0.009716393426060677","0.1284119188785553","0.1284119188785553","0.1284119188785553","0.061070360243320465","0.061070360243320465","0.061070360243320465","0.03674110770225525","0.03674110770225525","0.03674110770225525","","","","","",""
"7730","0.00040671415627002716","0.00040671415627002716","0.00040671415627002716","0.1390131264925003","0.1390131264925003","0.1390131264925003","0.4504600167274475","0.4504600167274475","0.4504600167274475","0.3865019381046295","0.3865019381046295","0.3865019381046295","0.008907563984394073","0.008907563984394073","0.008907563984394073","0.0019264966249465942","0.0019264966249465942","0.0019264966249465942","0.04956260323524475","0.04956260323524475","0.04956260323524475","0.06685324013233185","0.06685324013233185","0.06685324013233185","0.00645163469016552","0.00645163469016552","0.00645163469016552","","","","","",""
"7740","0.00012439489364624023","0.00012439489364624023","0.00012439489364624023","0.31394827365875244","0.31394827365875244","0.31394827365875244","0.46640923619270325","0.46640923619270325","0.46640923619270325","0.10254881531000137","0.10254881531000137","0.10254881531000137","0.029091598466038704","0.029091598466038704","0.029091598466038704","0.007897906005382538","0.007897906005382538","0.007897906005382538","0.05137568712234497","0.05137568712234497","0.05137568712234497","0.03221143037080765","0.03221143037080765","0.03221143037080765","0.030739806592464447","0.030739806592464447","0.030739806592464447","","","","","",""
"7750","0.00011759810149669647","0.00011759810149669647","0.00011759810149669647","0.28430306911468506","0.28430306911468506","0.28430306911468506","0.41256341338157654","0.41256341338157654","0.41256341338157654","0.3522999882698059","0.3522999882698059","0.3522999882698059","0.00419657863676548","0.00419657863676548","0.00419657863676548","0.03617752343416214","0.03617752343416214","0.03617752343416214","0.01418139785528183","0.01418139785528183","0.01418139785528183","0.1082688421010971","0.1082688421010971","0.1082688421010971","0.02297361008822918","0.02297361008822918","0.02297361008822918","","","","","",""
"7760","0.00132710300385952","0.00132710300385952","0.00132710300385952","0.1443542242050171","0.1443542242050171","0.1443542242050171","0.5329778790473938","0.5329778790473938","0.5329778790473938","0.31855008006095886","0.31855008006095886","0.31855008006095886","0.08222578465938568","0.08222578465938568","0.08222578465938568","0.0013645756989717484","0.0013645756989717484","0.0013645756989717484","0.05010759085416794","0.05010759085416794","0.05010759085416794","0.16135986149311066","0.16135986149311066","0.16135986149311066","0.053542546927928925","0.053542546927928925","0.053542546927928925","","","","","",""
"7770","0.01119445264339447","0.01119445264339447","0.01119445264339447","0.1931580901145935","0.1931580901145935","0.1931580901145935","0.5920572876930237","0.5920572876930237","0.5920572876930237","0.3697623312473297","0.3697623312473297","0.3697623312473297","0.015494979918003082","0.015494979918003082","0.015494979918003082","0.004110930487513542","0.004110930487513542","0.004110930487513542","0.10219164192676544","0.10219164192676544","0.10219164192676544","0.06778320670127869","0.06778320670127869","0.06778320670127869","0.028315600007772446","0.028315600007772446","0.028315600007772446","","","","","",""
"7780","0.0005051791667938232","0.0005051791667938232","0.0005051791667938232","0.5230961441993713","0.5230961441993713","0.5230961441993713","0.7553901672363281","0.7553901672363281","0.7553901672363281","0.17765995860099792","0.17765995860099792","0.17765995860099792","0.00510554201900959","0.00510554201900959","0.00510554201900959","0.0052475277334451675","0.0052475277334451675","0.0052475277334451675","0.06520126014947891","0.06520126014947891","0.06520126014947891","0.030589908361434937","0.030589908361434937","0.030589908361434937","0.026608755812048912","0.026608755812048912","0.026608755812048912","","","","","",""
"7790","0.003739992156624794","0.003739992156624794","0.003739992156624794","0.1059359684586525","0.1059359684586525","0.1059359684586525","0.5987684726715088","0.5987684726715088","0.5987684726715088","0.18391257524490356","0.18391257524490356","0.18391257524490356","0.019079891964793205","0.019079891964793205","0.019079891964793205","0.03201175481081009","0.03201175481081009","0.03201175481081009","0.05921676382422447","0.05921676382422447","0.05921676382422447","0.010653479024767876","0.010653479024767876","0.010653479024767876","0.04354974627494812","0.04354974627494812","0.04354974627494812","","","","","",""
"7800","0.0363168939948082","0.0363168939948082","0.0363168939948082","0.15212547779083252","0.15212547779083252","0.15212547779083252","0.3599775433540344","0.3599775433540344","0.3599775433540344","0.1473177969455719","0.1473177969455719","0.1473177969455719","0.055076517164707184","0.055076517164707184","0.055076517164707184","0.0008393358439207077","0.0008393358439207077","0.0008393358439207077","0.019137777388095856","0.019137777388095856","0.019137777388095856","0.045544564723968506","0.045544564723968506","0.045544564723968506","0.012881947681307793","0.012881947681307793","0.012881947681307793","","","","","",""
"7810","0.0001040436327457428","0.0001040436327457428","0.0001040436327457428","0.2233160436153412","0.2233160436153412","0.2233160436153412","0.5604390501976013","0.5604390501976013","0.5604390501976013","0.30505937337875366","0.30505937337875366","0.30505937337875366","0.01855843886733055","0.01855843886733055","0.01855843886733055","0.030722608789801598","0.030722608789801598","0.030722608789801598","0.07889809459447861","0.07889809459447861","0.07889809459447861","0.0085382629185915","0.0085382629185915","0.0085382629185915","0.009434208273887634","0.009434208273887634","0.009434208273887634","","","","","",""
"7820","0.0005788989365100861","0.0005788989365100861","0.0005788989365100861","0.29182878136634827","0.29182878136634827","0.29182878136634827","0.4958028495311737","0.4958028495311737","0.4958028495311737","0.1597452014684677","0.1597452014684677","0.1597452014684677","0.01792970672249794","0.01792970672249794","0.01792970672249794","0.004788242280483246","0.004788242280483246","0.004788242280483246","0.024225905537605286","0.024225905537605286","0.024225905537605286","0.13673526048660278","0.13673526048660278","0.13673526048660278","0.09401272982358932","0.09401272982358932","0.09401272982358932","","","","","",""
"7830","0.0009638865594752133","0.0009638865594752133","0.0009638865594752133","0.5158438682556152","0.5158438682556152","0.5158438682556152","0.4578467905521393","0.4578467905521393","0.4578467905521393","0.2707068920135498","0.2707068920135498","0.2707068920135498","0.058352045714855194","0.058352045714855194","0.058352045714855194","0.22631216049194336","0.22631216049194336","0.22631216049194336","0.03214597702026367","0.03214597702026367","0.03214597702026367","0.029684504494071007","0.029684504494071007","0.029684504494071007","0.009951290674507618","0.009951290674507618","0.009951290674507618","","","","","",""
"7840","0.011608093976974487","0.011608093976974487","0.011608093976974487","0.15046635270118713","0.15046635270118713","0.15046635270118713","0.3890398144721985","0.3890398144721985","0.3890398144721985","0.24945737421512604","0.24945737421512604","0.24945737421512604","0.014547817409038544","0.014547817409038544","0.014547817409038544","0.05059322342276573","0.05059322342276573","0.05059322342276573","0.017866067588329315","0.017866067588329315","0.017866067588329315","0.02487303875386715","0.02487303875386715","0.02487303875386715","0.013160599395632744","0.013160599395632744","0.013160599395632744","","","","","",""
"7850","0.00013042613863945007","0.00013042613863945007","0.00013042613863945007","0.14015865325927734","0.14015865325927734","0.14015865325927734","0.48479363322257996","0.48479363322257996","0.48479363322257996","0.13179294764995575","0.13179294764995575","0.13179294764995575","0.07165263593196869","0.07165263593196869","0.07165263593196869","0.036267444491386414","0.036267444491386414","0.036267444491386414","0.030602658167481422","0.030602658167481422","0.030602658167481422","0.01971515268087387","0.01971515268087387","0.01971515268087387","0.006756382063031197","0.006756382063031197","0.006756382063031197","","","","","",""
"7860","0.006794370710849762","0.006794370710849762","0.006794370710849762","0.40939566493034363","0.40939566493034363","0.40939566493034363","0.4688025712966919","0.4688025712966919","0.4688025712966919","0.25634828209877014","0.25634828209877014","0.25634828209877014","0.05725470930337906","0.05725470930337906","0.05725470930337906","0.0022780653089284897","0.0022780653089284897","0.0022780653089284897","0.008818617090582848","0.008818617090582848","0.008818617090582848","0.03901096433401108","0.03901096433401108","0.03901096433401108","0.0409645140171051","0.0409645140171051","0.0409645140171051","","","","","",""
"7870","0.0002096164971590042","0.0002096164971590042","0.0002096164971590042","0.27284538745880127","0.27284538745880127","0.27284538745880127","0.7179707288742065","0.7179707288742065","0.7179707288742065","0.08541995286941528","0.08541995286941528","0.08541995286941528","0.005199545994400978","0.005199545994400978","0.005199545994400978","0.05250229686498642","0.05250229686498642","0.05250229686498642","0.08730971068143845","0.08730971068143845","0.08730971068143845","0.02395813539624214","0.02395813539624214","0.02395813539624214","0.004096619784832001","0.004096619784832001","0.004096619784832001","","","","","",""
"7880","0.00022287853062152863","0.00022287853062152863","0.00022287853062152863","0.24531172215938568","0.24531172215938568","0.24531172215938568","0.5781013369560242","0.5781013369560242","0.5781013369560242","0.18629027903079987","0.18629027903079987","0.18629027903079987","0.02522558905184269","0.02522558905184269","0.02522558905184269","0.07978220283985138","0.07978220283985138","0.07978220283985138","0.0706169605255127","0.0706169605255127","0.0706169605255127","0.013604274019598961","0.013604274019598961","0.013604274019598961","0.008778952062129974","0.008778952062129974","0.008778952062129974","","","","","",""
"7890","0.001129133626818657","0.001129133626818657","0.001129133626818657","0.12094833701848984","0.12094833701848984","0.12094833701848984","0.47628721594810486","0.47628721594810486","0.47628721594810486","0.14986160397529602","0.14986160397529602","0.14986160397529602","0.020527997985482216","0.020527997985482216","0.020527997985482216","0.05533565953373909","0.05533565953373909","0.05533565953373909","0.03661663830280304","0.03661663830280304","0.03661663830280304","0.03482435643672943","0.03482435643672943","0.03482435643672943","0.010468902066349983","0.010468902066349983","0.010468902066349983","","","","","",""
"7900","0.00017856061458587646","0.00017856061458587646","0.00017856061458587646","0.1615252047777176","0.1615252047777176","0.1615252047777176","0.5323679447174072","0.5323679447174072","0.5323679447174072","0.1939215362071991","0.1939215362071991","0.1939215362071991","0.07529518008232117","0.07529518008232117","0.07529518008232117","0.0035591162741184235","0.0035591162741184235","0.0035591162741184235","0.10364198684692383","0.10364198684692383","0.10364198684692383","0.075919009745121","0.075919009745121","0.075919009745121","0.01487278938293457","0.01487278938293457","0.01487278938293457","","","","","",""
"7910","0.0004012901335954666","0.0004012901335954666","0.0004012901335954666","0.09009706974029541","0.09009706974029541","0.09009706974029541","0.37560921907424927","0.37560921907424927","0.37560921907424927","0.18381427228450775","0.18381427228450775","0.18381427228450775","0.006474180147051811","0.006474180147051811","0.006474180147051811","0.008110050112009048","0.008110050112009048","0.008110050112009048","0.04340829327702522","0.04340829327702522","0.04340829327702522","0.012993548065423965","0.012993548065423965","0.012993548065423965","0.005082756280899048","0.005082756280899048","0.005082756280899048","","","","","",""
"7920","0.010581213980913162","0.010581213980913162","0.010581213980913162","0.18571099638938904","0.18571099638938904","0.18571099638938904","0.2733462452888489","0.2733462452888489","0.2733462452888489","0.31081610918045044","0.31081610918045044","0.31081610918045044","0.010139159858226776","0.010139159858226776","0.010139159858226776","0.00425330363214016","0.00425330363214016","0.00425330363214016","0.06579652428627014","0.06579652428627014","0.06579652428627014","0.03056427650153637","0.03056427650153637","0.03056427650153637","0.01131478138267994","0.01131478138267994","0.01131478138267994","","","","","",""
"7930","0.005342552438378334","0.005342552438378334","0.005342552438378334","0.17400521039962769","0.17400521039962769","0.17400521039962769","0.6426739692687988","0.6426739692687988","0.6426739692687988","0.16209185123443604","0.16209185123443604","0.16209185123443604","0.009215766564011574","0.009215766564011574","0.009215766564011574","0.010944025591015816","0.010944025591015816","0.010944025591015816","0.04543780907988548","0.04543780907988548","0.04543780907988548","0.08152277022600174","0.08152277022600174","0.08152277022600174","0.012345800176262856","0.012345800176262856","0.012345800176262856","","","","","",""
"7940","0.0020613446831703186","0.0020613446831703186","0.0020613446831703186","0.21648269891738892","0.21648269891738892","0.21648269891738892","0.6900712251663208","0.6900712251663208","0.6900712251663208","0.1318587362766266","0.1318587362766266","0.1318587362766266","0.005495304241776466","0.005495304241776466","0.005495304241776466","0.007642559707164764","0.007642559707164764","0.007642559707164764","0.05429639667272568","0.05429639667272568","0.05429639667272568","0.02740292437374592","0.02740292437374592","0.02740292437374592","0.03523428738117218","0.03523428738117218","0.03523428738117218","","","","","",""
"7950","0.00015459582209587097","0.00015459582209587097","0.00015459582209587097","0.27817440032958984","0.27817440032958984","0.27817440032958984","0.5487765073776245","0.5487765073776245","0.5487765073776245","0.24695637822151184","0.24695637822151184","0.24695637822151184","0.014257367700338364","0.014257367700338364","0.014257367700338364","0.01353868655860424","0.01353868655860424","0.01353868655860424","0.041321802884340286","0.041321802884340286","0.041321802884340286","0.07425117492675781","0.07425117492675781","0.07425117492675781","0.010601868852972984","0.010601868852972984","0.010601868852972984","","","","","",""
"7960","0.00022652186453342438","0.00022652186453342438","0.00022652186453342438","0.276256263256073","0.276256263256073","0.276256263256073","0.3427159786224365","0.3427159786224365","0.3427159786224365","0.35228049755096436","0.35228049755096436","0.35228049755096436","0.058861926198005676","0.058861926198005676","0.058861926198005676","0.10409507155418396","0.10409507155418396","0.10409507155418396","0.06380987167358398","0.06380987167358398","0.06380987167358398","0.03948895260691643","0.03948895260691643","0.03948895260691643","0.018443312495946884","0.018443312495946884","0.018443312495946884","","","","","",""
"7970","0.0006694644689559937","0.0006694644689559937","0.0006694644689559937","0.1618848443031311","0.1618848443031311","0.1618848443031311","0.5659594535827637","0.5659594535827637","0.5659594535827637","0.22354824841022491","0.22354824841022491","0.22354824841022491","0.04091683030128479","0.04091683030128479","0.04091683030128479","0.006610020995140076","0.006610020995140076","0.006610020995140076","0.029323596507310867","0.029323596507310867","0.029323596507310867","0.004622794687747955","0.004622794687747955","0.004622794687747955","0.030502887442708015","0.030502887442708015","0.030502887442708015","","","","","",""
"7980","0.0023004133254289627","0.0023004133254289627","0.0023004133254289627","0.2973131537437439","0.2973131537437439","0.2973131537437439","0.4515724182128906","0.4515724182128906","0.4515724182128906","0.2789890170097351","0.2789890170097351","0.2789890170097351","0.06616517156362534","0.06616517156362534","0.06616517156362534","0.002322521060705185","0.002322521060705185","0.002322521060705185","0.01717308536171913","0.01717308536171913","0.01717308536171913","0.06799714267253876","0.06799714267253876","0.06799714267253876","0.006093982607126236","0.006093982607126236","0.006093982607126236","","","","","",""
"7990","0.00017435289919376373","0.00017435289919376373","0.00017435289919376373","0.3226202428340912","0.3226202428340912","0.3226202428340912","0.5963498950004578","0.5963498950004578","0.5963498950004578","0.14146196842193604","0.14146196842193604","0.14146196842193604","0.13570764660835266","0.13570764660835266","0.13570764660835266","0.004079705104231834","0.004079705104231834","0.004079705104231834","0.08115943521261215","0.08115943521261215","0.08115943521261215","0.07412209361791611","0.07412209361791611","0.07412209361791611","0.04164379462599754","0.04164379462599754","0.04164379462599754","","","","","",""
"8000","0.00005229935050010681","0.00005229935050010681","0.00005229935050010681","0.22756926715373993","0.22756926715373993","0.22756926715373993","0.5425137281417847","0.5425137281417847","0.5425137281417847","0.21436916291713715","0.21436916291713715","0.21436916291713715","0.011975347995758057","0.011975347995758057","0.011975347995758057","0.07803612947463989","0.07803612947463989","0.07803612947463989","0.016647377982735634","0.016647377982735634","0.016647377982735634","0.017755459994077682","0.017755459994077682","0.017755459994077682","0.007542984560132027","0.007542984560132027","0.007542984560132027","","","","","",""
"8010","0.00015961192548274994","0.00015961192548274994","0.00015961192548274994","0.34130558371543884","0.34130558371543884","0.34130558371543884","0.49875760078430176","0.49875760078430176","0.49875760078430176","0.1396363377571106","0.1396363377571106","0.1396363377571106","0.125300794839859","0.125300794839859","0.125300794839859","0.0009102281183004379","0.0009102281183004379","0.0009102281183004379","0.08798360824584961","0.08798360824584961","0.08798360824584961","0.02846568077802658","0.02846568077802658","0.02846568077802658","0.059618592262268066","0.059618592262268066","0.059618592262268066","","","","","",""
"8020","0.002443907782435417","0.002443907782435417","0.002443907782435417","0.16675637662410736","0.16675637662410736","0.16675637662410736","0.5797386169433594","0.5797386169433594","0.5797386169433594","0.31178322434425354","0.31178322434425354","0.31178322434425354","0.012269522994756699","0.012269522994756699","0.012269522994756699","0.013818437233567238","0.013818437233567238","0.013818437233567238","0.08783088624477386","0.08783088624477386","0.08783088624477386","0.01166301965713501","0.01166301965713501","0.01166301965713501","0.09768271446228027","0.09768271446228027","0.09768271446228027","","","","","",""
"8030","0.01496666669845581","0.01496666669845581","0.01496666669845581","0.23671868443489075","0.23671868443489075","0.23671868443489075","0.6237393617630005","0.6237393617630005","0.6237393617630005","0.25872594118118286","0.25872594118118286","0.25872594118118286","0.030161667615175247","0.030161667615175247","0.030161667615175247","0.006235737353563309","0.006235737353563309","0.006235737353563309","0.05250395089387894","0.05250395089387894","0.05250395089387894","0.017675669863820076","0.017675669863820076","0.017675669863820076","0.0072466712445020676","0.0072466712445020676","0.0072466712445020676","","","","","",""
"8040","0.0003380328416824341","0.0003380328416824341","0.0003380328416824341","0.214410662651062","0.214410662651062","0.214410662651062","0.6208568215370178","0.6208568215370178","0.6208568215370178","0.2385634332895279","0.2385634332895279","0.2385634332895279","0.011225953698158264","0.011225953698158264","0.011225953698158264","0.009242109954357147","0.009242109954357147","0.009242109954357147","0.04286442697048187","0.04286442697048187","0.04286442697048187","0.0651707649230957","0.0651707649230957","0.0651707649230957","0.0407368429005146","0.0407368429005146","0.0407368429005146","","","","","",""
"8050","0.060166530311107635","0.060166530311107635","0.060166530311107635","0.09244358539581299","0.09244358539581299","0.09244358539581299","0.5433329939842224","0.5433329939842224","0.5433329939842224","0.14404535293579102","0.14404535293579102","0.14404535293579102","0.02909100614488125","0.02909100614488125","0.02909100614488125","0.0027779247611761093","0.0027779247611761093","0.0027779247611761093","0.14980114996433258","0.14980114996433258","0.14980114996433258","0.230105921626091","0.230105921626091","0.230105921626091","0.10743898898363113","0.10743898898363113","0.10743898898363113","","","","","",""
"8060","0.00008567981421947479","0.00008567981421947479","0.00008567981421947479","0.1475139558315277","0.1475139558315277","0.1475139558315277","0.5655437111854553","0.5655437111854553","0.5655437111854553","0.24571816623210907","0.24571816623210907","0.24571816623210907","0.0008170604705810547","0.0008170604705810547","0.0008170604705810547","0.00443306565284729","0.00443306565284729","0.00443306565284729","0.03073359653353691","0.03073359653353691","0.03073359653353691","0.013829639181494713","0.013829639181494713","0.013829639181494713","0.03891410678625107","0.03891410678625107","0.03891410678625107","","","","","",""
"8070","0.0002500545233488083","0.0002500545233488083","0.0002500545233488083","0.23084017634391785","0.23084017634391785","0.23084017634391785","0.4327382743358612","0.4327382743358612","0.4327382743358612","0.44131070375442505","0.44131070375442505","0.44131070375442505","0.0036754310131073","0.0036754310131073","0.0036754310131073","0.054992660880088806","0.054992660880088806","0.054992660880088806","0.06274662911891937","0.06274662911891937","0.06274662911891937","0.03637824207544327","0.03637824207544327","0.03637824207544327","0.04271271824836731","0.04271271824836731","0.04271271824836731","","","","","",""
"8080","0.000325547531247139","0.000325547531247139","0.000325547531247139","0.21354952454566956","0.21354952454566956","0.21354952454566956","0.6541569232940674","0.6541569232940674","0.6541569232940674","0.13861128687858582","0.13861128687858582","0.13861128687858582","0.024225877597928047","0.024225877597928047","0.024225877597928047","0.0030418969690799713","0.0030418969690799713","0.0030418969690799713","0.07093659788370132","0.07093659788370132","0.07093659788370132","0.07810455560684204","0.07810455560684204","0.07810455560684204","0.011789115145802498","0.011789115145802498","0.011789115145802498","","","","","",""
"8090","0.0019208434969186783","0.0019208434969186783","0.0019208434969186783","0.2668378949165344","0.2668378949165344","0.2668378949165344","0.45125213265419006","0.45125213265419006","0.45125213265419006","0.32218119502067566","0.32218119502067566","0.32218119502067566","0.030518511310219765","0.030518511310219765","0.030518511310219765","0.026143601164221764","0.026143601164221764","0.026143601164221764","0.1484934538602829","0.1484934538602829","0.1484934538602829","0.009557727724313736","0.009557727724313736","0.009557727724313736","0.00221351720392704","0.00221351720392704","0.00221351720392704","","","","","",""
"8100","0.0010281205177307129","0.0010281205177307129","0.0010281205177307129","0.07236732542514801","0.07236732542514801","0.07236732542514801","0.5457773804664612","0.5457773804664612","0.5457773804664612","0.15496695041656494","0.15496695041656494","0.15496695041656494","0.01353471726179123","0.01353471726179123","0.01353471726179123","0.013483431190252304","0.013483431190252304","0.013483431190252304","0.09799947589635849","0.09799947589635849","0.09799947589635849","0.10334634780883789","0.10334634780883789","0.10334634780883789","0.030842896550893784","0.030842896550893784","0.030842896550893784","","","","","",""
"8110","0.00042030587792396545","0.00042030587792396545","0.00042030587792396545","0.20853330194950104","0.20853330194950104","0.20853330194950104","0.5718547105789185","0.5718547105789185","0.5718547105789185","0.228549525141716","0.228549525141716","0.228549525141716","0.005787333473563194","0.005787333473563194","0.005787333473563194","0.00465255044400692","0.00465255044400692","0.00465255044400692","0.12362232059240341","0.12362232059240341","0.12362232059240341","0.05354999750852585","0.05354999750852585","0.05354999750852585","0.04956129938364029","0.04956129938364029","0.04956129938364029","","","","","",""
"8120","0.001696751220151782","0.001696751220151782","0.001696751220151782","1.6657565832138062","1.6657565832138062","1.6657565832138062","0.8951005339622498","0.8951005339622498","0.8951005339622498","0.4717826843261719","0.4717826843261719","0.4717826843261719","0.22581151127815247","0.22581151127815247","0.22581151127815247","0.04441407322883606","0.04441407322883606","0.04441407322883606","0.07609106600284576","0.07609106600284576","0.07609106600284576","0.007945207878947258","0.007945207878947258","0.007945207878947258","0.08697275817394257","0.08697275817394257","0.08697275817394257","","","","","",""
"8130","0.000048257410526275635","0.000048257410526275635","0.000048257410526275635","0.20800553262233734","0.20800553262233734","0.20800553262233734","0.4350087642669678","0.4350087642669678","0.4350087642669678","0.15781690180301666","0.15781690180301666","0.15781690180301666","0.029977617785334587","0.029977617785334587","0.029977617785334587","0.0005058292299509048","0.0005058292299509048","0.0005058292299509048","0.1159617155790329","0.1159617155790329","0.1159617155790329","0.050849929451942444","0.050849929451942444","0.050849929451942444","0.03511163964867592","0.03511163964867592","0.03511163964867592","","","","","",""
"8140","0.004955960437655449","0.004955960437655449","0.004955960437655449","0.3233666718006134","0.3233666718006134","0.3233666718006134","0.4572521150112152","0.4572521150112152","0.4572521150112152","0.31729114055633545","0.31729114055633545","0.31729114055633545","0.015286717563867569","0.015286717563867569","0.015286717563867569","0.0009437967091798782","0.0009437967091798782","0.0009437967091798782","0.024251224473118782","0.024251224473118782","0.024251224473118782","0.012472542002797127","0.012472542002797127","0.012472542002797127","0.07732581347227097","0.07732581347227097","0.07732581347227097","","","","","",""
"8150","0.05428176745772362","0.05428176745772362","0.05428176745772362","0.13148602843284607","0.13148602843284607","0.13148602843284607","0.4319809377193451","0.4319809377193451","0.4319809377193451","0.31809478998184204","0.31809478998184204","0.31809478998184204","0.00905204564332962","0.00905204564332962","0.00905204564332962","0.0050229355692863464","0.0050229355692863464","0.0050229355692863464","0.03654132038354874","0.03654132038354874","0.03654132038354874","0.013353219255805016","0.013353219255805016","0.013353219255805016","0.02514362893998623","0.02514362893998623","0.02514362893998623","","","","","",""
"8160","0.0007207486778497696","0.0007207486778497696","0.0007207486778497696","0.2583296597003937","0.2583296597003937","0.2583296597003937","0.48063158988952637","0.48063158988952637","0.48063158988952637","0.3229188323020935","0.3229188323020935","0.3229188323020935","0.009041784331202507","0.009041784331202507","0.009041784331202507","0.010521484538912773","0.010521484538912773","0.010521484538912773","0.037250928580760956","0.037250928580760956","0.037250928580760956","0.06671236455440521","0.06671236455440521","0.06671236455440521","0.04627419263124466","0.04627419263124466","0.04627419263124466","","","","","",""
"8170","0.00038550980389118195","0.00038550980389118195","0.00038550980389118195","0.18406452238559723","0.18406452238559723","0.18406452238559723","0.4431661069393158","0.4431661069393158","0.4431661069393158","0.06999173760414124","0.06999173760414124","0.06999173760414124","0.06836843490600586","0.06836843490600586","0.06836843490600586","0.015043403953313828","0.015043403953313828","0.015043403953313828","0.049017876386642456","0.049017876386642456","0.049017876386642456","0.017358610406517982","0.017358610406517982","0.017358610406517982","0.024365462362766266","0.024365462362766266","0.024365462362766266","","","","","",""
"8180","0.001150127500295639","0.001150127500295639","0.001150127500295639","0.22134897112846375","0.22134897112846375","0.22134897112846375","0.5655282139778137","0.5655282139778137","0.5655282139778137","0.36647528409957886","0.36647528409957886","0.36647528409957886","0.002119520679116249","0.002119520679116249","0.002119520679116249","0.003215046599507332","0.003215046599507332","0.003215046599507332","0.03856200724840164","0.03856200724840164","0.03856200724840164","0.10814549028873444","0.10814549028873444","0.10814549028873444","0.04360739141702652","0.04360739141702652","0.04360739141702652","","","","","",""
"8190","0.006387704983353615","0.006387704983353615","0.006387704983353615","0.28010550141334534","0.28010550141334534","0.28010550141334534","0.5059368014335632","0.5059368014335632","0.5059368014335632","0.23036406934261322","0.23036406934261322","0.23036406934261322","0.019671719521284103","0.019671719521284103","0.019671719521284103","0.0007329359650611877","0.0007329359650611877","0.0007329359650611877","0.08208250254392624","0.08208250254392624","0.08208250254392624","0.031409431248903275","0.031409431248903275","0.031409431248903275","0.006620295345783234","0.006620295345783234","0.006620295345783234","","","","","",""
"8200","0.0002908911556005478","0.0002908911556005478","0.0002908911556005478","0.2339314967393875","0.2339314967393875","0.2339314967393875","0.4672802686691284","0.4672802686691284","0.4672802686691284","0.3895694315433502","0.3895694315433502","0.3895694315433502","0.03434937819838524","0.03434937819838524","0.03434937819838524","0.004213061183691025","0.004213061183691025","0.004213061183691025","0.04347669705748558","0.04347669705748558","0.04347669705748558","0.009908447042107582","0.009908447042107582","0.009908447042107582","0.026876743882894516","0.026876743882894516","0.026876743882894516","","","","","",""
"8210","0.04895756393671036","0.04895756393671036","0.04895756393671036","0.0868770033121109","0.0868770033121109","0.0868770033121109","0.5767620801925659","0.5767620801925659","0.5767620801925659","0.1703205704689026","0.1703205704689026","0.1703205704689026","0.008409479632973671","0.008409479632973671","0.008409479632973671","0.0007343366742134094","0.0007343366742134094","0.0007343366742134094","0.16512739658355713","0.16512739658355713","0.16512739658355713","0.0697418749332428","0.0697418749332428","0.0697418749332428","0.027004728093743324","0.027004728093743324","0.027004728093743324","","","","","",""
"8220","0.0002448931336402893","0.0002448931336402893","0.0002448931336402893","0.3550020158290863","0.3550020158290863","0.3550020158290863","0.519848644733429","0.519848644733429","0.519848644733429","0.17991331219673157","0.17991331219673157","0.17991331219673157","0.045381560921669006","0.045381560921669006","0.045381560921669006","0.08181610703468323","0.08181610703468323","0.08181610703468323","0.06050070375204086","0.06050070375204086","0.06050070375204086","0.10166233032941818","0.10166233032941818","0.10166233032941818","0.012405531480908394","0.012405531480908394","0.012405531480908394","","","","","",""
"8230","0.0007679760456085205","0.0007679760456085205","0.0007679760456085205","0.1722930371761322","0.1722930371761322","0.1722930371761322","0.49710720777511597","0.49710720777511597","0.49710720777511597","0.14889003336429596","0.14889003336429596","0.14889003336429596","0.0035405755043029785","0.0035405755043029785","0.0035405755043029785","0.010010719299316406","0.010010719299316406","0.010010719299316406","0.16415171325206757","0.16415171325206757","0.16415171325206757","0.06943470239639282","0.06943470239639282","0.06943470239639282","0.03559805452823639","0.03559805452823639","0.03559805452823639","","","","","",""
"8240","0.00012531131505966187","0.00012531131505966187","0.00012531131505966187","0.16406580805778503","0.16406580805778503","0.16406580805778503","0.5512979626655579","0.5512979626655579","0.5512979626655579","0.12391839176416397","0.12391839176416397","0.12391839176416397","0.007332473993301392","0.007332473993301392","0.007332473993301392","0.03287763521075249","0.03287763521075249","0.03287763521075249","0.027892081066966057","0.027892081066966057","0.027892081066966057","0.01476740650832653","0.01476740650832653","0.01476740650832653","0.00790616124868393","0.00790616124868393","0.00790616124868393","","","","","",""
"8250","0.0018368549644947052","0.0018368549644947052","0.0018368549644947052","0.23069918155670166","0.23069918155670166","0.23069918155670166","0.4400442838668823","0.4400442838668823","0.4400442838668823","0.12361012399196625","0.12361012399196625","0.12361012399196625","0.04205942153930664","0.04205942153930664","0.04205942153930664","0.03080032765865326","0.03080032765865326","0.03080032765865326","0.07670009136199951","0.07670009136199951","0.07670009136199951","0.04002346843481064","0.04002346843481064","0.04002346843481064","0.059630319476127625","0.059630319476127625","0.059630319476127625","","","","","",""
"8260","0.00032705068588256836","0.00032705068588256836","0.00032705068588256836","0.05852792039513588","0.05852792039513588","0.05852792039513588","0.43859803676605225","0.43859803676605225","0.43859803676605225","0.264861524105072","0.264861524105072","0.264861524105072","0.0040016695857048035","0.0040016695857048035","0.0040016695857048035","0.00716845877468586","0.00716845877468586","0.00716845877468586","0.01584572345018387","0.01584572345018387","0.01584572345018387","0.06518644094467163","0.06518644094467163","0.06518644094467163","0.010336734354496002","0.010336734354496002","0.010336734354496002","","","","","",""
"8270","0.0012834519147872925","0.0012834519147872925","0.0012834519147872925","0.14485156536102295","0.14485156536102295","0.14485156536102295","0.36528271436691284","0.36528271436691284","0.36528271436691284","0.20885567367076874","0.20885567367076874","0.20885567367076874","0.0561390221118927","0.0561390221118927","0.0561390221118927","0.016848327592015266","0.016848327592015266","0.016848327592015266","0.03248424828052521","0.03248424828052521","0.03248424828052521","0.054801952093839645","0.054801952093839645","0.054801952093839645","0.05681229382753372","0.05681229382753372","0.05681229382753372","","","","","",""
"8280","0.00011398829519748688","0.00011398829519748688","0.00011398829519748688","0.3409312665462494","0.3409312665462494","0.3409312665462494","0.39935025572776794","0.39935025572776794","0.39935025572776794","0.452627956867218","0.452627956867218","0.452627956867218","0.025870654731988907","0.025870654731988907","0.025870654731988907","0.0010152123868465424","0.0010152123868465424","0.0010152123868465424","0.024700729176402092","0.024700729176402092","0.024700729176402092","0.018958356231451035","0.018958356231451035","0.018958356231451035","0.00976666621863842","0.00976666621863842","0.00976666621863842","","","","","",""
"8290","0.0002659950405359268","0.0002659950405359268","0.0002659950405359268","0.21954554319381714","0.21954554319381714","0.21954554319381714","0.616535484790802","0.616535484790802","0.616535484790802","0.2585303485393524","0.2585303485393524","0.2585303485393524","0.030177947133779526","0.030177947133779526","0.030177947133779526","0.001878669485449791","0.001878669485449791","0.001878669485449791","0.060432493686676025","0.060432493686676025","0.060432493686676025","0.018702559173107147","0.018702559173107147","0.018702559173107147","0.020321045070886612","0.020321045070886612","0.020321045070886612","","","","","",""
"8300","0.00017538852989673615","0.00017538852989673615","0.00017538852989673615","0.2483264058828354","0.2483264058828354","0.2483264058828354","0.4244767725467682","0.4244767725467682","0.4244767725467682","0.06689390540122986","0.06689390540122986","0.06689390540122986","0.01873711124062538","0.01873711124062538","0.01873711124062538","0.0030400101095438004","0.0030400101095438004","0.0030400101095438004","0.060852549970149994","0.060852549970149994","0.060852549970149994","0.02324783429503441","0.02324783429503441","0.02324783429503441","0.041780292987823486","0.041780292987823486","0.041780292987823486","","","","","",""
"8310","0.0006211195141077042","0.0006211195141077042","0.0006211195141077042","0.3100496828556061","0.3100496828556061","0.3100496828556061","0.6230024099349976","0.6230024099349976","0.6230024099349976","0.29132315516471863","0.29132315516471863","0.29132315516471863","0.042351119220256805","0.042351119220256805","0.042351119220256805","0.0038675032556056976","0.0038675032556056976","0.0038675032556056976","0.0671805590391159","0.0671805590391159","0.0671805590391159","0.032252904027700424","0.032252904027700424","0.032252904027700424","0.019944436848163605","0.019944436848163605","0.019944436848163605","","","","","",""
"8320","0.0027808863669633865","0.0027808863669633865","0.0027808863669633865","0.3201928734779358","0.3201928734779358","0.3201928734779358","0.5343309044837952","0.5343309044837952","0.5343309044837952","0.3527265787124634","0.3527265787124634","0.3527265787124634","0.02040068805217743","0.02040068805217743","0.02040068805217743","0.005597047507762909","0.005597047507762909","0.005597047507762909","0.04372435808181763","0.04372435808181763","0.04372435808181763","0.02299337461590767","0.02299337461590767","0.02299337461590767","0.09691926091909409","0.09691926091909409","0.09691926091909409","","","","","",""
"8330","0.023531949147582054","0.023531949147582054","0.023531949147582054","0.18417567014694214","0.18417567014694214","0.18417567014694214","0.4549688696861267","0.4549688696861267","0.4549688696861267","0.4044650197029114","0.4044650197029114","0.4044650197029114","0.027721550315618515","0.027721550315618515","0.027721550315618515","0.020413896068930626","0.020413896068930626","0.020413896068930626","0.030380913987755775","0.030380913987755775","0.030380913987755775","0.021440541371703148","0.021440541371703148","0.021440541371703148","0.04740968346595764","0.04740968346595764","0.04740968346595764","","","","","",""
"8340","0.00011230818927288055","0.00011230818927288055","0.00011230818927288055","0.5409588813781738","0.5409588813781738","0.5409588813781738","0.5433740019798279","0.5433740019798279","0.5433740019798279","0.22149288654327393","0.22149288654327393","0.22149288654327393","0.12980541586875916","0.12980541586875916","0.12980541586875916","0.01422089897096157","0.01422089897096157","0.01422089897096157","0.08751839399337769","0.08751839399337769","0.08751839399337769","0.06183680519461632","0.06183680519461632","0.06183680519461632","0.11356993764638901","0.11356993764638901","0.11356993764638901","","","","","",""
"8350","0.00777055136859417","0.00777055136859417","0.00777055136859417","0.3599419891834259","0.3599419891834259","0.3599419891834259","0.41073185205459595","0.41073185205459595","0.41073185205459595","0.280418336391449","0.280418336391449","0.280418336391449","0.02152571827173233","0.02152571827173233","0.02152571827173233","0.019132180139422417","0.019132180139422417","0.019132180139422417","0.035629115998744965","0.035629115998744965","0.035629115998744965","0.0303158201277256","0.0303158201277256","0.0303158201277256","0.015075646340847015","0.015075646340847015","0.015075646340847015","","","","","",""
"8360","0.0005175434052944183","0.0005175434052944183","0.0005175434052944183","0.12191978096961975","0.12191978096961975","0.12191978096961975","0.5867090225219727","0.5867090225219727","0.5867090225219727","0.14856047928333282","0.14856047928333282","0.14856047928333282","0.06654727458953857","0.06654727458953857","0.06654727458953857","0.005238931626081467","0.005238931626081467","0.005238931626081467","0.04126051440834999","0.04126051440834999","0.04126051440834999","0.02495432086288929","0.02495432086288929","0.02495432086288929","0.0035228170454502106","0.0035228170454502106","0.0035228170454502106","","","","","",""
"8370","0.0025587156414985657","0.0025587156414985657","0.0025587156414985657","0.14437651634216309","0.14437651634216309","0.14437651634216309","0.6144146919250488","0.6144146919250488","0.6144146919250488","0.13767729699611664","0.13767729699611664","0.13767729699611664","0.011871002614498138","0.011871002614498138","0.011871002614498138","0.05884348601102829","0.05884348601102829","0.05884348601102829","0.0691744014620781","0.0691744014620781","0.0691744014620781","0.03439639136195183","0.03439639136195183","0.03439639136195183","0.06832809001207352","0.06832809001207352","0.06832809001207352","","","","","",""
"8380","0.00037792883813381195","0.00037792883813381195","0.00037792883813381195","0.17353183031082153","0.17353183031082153","0.17353183031082153","0.7126959562301636","0.7126959562301636","0.7126959562301636","0.13264265656471252","0.13264265656471252","0.13264265656471252","0.008775711059570312","0.008775711059570312","0.008775711059570312","0.020272955298423767","0.020272955298423767","0.020272955298423767","0.019879937171936035","0.019879937171936035","0.019879937171936035","0.04053054377436638","0.04053054377436638","0.04053054377436638","0.005331072956323624","0.005331072956323624","0.005331072956323624","","","","","",""
"8390","0.0011346787214279175","0.0011346787214279175","0.0011346787214279175","0.1786867082118988","0.1786867082118988","0.1786867082118988","0.5033467411994934","0.5033467411994934","0.5033467411994934","0.2641800343990326","0.2641800343990326","0.2641800343990326","0.031628988683223724","0.031628988683223724","0.031628988683223724","0.0024056993424892426","0.0024056993424892426","0.0024056993424892426","0.013268966227769852","0.013268966227769852","0.013268966227769852","0.07399506121873856","0.07399506121873856","0.07399506121873856","0.011310325935482979","0.011310325935482979","0.011310325935482979","","","","","",""
"8400","0.0008201729506254196","0.0008201729506254196","0.0008201729506254196","0.18557333946228027","0.18557333946228027","0.18557333946228027","0.5516078472137451","0.5516078472137451","0.5516078472137451","0.41867920756340027","0.41867920756340027","0.41867920756340027","0.005892468616366386","0.005892468616366386","0.005892468616366386","0.01989072561264038","0.01989072561264038","0.01989072561264038","0.03122801147401333","0.03122801147401333","0.03122801147401333","0.1283566653728485","0.1283566653728485","0.1283566653728485","0.003231663256883621","0.003231663256883621","0.003231663256883621","","","","","",""
"8410","0.013908232562243938","0.013908232562243938","0.013908232562243938","0.286113440990448","0.286113440990448","0.286113440990448","0.3670443594455719","0.3670443594455719","0.3670443594455719","0.48725542426109314","0.48725542426109314","0.48725542426109314","0.11072113364934921","0.11072113364934921","0.11072113364934921","0.1776387095451355","0.1776387095451355","0.1776387095451355","0.20422689616680145","0.20422689616680145","0.20422689616680145","0.17182978987693787","0.17182978987693787","0.17182978987693787","0.5680179595947266","0.5680179595947266","0.5680179595947266","","","","","",""
"8420","0.00010029971599578857","0.00010029971599578857","0.00010029971599578857","0.3314838111400604","0.3314838111400604","0.3314838111400604","0.4747025966644287","0.4747025966644287","0.4747025966644287","0.3270285427570343","0.3270285427570343","0.3270285427570343","0.048655640333890915","0.048655640333890915","0.048655640333890915","0.02870885096490383","0.02870885096490383","0.02870885096490383","0.046727828681468964","0.046727828681468964","0.046727828681468964","0.08679864555597305","0.08679864555597305","0.08679864555597305","0.0178375244140625","0.0178375244140625","0.0178375244140625","","","","","",""
"8430","0.00006899051368236542","0.00006899051368236542","0.00006899051368236542","0.1490003764629364","0.1490003764629364","0.1490003764629364","0.48761308193206787","0.48761308193206787","0.48761308193206787","0.12833434343338013","0.12833434343338013","0.12833434343338013","0.00326654314994812","0.00326654314994812","0.00326654314994812","0.0025321301072835922","0.0025321301072835922","0.0025321301072835922","0.05813544988632202","0.05813544988632202","0.05813544988632202","0.01408633217215538","0.01408633217215538","0.01408633217215538","0.012662701308727264","0.012662701308727264","0.012662701308727264","","","","","",""
"8440","0.033916130661964417","0.033916130661964417","0.033916130661964417","0.10905171185731888","0.10905171185731888","0.10905171185731888","0.370172917842865","0.370172917842865","0.370172917842865","0.10790479183197021","0.10790479183197021","0.10790479183197021","0.06170099973678589","0.06170099973678589","0.06170099973678589","0.007981231436133385","0.007981231436133385","0.007981231436133385","0.13814905285835266","0.13814905285835266","0.13814905285835266","0.027804359793663025","0.027804359793663025","0.027804359793663025","0.018243875354528427","0.018243875354528427","0.018243875354528427","","","","","",""
"8450","0.04766496270895004","0.04766496270895004","0.04766496270895004","0.08906415104866028","0.08906415104866028","0.08906415104866028","0.619042158126831","0.619042158126831","0.619042158126831","0.21337157487869263","0.21337157487869263","0.21337157487869263","0.0049736034125089645","0.0049736034125089645","0.0049736034125089645","0.0033118724822998047","0.0033118724822998047","0.0033118724822998047","0.04462099075317383","0.04462099075317383","0.04462099075317383","0.08183138072490692","0.08183138072490692","0.08183138072490692","0.0464446097612381","0.0464446097612381","0.0464446097612381","","","","","",""
"8460","0.00008730217814445496","0.00008730217814445496","0.00008730217814445496","0.42477166652679443","0.42477166652679443","0.42477166652679443","0.4156914949417114","0.4156914949417114","0.4156914949417114","0.34462153911590576","0.34462153911590576","0.34462153911590576","0.05704066529870033","0.05704066529870033","0.05704066529870033","0.05473759397864342","0.05473759397864342","0.05473759397864342","0.07377950847148895","0.07377950847148895","0.07377950847148895","0.014335490763187408","0.014335490763187408","0.014335490763187408","0.01388411782681942","0.01388411782681942","0.01388411782681942","","","","","",""
"8470","0.004089508205652237","0.004089508205652237","0.004089508205652237","0.21732887625694275","0.21732887625694275","0.21732887625694275","0.40486618876457214","0.40486618876457214","0.40486618876457214","0.2838635742664337","0.2838635742664337","0.2838635742664337","0.11438064277172089","0.11438064277172089","0.11438064277172089","0.04626217857003212","0.04626217857003212","0.04626217857003212","0.09556828439235687","0.09556828439235687","0.09556828439235687","0.022014880552887917","0.022014880552887917","0.022014880552887917","0.015409383922815323","0.015409383922815323","0.015409383922815323","","","","","",""
"8480","0.00013727322220802307","0.00013727322220802307","0.00013727322220802307","0.14285574853420258","0.14285574853420258","0.14285574853420258","0.6545358896255493","0.6545358896255493","0.6545358896255493","0.21648922562599182","0.21648922562599182","0.21648922562599182","0.07980064302682877","0.07980064302682877","0.07980064302682877","0.08725720643997192","0.08725720643997192","0.08725720643997192","0.039154037833213806","0.039154037833213806","0.039154037833213806","0.03482683748006821","0.03482683748006821","0.03482683748006821","0.007472287863492966","0.007472287863492966","0.007472287863492966","","","","","",""
"8490","0.000865597277879715","0.000865597277879715","0.000865597277879715","0.1735544055700302","0.1735544055700302","0.1735544055700302","0.62704998254776","0.62704998254776","0.62704998254776","0.2360917627811432","0.2360917627811432","0.2360917627811432","0.035619013011455536","0.035619013011455536","0.035619013011455536","0.001561921089887619","0.001561921089887619","0.001561921089887619","0.010145079344511032","0.010145079344511032","0.010145079344511032","0.016259105876088142","0.016259105876088142","0.016259105876088142","0.009123638272285461","0.009123638272285461","0.009123638272285461","","","","","",""
"8500","0.00022965297102928162","0.00022965297102928162","0.00022965297102928162","0.11973174661397934","0.11973174661397934","0.11973174661397934","0.5615538954734802","0.5615538954734802","0.5615538954734802","0.18138167262077332","0.18138167262077332","0.18138167262077332","0.002176644280552864","0.002176644280552864","0.002176644280552864","0.00888586975634098","0.00888586975634098","0.00888586975634098","0.06367458403110504","0.06367458403110504","0.06367458403110504","0.012777252122759819","0.012777252122759819","0.012777252122759819","0.02410072833299637","0.02410072833299637","0.02410072833299637","","","","","",""
"8510","0.0007571913301944733","0.0007571913301944733","0.0007571913301944733","0.11393715441226959","0.11393715441226959","0.11393715441226959","0.6893798112869263","0.6893798112869263","0.6893798112869263","0.1585243046283722","0.1585243046283722","0.1585243046283722","0.05108807235956192","0.05108807235956192","0.05108807235956192","0.0241270549595356","0.0241270549595356","0.0241270549595356","0.05041778087615967","0.05041778087615967","0.05041778087615967","0.02875787392258644","0.02875787392258644","0.02875787392258644","0.013900458812713623","0.013900458812713623","0.013900458812713623","","","","","",""
"8520","0.00025461986660957336","0.00025461986660957336","0.00025461986660957336","0.12970951199531555","0.12970951199531555","0.12970951199531555","0.5292790532112122","0.5292790532112122","0.5292790532112122","0.11584313213825226","0.11584313213825226","0.11584313213825226","0.008013207465410233","0.008013207465410233","0.008013207465410233","0.02454250119626522","0.02454250119626522","0.02454250119626522","0.17152035236358643","0.17152035236358643","0.17152035236358643","0.02650603838264942","0.02650603838264942","0.02650603838264942","0.015364786610007286","0.015364786610007286","0.015364786610007286","","","","","",""
"8530","0.006355611607432365","0.006355611607432365","0.006355611607432365","0.1462593525648117","0.1462593525648117","0.1462593525648117","0.5213724970817566","0.5213724970817566","0.5213724970817566","0.24066007137298584","0.24066007137298584","0.24066007137298584","0.015100236982107162","0.015100236982107162","0.015100236982107162","0.011991351842880249","0.011991351842880249","0.011991351842880249","0.030977845191955566","0.030977845191955566","0.030977845191955566","0.06824065744876862","0.06824065744876862","0.06824065744876862","0.044094037264585495","0.044094037264585495","0.044094037264585495","","","","","",""
"8540","0.001307416707277298","0.001307416707277298","0.001307416707277298","0.21129892766475677","0.21129892766475677","0.21129892766475677","0.5733057260513306","0.5733057260513306","0.5733057260513306","0.2402675300836563","0.2402675300836563","0.2402675300836563","0.010019293054938316","0.010019293054938316","0.010019293054938316","0.003654688596725464","0.003654688596725464","0.003654688596725464","0.052766941487789154","0.052766941487789154","0.052766941487789154","0.0680626630783081","0.0680626630783081","0.0680626630783081","0.07879216223955154","0.07879216223955154","0.07879216223955154","","","","","",""
"8550","0.001252632588148117","0.001252632588148117","0.001252632588148117","0.17397010326385498","0.17397010326385498","0.17397010326385498","0.49059727787971497","0.49059727787971497","0.49059727787971497","0.31027841567993164","0.31027841567993164","0.31027841567993164","0.03682585805654526","0.03682585805654526","0.03682585805654526","0.001533854752779007","0.001533854752779007","0.001533854752779007","0.03321537747979164","0.03321537747979164","0.03321537747979164","0.027647312730550766","0.027647312730550766","0.027647312730550766","0.009957903996109962","0.009957903996109962","0.009957903996109962","","","","","",""
"8560","0.005033878609538078","0.005033878609538078","0.005033878609538078","0.21288983523845673","0.21288983523845673","0.21288983523845673","0.44308292865753174","0.44308292865753174","0.44308292865753174","0.23587802052497864","0.23587802052497864","0.23587802052497864","0.00941220112144947","0.00941220112144947","0.00941220112144947","0.0036566462367773056","0.0036566462367773056","0.0036566462367773056","0.02549760416150093","0.02549760416150093","0.02549760416150093","0.043387580662965775","0.043387580662965775","0.043387580662965775","0.03210831433534622","0.03210831433534622","0.03210831433534622","","","","","",""
"8570","0.004996621981263161","0.004996621981263161","0.004996621981263161","0.17120730876922607","0.17120730876922607","0.17120730876922607","0.3733052909374237","0.3733052909374237","0.3733052909374237","0.18598002195358276","0.18598002195358276","0.18598002195358276","0.028163528069853783","0.028163528069853783","0.028163528069853783","0.013431651517748833","0.013431651517748833","0.013431651517748833","0.02704315446317196","0.02704315446317196","0.02704315446317196","0.04115413501858711","0.04115413501858711","0.04115413501858711","0.0166778601706028","0.0166778601706028","0.0166778601706028","","","","","",""
"8580","0.00024371594190597534","0.00024371594190597534","0.00024371594190597534","0.188778355717659","0.188778355717659","0.188778355717659","0.5921770334243774","0.5921770334243774","0.5921770334243774","0.12638261914253235","0.12638261914253235","0.12638261914253235","0.00972079485654831","0.00972079485654831","0.00972079485654831","0.025001153349876404","0.025001153349876404","0.025001153349876404","0.018351182341575623","0.018351182341575623","0.018351182341575623","0.01550275832414627","0.01550275832414627","0.01550275832414627","0.03372160345315933","0.03372160345315933","0.03372160345315933","","","","","",""
"8590","0.00010510534048080444","0.00010510534048080444","0.00010510534048080444","0.2026185393333435","0.2026185393333435","0.2026185393333435","0.3522219657897949","0.3522219657897949","0.3522219657897949","0.18014831840991974","0.18014831840991974","0.18014831840991974","0.0031467247754335403","0.0031467247754335403","0.0031467247754335403","0.005716925486922264","0.005716925486922264","0.005716925486922264","0.0692901536822319","0.0692901536822319","0.0692901536822319","0.02806226722896099","0.02806226722896099","0.02806226722896099","0.007035421207547188","0.007035421207547188","0.007035421207547188","","","","","",""
"8600","0.001806037500500679","0.001806037500500679","0.001806037500500679","0.09815174341201782","0.09815174341201782","0.09815174341201782","0.48259997367858887","0.48259997367858887","0.48259997367858887","0.08945220708847046","0.08945220708847046","0.08945220708847046","0.006933579221367836","0.006933579221367836","0.006933579221367836","0.0008311513811349869","0.0008311513811349869","0.0008311513811349869","0.030748795717954636","0.030748795717954636","0.030748795717954636","0.07869566231966019","0.07869566231966019","0.07869566231966019","0.0690440833568573","0.0690440833568573","0.0690440833568573","","","","","",""
"8610","0.012724101543426514","0.012724101543426514","0.012724101543426514","0.3640739619731903","0.3640739619731903","0.3640739619731903","0.5474278926849365","0.5474278926849365","0.5474278926849365","0.18124479055404663","0.18124479055404663","0.18124479055404663","0.11709162592887878","0.11709162592887878","0.11709162592887878","0.005475381389260292","0.005475381389260292","0.005475381389260292","0.11031793057918549","0.11031793057918549","0.11031793057918549","0.034667834639549255","0.034667834639549255","0.034667834639549255","0.007183505222201347","0.007183505222201347","0.007183505222201347","","","","","",""
"8620","0.00021148845553398132","0.00021148845553398132","0.00021148845553398132","0.19526086747646332","0.19526086747646332","0.19526086747646332","0.39064496755599976","0.39064496755599976","0.39064496755599976","0.06730082631111145","0.06730082631111145","0.06730082631111145","0.01901598460972309","0.01901598460972309","0.01901598460972309","0.0014169011265039444","0.0014169011265039444","0.0014169011265039444","0.035846102982759476","0.035846102982759476","0.035846102982759476","0.09564220905303955","0.09564220905303955","0.09564220905303955","0.016486195847392082","0.016486195847392082","0.016486195847392082","","","","","",""
"8630","0.0007498208433389664","0.0007498208433389664","0.0007498208433389664","0.24486143887043","0.24486143887043","0.24486143887043","0.577129065990448","0.577129065990448","0.577129065990448","0.5506998300552368","0.5506998300552368","0.5506998300552368","0.06085151061415672","0.06085151061415672","0.06085151061415672","0.0005227327346801758","0.0005227327346801758","0.0005227327346801758","0.06988756358623505","0.06988756358623505","0.06988756358623505","0.048603661358356476","0.048603661358356476","0.048603661358356476","0.07844206690788269","0.07844206690788269","0.07844206690788269","","","","","",""
"8640","0.00008502602577209473","0.00008502602577209473","0.00008502602577209473","0.12181983143091202","0.12181983143091202","0.12181983143091202","0.38571763038635254","0.38571763038635254","0.38571763038635254","0.13434648513793945","0.13434648513793945","0.13434648513793945","0.014673717319965363","0.014673717319965363","0.014673717319965363","0.0011921729892492294","0.0011921729892492294","0.0011921729892492294","0.10124702751636505","0.10124702751636505","0.10124702751636505","0.05429519712924957","0.05429519712924957","0.05429519712924957","0.009240316227078438","0.009240316227078438","0.009240316227078438","","","","","",""
"8650","0.0002114996314048767","0.0002114996314048767","0.0002114996314048767","0.2977139353752136","0.2977139353752136","0.2977139353752136","0.42156749963760376","0.42156749963760376","0.42156749963760376","0.23370380699634552","0.23370380699634552","0.23370380699634552","0.048049814999103546","0.048049814999103546","0.048049814999103546","0.006262203678488731","0.006262203678488731","0.006262203678488731","0.10456158965826035","0.10456158965826035","0.10456158965826035","0.010423751547932625","0.010423751547932625","0.010423751547932625","0.01722658984363079","0.01722658984363079","0.01722658984363079","","","","","",""
"8660","0.011109430342912674","0.011109430342912674","0.011109430342912674","0.12890757620334625","0.12890757620334625","0.12890757620334625","0.4824894666671753","0.4824894666671753","0.4824894666671753","0.17036305367946625","0.17036305367946625","0.17036305367946625","0.1433504968881607","0.1433504968881607","0.1433504968881607","0.0024012457579374313","0.0024012457579374313","0.0024012457579374313","0.1299118548631668","0.1299118548631668","0.1299118548631668","0.06753624975681305","0.06753624975681305","0.06753624975681305","0.10059750080108643","0.10059750080108643","0.10059750080108643","","","","","",""
"8670","0.0002789255231618881","0.0002789255231618881","0.0002789255231618881","0.21583497524261475","0.21583497524261475","0.21583497524261475","0.36426928639411926","0.36426928639411926","0.36426928639411926","0.2688736021518707","0.2688736021518707","0.2688736021518707","0.009090149775147438","0.009090149775147438","0.009090149775147438","0.08525284379720688","0.08525284379720688","0.08525284379720688","0.0942312553524971","0.0942312553524971","0.0942312553524971","0.14321789145469666","0.14321789145469666","0.14321789145469666","0.050705596804618835","0.050705596804618835","0.050705596804618835","","","","","",""
"8680","0.00021937675774097443","0.00021937675774097443","0.00021937675774097443","0.13540589809417725","0.13540589809417725","0.13540589809417725","0.5455193519592285","0.5455193519592285","0.5455193519592285","0.15737493336200714","0.15737493336200714","0.15737493336200714","0.04998539388179779","0.04998539388179779","0.04998539388179779","0.01665719971060753","0.01665719971060753","0.01665719971060753","0.0496852807700634","0.0496852807700634","0.0496852807700634","0.009778529405593872","0.009778529405593872","0.009778529405593872","0.009819947183132172","0.009819947183132172","0.009819947183132172","","","","","",""
"8690","0.00006348080933094025","0.00006348080933094025","0.00006348080933094025","0.17324090003967285","0.17324090003967285","0.17324090003967285","0.6017800569534302","0.6017800569534302","0.6017800569534302","0.2816496193408966","0.2816496193408966","0.2816496193408966","0.0031313207000494003","0.0031313207000494003","0.0031313207000494003","0.00658075325191021","0.00658075325191021","0.00658075325191021","0.057273026555776596","0.057273026555776596","0.057273026555776596","0.012127736583352089","0.012127736583352089","0.012127736583352089","0.006879014894366264","0.006879014894366264","0.006879014894366264","","","","","",""
"8700","0.0019164936384186149","0.0019164936384186149","0.0019164936384186149","0.18344762921333313","0.18344762921333313","0.18344762921333313","0.8432620763778687","0.8432620763778687","0.8432620763778687","0.13183973729610443","0.13183973729610443","0.13183973729610443","0.2607673704624176","0.2607673704624176","0.2607673704624176","0.0017505373107269406","0.0017505373107269406","0.0017505373107269406","0.12484017014503479","0.12484017014503479","0.12484017014503479","0.05552932247519493","0.05552932247519493","0.05552932247519493","0.19162064790725708","0.19162064790725708","0.19162064790725708","","","","","",""